"-5DifC-lAFioAD_DLVgTMQ"	0.39171479645929935
"-73xAVllMh_O2nEAcGtbvQ"	0.5040319779807632
"-9CvNuJ35elp7YwIy4xHDw"	0.4549686143313159
"-9yG5SmYxH8BLg4bML8VQg"	0.5083131375080429
"-D9NFU_SZpp5J7VCSsPp1Q"	0.36259478349537144
"-IoO4qZCdIQNgj2vCt9hqA"	0.5264206019695361
"-R_dMb9Z1eBv_FlYZrrKbw"	0.35445847697545557
"-jZ1TrvY56HFqmxjbpcU2A"	0.27259007404769087
"-mst4KdHEmeF3Qm0Xfouhw"	0.5204086764442247
"-pV9kWNoA9vyHfM_auYecA"	0.4809113616163759
"-rLP6lfoQmOO_5Pf2bTkqg"	0.35710614274358815
"-rg5vXpJgqB23FOQJuqMeg"	0.4434786092738748
"-uMpSkdN39sz9MbjkauVTQ"	0.4486598857954846
"-y8Nz-elBXkUYoIoc9AADg"	0.3219555137397899
"07pQy9z_UNDihUdwrJfjyQ"	0.023305138956089485
"0ETtpZSd6f7q_-o-7gutPg"	0.46834482225621027
"0Rhr6lMMv6SyBgENN6h9Bg"	0.5164428262886
"0SECDod-_lEXcWezbwUxzw"	0.49974744016591094
"0au_HRvOYfhQyvdvjZdzUg"	0.18454306231943646
"0qh5uSAUDcVzC6hoPsAPvA"	0.4587624428962033
"0vyh1UE4HH8ayZtXNxIfeQ"	0.5296363448269772
"0zxn5cFZaH3F_0UsiI0SjQ"	0.3574847054196855
"1-wuGggkiX5rGS6e2qTP7Q"	0.4763902511059734
"15LVDu1_v97JEx-g97wnfA"	0.28237138781611376
"15LjiMzeVbTpQgaFBWO32A"	0.43305566772025383
"162qe4ekI6ylZg_EYp3MPQ"	0.423289527175419
"1AbuJiCPu-mOJUPjQIpuLw"	0.1554970275945141
"1BQzXcXFxR6MlVIYmG93kw"	0.3242842444067674
"1GGLx6k4SgM-MykB5TTiJg"	0.2801587435770075
"1No65MMinOXLxgEtqpV3vg"	0.31591299182060156
"1Os0g2rh6I50ZIXEZSaNkA"	0.46968218550756713
"1PUPTbQRums97s6yfTnA5A"	0.27536528756255524
"1ZkcNwQpIESg8LuAHzye6Q"	0.3839673248438619
"1a3Pkkwb7yB_vmxgKwmqXw"	0.39869679493590965
"1bYtt80iwckHNPJyIl4qQg"	0.5024169530016984
"1k3toqehw9_rOdLjsoZh-Q"	0.274164142454211
"1lujZNJqP5s966L0PRmRrg"	0.23966182067324246
"1pOqoAixFXrVci0kSZnbzQ"	0.22008023722860237
"1qVF1_pSuk88hrTek6bPeg"	0.19340290176321281
"1qVtBw0UIcWGGUQXWjMgug"	0.35393533919600406
"1ru9ZnIcSXKtD-jQoxLzNg"	0.5114888987844848
"1ti16CM6jlDt66P5PDqyUg"	0.6182886463216153
"2-LcaW9vRqBLKe-5Y6ljVA"	0.30159992465260776
"2-su3xdxOvyF0_2GZN4FLw"	0.46371819148457344
"20mdLT6sAriyKs9oNouDDA"	0.49132981304807993
"22SabxkOHG2gD4VuVlQR5Q"	0.4777517447943138
"24fW-8hK0hs5KvEYWwWNDw"	0.3948818552278322
"29iErFPoWBTbIVPpp9qSyg"	0.40567084152402755
"2C5nGjdzF0zMWvD9iVma0g"	0.4074209394685101
"2Cmpz9lgr-wfOLAwgUf79g"	0.3251102755440551
"2NnoviDIh_GjWZI3srr99A"	0.20586762651042076
"2Y1zM4OuV_eB4KxZO3LxSw"	0.2354221446295109
"2YlUn3s132hNq5ueGeIiJg"	0.24739944353585125
"2cetuQgbP1Bnzm-uMRlocQ"	0.25501401075642594
"2hGAmn6CJKT-Q1deaEBtGw"	0.5228578385549946
"2j3sESWDU_hW9Q3TjElwPA"	0.3792903625176472
"2koGK8csbE3AIFf7r2dMNw"	0.3662513721921257
"2p5J9bc0acslM4XBNcXAJQ"	0.4845583714397524
"2qjvYspb3bEmCaw1vmSk0g"	0.25798088542633113
"2vzUzl31fFLHKhM6px-rbg"	0.33771746635739497
"2zx0Pt5OeHhjAZoNRqYTog"	0.31328687734527555
"3-HFGxmbzSax-NySJ_LzDg"	0.2814153405954309
"37_fNrTNrqYGJnwdqtXQ9w"	0.408198624308966
"38VHBCYylBFmTQ0cFeCdAQ"	0.3509847712452526
"3EkVn5_YsP0q6LvMfTsVuQ"	0.3404309839499537
"3GKCKWw4O6JmM4HejYEQcg"	0.4447283737990012
"3LpBQxRKVxJIxdQd3PV_Hw"	0.3115894007478447
"3NmjKQJmPH7hcM0pp12DJQ"	0.4313437296696177
"3QfcfPCJSo0z2v1bkdUemQ"	0.2497765888388935
"3QkeQGsghxmtHyK2q1_xsQ"	0.3784184966477554
"3Z4pcWY2xnyZumGmsoXIVA"	0.4419384133152884
"3a1w3Ufs9CCC3GJTAV8EpQ"	0.2993226023680439
"3aEASdWGHArGCQH-7don3A"	0.4140224002928039
"3ixWqNb_sort966Ouxc5vg"	0.4328109961064571
"3r1-6Hrfiobded7DRxstxQ"	0.5368655699016921
"3uFye5VlDqtBU5_TzSulyA"	0.3288029540580138
"3uwz62lHoUqKXDDbwErRfQ"	0.407867811323057
"3wW0ls1tLyYabs2lwEndzA"	0.3783419734815927
"44IAhkyHsBGMrggWm1HICw"	0.28592989052538914
"49JTxfrT4BnROuk9_RIW6w"	0.26984136627447275
"4CXNce-fAj4G39hi97IleQ"	0.22948603923365074
"4DtGWbPfvfIL7czgBLPcXw"	0.2229116773025895
"4FdXVA-WxWwc5rmjRPJVnQ"	0.37202369580260736
"4mYNxIZan0vuTqZ9BS7__w"	0.5932067997603511
"4qiD9hcUiY4AfCBBqpMYeQ"	0.496724590443921
"4r9BwC-nkDRMXEIy_bqNbg"	0.4737877253935954
"4scx_rtI9RZfFHWUxqPuHw"	0.3872740914774738
"4y8KM5Hq0HOm6M0w7O-m4g"	0.480296337871011
"50Anorn0DJXFhBr9a9_gHQ"	0.1914121298236161
"52bVodsCN1p_yT7_Y63xeg"	0.37460279029263716
"530DtHanJc-S-rNh7dtoXg"	0.5175643285034667
"58bwmkEtGJqe7ei5kssczw"	0.3231397880614432
"58c9tCvjkDRONJq8h6NLzg"	0.5091287166536838
"5922_DJ8lQXaJva0XOlyXw"	0.30808696500554655
"5P73h8f_5q-00YIIkUX4WA"	0.44372123320234663
"5R6BzOdTvgUiDTlR6K9suQ"	0.4401866905788025
"5XSmSsHpQI5hvB90URhJtQ"	0.428536109418298
"5Y-p9QJLrg2P0I8RjJ9TTQ"	0.4157129347750229
"5YUoTimGDPbbmRfw6SJgTQ"	0.4325586035399717
"5ZqybrqiTdbANn2yI3B3VA"	0.3878165538111138
"5iFHDkcYp2PRllPzq1Qe_g"	0.46579428711231763
"5iVy1KRxAHo6ZG6U9B6DLg"	0.4387010820148479
"5p5YW_5bMOSuLIQjkJPO3w"	0.376646674611894
"5paKcA2AAguJgZYBkr-I7A"	0.4706913963158398
"5sV9N8rB3TNBkp1K35WM5w"	0.26351414297623904
"5uMfIYovqfgk41abdfFegw"	0.2174884609765977
"5wfInTOKyMQxxeFvqR-3vA"	0.46678470679219186
"61wUpoim2yzSMPKxg58ReQ"	0.22343497952762686
"6A9paRG2PVEfgGMXBrYdZA"	0.3947331476248136
"6AwirUhnpzMZynePZbrdBQ"	0.36229823519108345
"6HLacZd6X2tz16IP3dHMEA"	0.5042721749307904
"6MkQ454ElyTcMrMLU3qm3g"	0.5389821601518155
"6NWSeAEufOHDklHbg4PAww"	0.5417326353802622
"6Z75MVEou08v513A8DUbpw"	0.35499661565323304
"6_7_aSycZlRsfKENFiIi6g"	0.41918169297759167
"6_YR7epdhDWU_E5Hj4nZrA"	0.45906548355974713
"6keyv1LcbzdD8MCrRaA0nQ"	0.3956664676170407
"6mnjYZM40r67smOXrg6R4g"	0.2936869871701189
"6mqfcZI2I6Y8QGBPiFAsnQ"	0.5320727436695403
"6pG7n8Rx_7ZXeQQk690Nsw"	0.42817713806548185
"6tTv835MSguUBDpDtVRvMA"	0.4787810372096762
"6zZDTZ4ZZEYfN268iPz0uQ"	0.2587277066935205
"70YqOHFMCoeNTw0cN_10jw"	0.337799589714162
"70nmPKnAufzeKfRNVE0-Pg"	0.3826112417210535
"70xPPH9jN7TI9etfueFetA"	0.44679647032368247
"7CD4qTysNB-lis85QFS8Tg"	0.4557967808512003
"7Km9UXolK9vEeBDNqTl5DA"	0.2576667635587617
"7OKQ4ENVfPfxtDqFOG7x0g"	0.511670068600907
"7Tp53xZh1ypd2wbudP6Qcw"	0.49755229880029517
"7iZYl52Gtica73shRYsuMQ"	0.3838466351559167
"7kpF2ohwt0PPi-cK69R1_g"	0.2884861715921167
"7oG9TB-SFG9Tpo3QvrYIUQ"	0.3789555119416113
"84WYW7OfV-IXUJk95EL5_Q"	0.4376657278453232
"86Ha2bJ6zMvWSv319myoQA"	0.4508370159926351
"8Nu0oc2gCzTG4KA-sHa5lA"	0.4310063103496562
"8PCFk6ZKDm73Ag42C8XtGw"	0.38867584125029403
"8RxwEbhxRResGQUwsZujAw"	0.053277106399110895
"8Rydf8hXleCwbCN9nvmZ4Q"	0.26630873350105455
"8S-JaDa1tPdAGaQPTUMjaw"	0.4035446146672892
"8VjuH2GhJXauUigEEX9Q7Q"	0.37851627027848456
"8XeWfMGuNsrYkXRwQJjhCQ"	0.41180237864581054
"8cUCAdu2gFBjdWDKWaetRQ"	0.3246452734542419
"8cjXEmuqgCbIRudb2D52qw"	0.43117103696841935
"8fArAA0gwfUbb3uWotd5mw"	0.32039287915474457
"8gVq0xCXVeAAS3-nsifAgQ"	0.46619697104428004
"8iRfD5IizYki0F8QlAlL2g"	0.3219788565999471
"8iZ5bR_Zl-xQZMDCvNKLgg"	0.4218015802189818
"8z4sC_8dsZiiMWjIPYE_iQ"	0.3449133983430297
"91Y6ASRhkDz3mJG9ezGNiQ"	0.3642240423568201
"924Ni03Fjll4kkkTgSQTlg"	0.5334414854018845
"940rOS3vKpqJMKtrsoatTA"	0.43272786599810065
"9BeOKr8DGzDEmdoe-FzQbg"	0.47518166908015996
"9BohUwW-fTfcpiBT782Fkg"	0.522652906100698
"9D9VuQW6ysUacf63q-5pMA"	0.1268305188415529
"9Hn3FW37916i3ED7sLZCQg"	0.3728720336667634
"9XtyBTgenMERfl4hDgnDwA"	0.38763587747366657
"9h-dDy31vMwnlBoX3A7SSQ"	0.34839427626284863
"9muoOpBgraI4xtP0ZhZACA"	0.41641215373114093
"9qd2RuiGMtVju7tqdp3dsw"	0.19711487215117401
"9spk8K9pg5HdDNMNxAlGwg"	0.5394349185839332
"9urG14qwHtGRpQQUYY2y9A"	0.41077170049703826
"9w18Hgg_UmI18YyVTP_E3Q"	0.2199246931639959
"9w_saPQbfOaqrKe5lJQ74A"	0.37522722622035204
"9ySFD8tMkeuTclyWfanI9w"	0.3096331343781665
"A4uc3-zbHowQeR_u-7VNOw"	0.3337133665895109
"A5tvf0CSH-QUnpyMI4m5ww"	0.09396062788851677
"AQJL8iLnVMea7nm8vEGOgg"	0.4276824378548881
"AR1w3ragHgRvnU71A7aaZA"	0.32045801098509075
"AVsiojwcq3X6lSIQkpp8SQ"	0.4673213678988043
"AcW_Km7jkGBr4rJdIrIP4w"	0.48251902023487003
"AfoBKJuGBJvQhc3By4K9Dg"	0.3903036356394984
"AlwKuzyrrxlZ04ktebwmcA"	0.09005291123872382
"Amo5UhXRFce_fegUnFEnMA"	0.500356741140058
"AtkoIv3EEqLivpg95PzP1A"	0.3074090818811679
"Aua2Vi32K-G4LE0JCtAwiw"	0.37635981136665386
"B0KLBjiTkR4gz-fYDYv13A"	0.3568998885500806
"B1xcP1i6-sZR48zjgpwyfg"	0.3342072651688379
"B5EZlEDH6AVDk8tQGHAGqg"	0.3052982427973549
"B7wipW2uZRj7syuQiRTH4A"	0.4329899098452636
"BF4RaOWyjLDa9OvriKc1sA"	0.47386165726112117
"BXQKPvzAFDOOXDQzxIU6RA"	0.47274026652398576
"Bi3520lcx6UQAYZPHADZaQ"	0.41748536824172766
"BuS11AF9XSHEShscxQEzeg"	0.4984560608496664
"BvyUXno0grQerd5cZGDFPw"	0.41929816563820366
"BwWbwhIWfc9A0fPShp-WmA"	0.3528969362669982
"C12LKBQMjJJw02wqpM8ShA"	0.43467032172770503
"C37hwsGUHn_3-il0ypeY-Q"	0.4544501808719328
"C3R2BmF0YdyOIEd0jsqILA"	0.2179148559350399
"C63sF-wG4f1doMIMv2qvOg"	0.41620073148611064
"CFnO6hcjUAT7RoUdbGsEPQ"	0.38759473859490223
"CQNq2sgLokwOVf4OL-19Hg"	0.3199173413435955
"CRD6zKJSRbkiwTPYMIaavA"	0.2784850361928299
"CUGPOzeBRz84cdIOGSXcLw"	0.4186121934797771
"CYFfha5CmApflbpN1AhWHQ"	0.3261121668196651
"CYKvEc30_ujFBfgoSIawUw"	0.4122751893563787
"Car4D_KYnNNSxH9NPwcGAw"	0.3523079656233133
"CcuKo38SwW54TDlMWAMi7A"	0.34431705015591363
"CfW-088nFNuUF9O7363lwA"	0.4305469928757337
"CiNZmBtZRaRSXKjwun4R4A"	0.2737300155832653
"ClQhj49lBHLB45btvX4TWA"	0.5002085070093516
"CqCWN9aBJf8YNJxyel7psg"	0.466108926742524
"Cs7Zny0ijnyE9nZWSLBnAg"	0.37149971562957534
"D5XFDNEuLQoLbokLeznaOQ"	0.4052880856774215
"DCab_cz7nDDW-IPsnKGb_A"	0.17934162843114546
"DEF77d-_S0UT2OI-njM5fQ"	0.3135374752111805
"DHiXfpd_vSfCCeFXPSucTA"	0.4709393187586545
"DIUK7_PjGCOMcpS2fBiALg"	0.4852117593807984
"DQMaUSbKsRtB5lJD3egqxQ"	0.36311303948944895
"DTsCHmHjqWXBCzAkg0YzAA"	0.34190708133138914
"DWPAFq8HdzGzo2vhKixDJA"	0.3846525405246032
"Dcj69NZJnbJhK-YHP_nULA"	0.5597941738374016
"DhMshA4a0t5wlOq7u0RiMw"	0.5433579755442147
"DkVmX5Zzx_lvl-2Zzyz3bQ"	0.35689375650861266
"Do_mgaoCgrQodPrq4nxRbw"	0.3420913427474099
"DpWCY7KPhaL_7jonOTSJyA"	0.41767392959085065
"Duy87WN6ajXyErWzStWOuw"	0.13653288607511604
"Dy99p5bWfr6g0UtlmPjDqg"	0.45209617153790627
"E3zvCzX7gquT9srY4pUwLg"	0.31411728485595125
"E4HlcOykIxIDiJyUKO-eIg"	0.2541580802203463
"EFOQdRak3K15hIuN2Q3Cpg"	0.4828179638689714
"EGgsujG0ycRAnMqMYvylUg"	0.4190281446015704
"EKNm59ZMMRvb8N8Cm5F8Qw"	0.2439934218564951
"EOlHhLgp32dCdSlsMpiG6A"	0.4961672527423036
"EP0mnDzQiA_sRTRlYBs4hg"	0.4239435144655522
"ERXnerHflh86VOYKAopLMw"	0.4214985273216116
"EWcCj1D3K1NnEgYD_LjgDQ"	0.25966496356442925
"Ec-h5JjXzy-pjfpb7d_BFQ"	0.4830392850981989
"Ed5feP-TztmLtc4pRKDvNA"	0.3697647445719543
"EgtyW19V-64c6PmRuvzSEA"	0.5022347939522411
"EiHj4zrEOA8SlMO69qSHZg"	0.41218879481234866
"EtFtF_FPvqpeTlbj9zFfmA"	0.3623133663945775
"Ev142kLmV_ASI9iAl-KfKA"	0.4918002611800708
"EvT9WywIVoi1p0GaoGteTg"	0.35419589999912887
"Eydky7VulZijOJ37yl8IGQ"	0.41873572127962444
"F0Wv3QMEXhX3vknb5SPqCA"	0.33906356157012557
"FMMNajth88mWX76QVp6N9Q"	0.3155091294036583
"FPunXW5NBaTKgx5uBrdD5g"	0.3937782835339044
"FQMGUdB4R-nCgQ9luiyinQ"	0.3052935539414244
"FTo64sohiSRBRM9e9NzeAQ"	0.38097367323908016
"FUX9h1a37GJn9ge1baiNuw"	0.27449190444578797
"Ff9YHvBxijzhdtYVQU09dQ"	0.27579828960376696
"FhHD0Y_TPysnHOfB8uS6eQ"	0.47272276625209597
"FlPAGqTovHc4mEIKJ7Q8Nw"	0.44967179032249854
"FnTbrBUCuaSOlWnovTgMjg"	0.04085338480517743
"Fr3Dz0_fOSGBroXEUF9BiA"	0.40848266154564983
"G099MT9cwtwgdsR71JLp6w"	0.5613773961167317
"GEL7svZLFqx9NWq3aOtz_Q"	0.46376597611064296
"GLUwW6rCrMTAX2QbUpye-g"	0.520424115976335
"GRBJc51ofoVZWpLOs16a1g"	0.4790923241569576
"GVSc1akbPBLtpYHSAuI_eQ"	0.2999410307109343
"G_DzKLA15CTjq5cOkBp0pw"	0.3755914865138107
"GdnLAgRXt43eISMtJEOZRg"	0.4026512399662538
"GeRCq7Y4SI54tDEjIaanPQ"	0.5374507900910466
"GfYzz2Dnnn0CqeDqROAKTQ"	0.4375450712109215
"GnODIDJz09LecpudDoynCg"	0.48529530199136367
"GnSZknS80ioXMziHGy4QFA"	0.4383040492586787
"GqVYiZNJnuLV7I4u3u3PDw"	0.42364359048014694
"GrfaRLXBZ6uB9QGEd0ElFw"	0.46259602465246785
"H6Gb3P21h4e_stdjFQO9oQ"	0.0531363469605821
"H8NK_pWGq4i3L92ZpaUaGg"	0.30560456321757407
"HG2lE2sToF7IdPbl0hz34g"	0.2337994991778636
"HHCn1akqIpl_BhdcJoYPbw"	0.3414175264864552
"HNW4P0jAhXYRJ_op7OcWCw"	0.25860226112894696
"HO2knNxcc_8lFtgGxN8q2A"	0.3671628193304546
"HVpwpXneaCWMeEBF7H8jpQ"	0.36269226706009206
"HXkuFF_Rtg2g9rwcBdpB-g"	0.42835652824157366
"HY123qqsjVwmurS7hcCSkw"	0.40622123893793216
"H_og8Pdq2ijAx1QrWjCMNQ"	0.2989713587490617
"HaRB76OqxMZ28snURM9tFw"	0.4916327027670069
"Hc7tSaIHva8WLyBlPDsEjg"	0.36028196253913186
"HeN_Ru6w-T-oJn6T_N1vfQ"	0.25006140326624493
"HewGH1vYiZpkCoXeGOsA9g"	0.40511614241636823
"HlYzk84INQaNslFT-lyBFw"	0.314794251527793
"Hty6oLQ1_FSRW5XgZtWrXw"	0.20119291704355083
"I-7JXoyVi-QpZJLbJMDrgg"	0.40573575115148885
"I0R4EIBhG1_-vKxOKiIbfQ"	0.5310551373622641
"I2BCOAwqJJIfUX-NzPbNjw"	0.43233714899737974
"I3S2BseRUaSHuTSsYivMlw"	0.5282858969361237
"I6e7bj_b8p6lyzu9fNty2Q"	0.31844751626936924
"I6iOdOeu3MxxuG6gIhzodQ"	0.3551612893131134
"ILa-Xv5-h23A9OMrYK17oQ"	0.28424502104055943
"IPZubyVcN1OPwDJ68uqUHQ"	0.44237657001023123
"IRfYEXJBQXxIN2d5pD_jKg"	0.520687062413365
"ISE6RcXsgPO1MgxypROEYg"	0.44522752651028796
"ITieHQ8UwKq74FnqTKnPOQ"	0.4718758967589724
"IV5uZ0VuLVplxnfkx96_iQ"	0.37265760256532876
"IXXERocY1bqGwRllcy8J2w"	0.49521209061313987
"Ib2-QQytp9eqwaOgY_zeYw"	0.3257673119023244
"Ie00N1yErrmaOa44x5K8kA"	0.4544484984171826
"IpLvJEjb4AN8eWq5NE2TVA"	0.4112257695051146
"Iq1P8S3--gqd50xoQJxpqA"	0.3575319161896531
"IsADZMYEJKXTtPfN9YsiBA"	0.5565787244383025
"Iz8Mi3qXqRW2JMaLJTTlLQ"	0.45771713954817483
"JBX0Bd9Va4_MtLPwX9Oosg"	0.2794677177833998
"JDwEvZq0KCSwgEds3LxgMA"	0.48723801440824893
"JE3SRhAGqZrAzs0gMm5cIA"	0.46198627054996144
"JEoi9ITPZM58EnZBAubijA"	0.5028586910966487
"JexI9opGP2n_Xv6IKnN0Bg"	0.5014479098590223
"JfGnBe_IGDV0RZjAADp4yA"	0.426618486041057
"JmXYTZcMZpcNINM5ldvEAw"	0.4474634168692729
"JmlSv3iBz3nBEXy5r1yhtg"	0.5083455936249065
"JrNMDwyiOGruhvf4coLn2A"	0.2764367352790598
"Jrwc8lczFNNXOMolie1amg"	0.39285638852443794
"Js2cFsdDiLR5yQsfCGFdZg"	0.3557078763798758
"JtJnFY3tThBoxpDMxLFLow"	0.3609726321384257
"JtSNHDRRZffnHBEsJudW-g"	0.4625626119197517
"Jv8Cj0fdN2Mu2uvFVKcGlw"	0.4700086828683034
"JvCSGmN8gS-kNh9xLgLC1Q"	0.44308613860590407
"K3790-2nF-iHvfPMnthLaQ"	0.539720781982221
"K6LwZagSz-cUrCcVemXrlA"	0.3414068310550475
"K6YZd1zjr700Wb5-Ng3Dmg"	0.447724779474735
"K75oPh837az2upKWPS2LUQ"	0.26334532589445125
"K7rmxZmtoE0_U_40459TLg"	0.047573276255694054
"KAhavksKQwKbMzZHiNOyOQ"	0.3946015551422205
"KB25wVbL7Lk22tN72DR0ww"	0.4063626996204902
"KBWpa4uN2ke1t2cp27r9tw"	0.34819954963691285
"KK5Hvy2JNjXpdO_zHA_LCA"	0.49723264562963976
"KKaImMG2aKPmLpjsdaytwQ"	0.39241799103841324
"KLJmSYpq81fy0gXri-tAAw"	0.43142100602040406
"KLvpdtFYUi1I0LNsmIqeJw"	0.25455199460033995
"KNIIl9Uhlsbq1aQjO_HL7A"	0.3529158395833998
"KW5qy8mKBpgd2xL_5w7Mzg"	0.3942225184875292
"KYdtom3RyDt-3SWGwmJcQA"	0.3988452743732602
"KfaeDC-oPE6GTfBvdF9x7Q"	0.4978048683105022
"Kntmm6a3qAMSpxRWdFZutA"	0.4684099472337496
"L772e6l2Yd0DJEyCBxBNng"	0.2747297652700047
"L7ruEZJO8tGQIHPxGTztAA"	0.3526164605462134
"LDxapKCuUbH-G24O4vjD7g"	0.48554145309976915
"LG6vpg5Qx_DstY2aT8-O4Q"	0.3411565388198011
"LOARujcfx-Ty_RUlcnYspg"	0.29240813341971766
"LYpujMCxfrHcSO_NA1BRQg"	0.4885126829862153
"LZGqCuTxaCbzgjv3N4xnWg"	0.5527031084401915
"LZ_R2OLgZQSQMMzlp8uUOA"	0.38893687075890676
"Le1fkEFfe5ADbHjqiKgzXg"	0.26402239923160387
"LhU-XsZ2YObJnP-5uiMIjA"	0.34613977180781247
"Lku_keJf44D0LxbRAIZOcg"	0.054648406907387696
"LqEiVAAXdG734Z0YZMrZdg"	0.5109376977837369
"Lrn9Yk5dmLrYJMVvQT_CHw"	0.37590018290610927
"Lu11ceuxJWh3dgRaPZGbsQ"	0.08791254553502649
"Lvg2y48cv7xFUJBqoUXmvw"	0.43247743663847915
"M-caugKzJ9qLOmCBfD9Nyg"	0.36613939062348255
"M4f1JtOp03-gv8xR5JtV8Q"	0.004065127065449301
"M7bDZslvnTlud8DfF-cjpg"	0.33132174663804226
"M8jR5XMgr2jWrs_EYtaAeQ"	0.5140973176971508
"MC32JA-Yv2ChT_q9TgHyRA"	0.2786575981345959
"MLwVTDhM2DOESvKGcfKCsg"	0.28069217951331027
"MOsFhDVav42shCq9-rgejw"	0.3241219069211482
"MQb3PUxPJKYNQOY7g9bc_A"	0.5255166101405231
"MSrcYJoM9cNLS9-wfTZX3w"	0.4361968444650679
"MWYJl-bIxhtQ-4Kg3ENUxA"	0.48482859629140657
"MkSF0SJUMj2A3ewUhUUBvw"	0.5342900271205614
"MmilEd3oPSD2n6jvBnxd_Q"	0.48339893471666273
"Mp-spZbBtbHkzubDSYPs2Q"	0.526506828020236
"MuLF5vPE73lGydhv-6xbtA"	0.40872839007487266
"N3uOrQCnx_n_841Q8EwbzQ"	0.40637249927634045
"NDZAQuVpv_KZuSjKYpXf5Q"	0.028697364010421368
"NJ4S3JX56JEZGWlAfpF9kw"	0.5264074501498245
"NKx2a3_PQ9c7Ts_A6JxKWQ"	0.4574100789438163
"NMXig2HCB_sa0E1OCZj-KA"	0.42782805152904607
"NUTVC8LoicZmcsO10Jmolg"	0.46792021799566746
"NVIaU1w3e8KSeaGihSWicg"	0.4692946267442499
"NXTsT01IVpKYPpa_1L-Rlw"	0.2820669553805312
"NYf9TKBKPpa1wkA_uwIlfg"	0.5044257105716514
"NYxVVeeI-zz2qjPKk6FCwg"	0.5138417764701128
"Nc0xqiAmS2OTxPrlvQrJ4A"	0.427171006753168
"NiBzh0kHusvH5rdnpm7yVw"	0.4730784431669666
"NiNRA6t16CtUQKopLV1GBQ"	0.46349288333376215
"NiYjWteYkFwglnlJEDe2BA"	0.4503458202746522
"NlzU1RxfXaWF6ir-ZWfrLg"	0.4488441777486957
"Nn5gon8s64jVOZA-2ZkLcA"	0.15276904494840415
"NpjFkuhBX-LU-hf_FnJzKg"	0.24612666402952948
"NrpgcAPTAtMNoW4O_G0rwQ"	0.4852787704365272
"NsDydu5clpNkiTahn3wQ2g"	0.31206951059521776
"NyGlEmuYcpZSKfk6IwJeSw"	0.44435366392478376
"O-GefJqucTHDIYJSxVhEyA"	0.24926601217700808
"O2OD-ojkZXsSbFyzpuvtIA"	0.4844695127293742
"O2ZnBnTqw6Xi95ogL0hBEg"	0.4523604237440437
"O3tT9S9vZixg1iwiKeWfuw"	0.37022238269895247
"O615O_US381DcvkxwuEz7A"	0.432562769068534
"O6bQ22yfG5Q3BAL8pWuaSw"	0.47473877910949114
"O75Lh99ZO6HCIqVVR-p9wg"	0.4759313824571694
"OBLv8e0RvwqBl0Gkoj-bDA"	0.1654486654648269
"OCytAjNw1jvhfEF7KU43GA"	0.22338893199044565
"OEXe9Rge71Ha3qLKGIK9gQ"	0.4961809991096014
"OGg60MuC7fTlPaepWqB4bg"	0.36424514040492073
"OHlWeG019fqPbvYO5ZDEqg"	0.4377745514624077
"OON-4BXdjJHdk16zhdN4PQ"	0.5111593024407663
"OQKDN1QxWQvUuambyNHGbA"	0.4266442798938211
"OlA7h9oOttqTALudvEUzTg"	0.2802331683683365
"OnKyFU0FsiPVd8Jwl6st6g"	0.5194283912544057
"OoI3WUe4Xl86d53avy3oVA"	0.484901947849666
"OuKfLByYHVSwL8yTooQOXw"	0.24914103028081455
"P3Nl2QTfUtoe8-alSSh-9w"	0.32898700617812393
"P3pgWKV7j_ea-UqIaOnvvg"	0.26674211838461004
"PLiVD2blqBDRzAAd1_RxxQ"	0.4655365950349575
"PPMBRhovY0dNHCHFzk7pAw"	0.4080289606014218
"PT0N41nUD3CErvn046JEhg"	0.35629402698106366
"PVHC67qH2d6DonAGRxvymA"	0.42636252779436123
"PbeDPF59J-bjBsUxLUGZhQ"	0.2704858466260902
"PqLYjUuzSIUU94emDWxwLg"	0.27170412752215256
"Ps5mrcu_E17YBC7Tl75X0w"	0.4553451544642966
"Pt4rt1u_5KuS_NSMqerG_Q"	0.2602390826621097
"Pzs43Fkub-6A9hA1zqpF_w"	0.1857713413837509
"Q3B6jCQQ0KtkqFI6-Z9WCw"	0.3111063924580291
"Q5cwBuHfkt3NjnDrxA-h8w"	0.4763766180376742
"Q6_YIK0yUI8HEgqrOIE-1Q"	0.49814060272489585
"QBDwbEEc9uEnn7dzVZu60Q"	0.25179424234130565
"QH2wRpTM0rtEJWgiPWhzqw"	0.2884650763027594
"QI-CI9wWRxtw60_aQK1BpA"	0.42717609199755885
"QJOr35t_jz9OPQ6IczMGJA"	0.4127066021857059
"Q_fvIdn5mGAyyJKniY1F7Q"	0.031750015917830936
"QfWFxmXqRGixztgaZN0gOA"	0.4206060495769252
"Qiyd2ha1pivmsQhnFZgCxQ"	0.40086057995530444
"QlAPX3c0Vm2dU_w3puIAIw"	0.34387515672169533
"QlBh1ACRTx-4ePTgIRPMeQ"	0.4724348444145789
"Qn2uD06olrxL_43_4G_Hqg"	0.2387748276749501
"QvpH6e7_1Tdlflk_yOj4NQ"	0.5230271908547575
"QvvcftkmPXdsBMbhGY293w"	0.42769206931095566
"QwGV_v3s9eOMzfWrFLUf6A"	0.370337311806356
"QxqMKO5IZCQUUWIx8nTDJw"	0.4108638955632204
"R-9gUTN8BJIDqGgzXEmq3Q"	0.4248350386650253
"R6QCy5sVlySKgqvHb-HhTg"	0.4337807156383277
"R8L9VLO5jHfzPA5rHiujIA"	0.2604936676107569
"RDQ_812x82H72J7C6jG36Q"	0.03260252242920048
"RG2IGb4LwbxUwCW3iooYDA"	0.4964240523031421
"RGCiOM52mBI6_Wyfx2xO6A"	0.4423389776789757
"RGLC87HVaASIYLxh2RL4hg"	0.49119626075344447
"RIT-Y8d0qEZ3ORv0Ts5JDw"	0.2911229728371378
"RJNAeNA-209sctUO0dmwuA"	0.514381913466429
"RJdV7djZZeH3jJadPhgVvw"	0.3482248515192342
"RMEzxhYfpnEsWlfozit_xw"	0.4292017634242835
"RMkBZDwEbcv5Ctd-a2A0Lw"	0.33947927769904535
"RRiKkw7WN4ZcpR8iQvFcOQ"	0.27726109549971273
"R_wOzSC7CWl38RLtbf-rQQ"	0.31333834452582215
"RmwfJrR4__hd5Scae5qsTw"	0.3050341684993989
"Rn9FfZqjIU1oy8XaST9qbw"	0.4823177652208102
"RpJJeDl84FKx4-FwwY2w0w"	0.367303158298434
"RxacBKbziwvC5afDcZS5zg"	0.31284127426854963
"S3-JpB5dBhMXmauMqeoN-g"	0.3540341054741039
"S4NHg4GZD35HzzibJAxXDw"	0.4552103132735302
"SBnpT6JDbah-5l_52GM5sw"	0.46527670950781785
"SH1c1aFJl0uHVnVPEF-fTA"	0.24609920098218746
"SHoUzvH_XnVzU6i_YR48tg"	0.4563524334592826
"SMtnQ_KdWUL36t3nV497uw"	0.33967118566337134
"SPFu6EgRI8PwVuoHEzCgdw"	0.4111788810081516
"STX8NfaW_xP6YZq-wERHYg"	0.2926725610829111
"SaAIh36XncqFQanBhSQlEA"	0.30124180657070015
"ShGGqJ0ugPw9N4yL7QlO-Q"	0.3163073728641518
"Sh_c-UZ8Tk_H1porVieNmA"	0.5313069753427785
"SpCVf25ya5jsHItdkpBpUg"	0.2415323152558231
"SqkJxRXxn7K1s6FxEQhYsw"	0.49633083777626663
"SxC7gGLEZ8B3ooj1Qtjz5w"	0.3512009024486701
"SxuD7iY8QO88PNbSdNmNKg"	0.42073684943551865
"T-LEmkUd0PEUC0R_eUb7Ng"	0.31668754444781844
"TAetQMOQ0MCHAZ4hacJrPQ"	0.36396203421220474
"TBh4lRgZayACZKK02suaSQ"	0.47374849681598397
"TETUKvUj73hzn6JpkJ4_QQ"	0.14297493974603243
"TLTawnc8rVosRV9z5-8oOw"	0.4336475467786633
"TQSgOs4gahJ9g8Y_-whMsQ"	0.3731380235475156
"TQqhfjlPVEz41K_wAogQSQ"	0.29672316415259103
"TTVXY5vOJDqC0_Je8UhK8A"	0.26685557104968927
"TXiEgINSZ75d3EtvLvkc4Q"	0.3923042584589036
"TdBC5PlJleNyfABjsPt00w"	0.4326947058770075
"Thbnk3uDJ2PPCCluUdqfEg"	0.2325216142051253
"Ti73jdAF8zrVEkSLyzfOag"	0.3962081432917555
"Tiy_skxHMvNCpyzAIqv6qA"	0.38508264893176464
"TmzUG5kgxezUsfNYu5Z5cw"	0.5048330213923743
"ToHFgQaDd_wJ6tAvVJHgoQ"	0.2525400972839036
"ToNd6fEn_SvcQc1Fulsidg"	0.3405898470653708
"Trs4cEYdP6AX_KihTk9kWQ"	0.448949658069033
"TvhpG74DvdoF4MA0vLlOLw"	0.08386412019117544
"Twcjx4ofM9GWwXN6LVGSzw"	0.04432147935471398
"U5pW5iuYdB_8NxEopCnpqQ"	0.5214698046466552
"U7Ag9oPTjWinwcnGH20tcg"	0.47903357614186665
"UAGZsl9ul16iDHmFNDLj4A"	0.32989339674330903
"UFyzcr1y2r3y-e_tNpA9VA"	0.46236687861587955
"UNPkYPoR-zPfnpTL6GVgzQ"	0.4890172695647919
"UROWdKGa1IQ19Jk4tExvVQ"	0.5107142377880964
"UidScb9HFDSD3NBw8MLuGw"	0.3995803379068487
"UjmVsSLDD7GQRTcLkJ9mfg"	0.4637522942498567
"UuezOzEBemKWDOrZFjM1BA"	0.23762250922968936
"UyTYTtyZWym-7u84XMgSOQ"	0.19861457351961787
"UzSXgaJjOrtdWATtzgPWqQ"	0.48820775443093745
"V1JEkeAem05hps5ZCmMIgw"	0.4482856022412873
"V1MTfnI-1T7lqZO-Y_qXAg"	0.2210219862058392
"V46DbgV5cTnYAwpBS70owQ"	0.5447781464400666
"V5K2K2U0JaBL5UPaZYJkSQ"	0.3467894475972068
"V80NaT5ZnfuA31yW3Y5Pdg"	0.20006271244384993
"VD358OTsTLFuxOZJTOInKQ"	0.49173639773566785
"VDvcxFhe3NttPUzftJmHjw"	0.34630828903157873
"VGKq16vCdPPHMoryy6XTHg"	0.3223829444025143
"VLM7exTU8wRmPVxI4uKi1w"	0.21538640999120967
"VMPSdoBgJuyS9t_x_caTig"	0.34031984908021423
"VO2WD2hE1jLyNFCja3XlGg"	0.43226226160782344
"VRTrhsYKSJo1kGX5RqBlFA"	0.41727751292477605
"VS6cBZIOm1-8GjS2aGG-iQ"	0.3280393584766664
"VSu7GYn-Zln5TLZh_fMtvQ"	0.037055250600364034
"VTJIw7e4s5MSkg4OdNer6w"	0.2714417259102543
"V_2YX2rW_l5N3UwwifokCQ"	0.3933570844884729
"VbRT8CJlnCO9_rd0zW-rUw"	0.48624803985833237
"Vbkb2shDxUE8H3PzrFnypA"	0.43020999176808916
"VfWX3UCKvUnVktdOuR8TwA"	0.36289575238556937
"VgGO13Fx7dQj4zg3IuVDLw"	0.3526057038373193
"VozM1JCr5ymSambcvx0TAg"	0.4814898144069387
"VrE8b5u-ai47W__Diw_mKg"	0.5296296643420703
"W4CG8pZC9d9PjysCrzUOug"	0.4853452854642881
"WCMt5LU2NnkmzjKNhTB7UA"	0.4748899799387359
"WMpXWa8iiEaDzb4vLTZjcw"	0.03327274776875221
"W_9ophRRWO924hn1S-y2Hg"	0.4119683852873949
"W__CejafuHBISqg1LkwLHA"	0.3880415410891988
"WacrAWdXzZywkQU-u_Qf8w"	0.40651296198698433
"Wc1TtSuRgHXW8CLR7Rs7TA"	0.4955489528623282
"Wcw-xq_c89e4AaRsUtkaLw"	0.41742083664395
"Wf7AV7JbR52qABil0bU8NA"	0.46154890871746784
"WhUaO6USElivcM-xxlsscA"	0.4116384398667395
"WkHVtY5voeLCvv61klhUnA"	0.26652563093444287
"WnUYubIggifyyDFTm4QHlw"	0.2869927281584385
"WoFTWkoOrciT0TEvRJcSTQ"	0.5068107338180485
"Woqed5Fw95J6oEZxIHiBgg"	0.414243076884781
"Wtp0Pfnhd7NvUIEawiIjTA"	0.3087665274470521
"WwQ0sr3wDk2jCMre_3mS7A"	0.3990862746086389
"X0UQortyd6N6zFBVisY_gw"	0.4670213943503352
"X0siHN0KchBjGKn9QsEAFg"	0.2667751434453434
"X2Lb7fTmuyXwU3O19F5aZA"	0.4034229680732434
"X4w6_iAqN8ZqZ15a7YWPgw"	0.41035686229520074
"X5oaz9_MVz-1ng83HuI4ZQ"	0.5168630014339111
"X5valo7w5BVwFn4lZ2P3Sg"	0.21574904776472145
"XFuNeVTGWZ-UOYO58NNmKg"	0.49384698733169713
"XKaEQFtKnU3_Gaduje4Nhg"	0.4325203386629845
"XMEGoJVtQ6EgVox1yTsO8w"	0.28987004360467195
"XO9oHMxyT0fklifbmED5LQ"	0.44880422086134364
"XSpEeRqe1CeIBrDoC-wEzg"	0.3359634351189573
"XXNGKunbVfgCJhp7XrkU_g"	0.5151985394930857
"Xc3Y8_cWBnMVXvoJmGCh4g"	0.257788038894784
"XggUqVcri5eth2_ZqILqqA"	0.3540528716482511
"Xl6I0-JmFE_6w28bku2idQ"	0.3407744859188082
"XmsBtCykUtObXg4Q1mYpvg"	0.5492768162928309
"XnFPzFiLZ8wKWZsmzGjvCQ"	0.22150472529266935
"Xrqd7hdpa5HYWdIegacTpw"	0.4335702162018676
"Xu6mEU7IbKlWic1ETgUOeA"	0.44128439867026
"XxnQKE9jTD0bTE3LZ5NOtQ"	0.39482036223294054
"XzMOmLWmCClAgJMgCi9YRQ"	0.3455984615442921
"Y2TCGnkXJ1BmxMKLR1r8Jw"	0.2647025585714465
"Y2Z1Ig5I1E3PSU_GQQUW9Q"	0.2381640420398241
"Y5Vbtaj_pkrhb99V4Q-53Q"	0.45303352145820003
"Y9Lsu_1dVNarV2wt1t5Cgw"	0.3385027863957215
"YDjpFw_K46BW9Wf9c8izzA"	0.3837332994136449
"YHCseOJ93wJh0gBcii_2qA"	0.1546751964556378
"YK6XFE1SbLZGGXIKZmrQ-Q"	0.4617979741248285
"YLqO9xm5s0KJ9JzWukAk8Q"	0.35006799967812463
"YLwXQbMN-4NvUs_U8brP-w"	0.353073831348651
"YSUPAkyni4qpcHfrMOAEww"	0.39672413817202296
"YUjiBKnlvfLkjFmUCqZf6A"	0.3506503588229928
"YXd7yVn-dvbPTYAgQ0V0LQ"	0.30970622650249646
"YXe8DxId7IpkW-bUCdfGIg"	0.06538408155779354
"Y_wVqdHHkmfxdaHGOPffqQ"	0.5371908600643509
"YcRaEZaqXmrBjDYjGIHYvg"	0.21470836833043494
"YgBQEX8dB27FdYj7PaPhPw"	0.22107484199950256
"Ylw5xdTfPN5L6Uhd54pzmA"	0.39566179307763205
"Ym7IdoJMPHaAm3JB8mqMYQ"	0.34825848348782823
"YnysIH0yvgMLtlsBdOSecw"	0.21943343938173368
"YohEZMYpKrf-3fyPASKLew"	0.2344884477357406
"YpsMG1_Vf-rEVjl42Nw8hg"	0.15070710558869638
"YsxyAYrg2LdMvf7nhp39Ow"	0.4049244997056164
"YycuwgvTtOG7HBYW_cwvkg"	0.4839066718427649
"Z8SXv1u_6rKicQy9P7G6fw"	0.48061918614213883
"Z9wnRnSvmt7PeMo69x3s4A"	0.49906889792683534
"ZCiKZMT1kce5Gxbwqcbrmw"	0.47865982856615785
"ZS9nhMMn6KdvdaB4L4G3vw"	0.06921493769100164
"ZjMNad9hCvBJficJA0bFRQ"	0.25334912514308794
"ZliwQrjUnAosBLM8W_bsGQ"	0.5296806108064938
"ZoZWONMz3tzxRLOSQEJosQ"	0.41720938142704384
"_6b9CtXi4fQqiu2VjCVpTQ"	0.4983354955552681
"_9oVB-ICuyxfnK8JGpiwKA"	0.5250653557267965
"_DpnhekFOZDPNBDekWpx4A"	0.04951654058930328
"_Ejjcg6V2sHb_W8CyIUtXg"	0.5335359256682599
"_FLNxsJ6T9WLkAdjwCLEqw"	0.5193394182378556
"_VG3IAIbXdends4ATxlEiA"	0.40299564515942315
"_euNvs0P14284FXN1vZ_Pw"	0.40484912559321046
"_j0xNyOAtLI7iRF4GStBgA"	0.3069982234446577
"_n7WS5jqFs89WHOINineqg"	0.3143670562407303
"_tJ1mf_KEL4sx5fh9DTtTw"	0.4259454312618904
"_xcDTH9G4LDqADfpmok6SQ"	0.44898481443333754
"_y4zRzQloskP7IsEBhdNDA"	0.434251873047612
"a4I6hTqQwL3Px1aXfHD4Aw"	0.2307128155386345
"aKXzSFBrAoC_5kWUvjKGpg"	0.3701644448263175
"aLZTOa5e2ON9mmDQcw6GtQ"	0.11277869895977793
"aLf_bFRNxxGdte8GrIAN4g"	0.41885470033678424
"aP2L6aSpQEIKAS1sx3G8Lw"	0.5208545818372269
"aPv_Hk2yh0A-AceqCuTO9A"	0.4639193591193741
"aQYLi9BmN0KcLmK4OB_-SA"	0.43741599045082863
"aRIZPbrHwnM04TTXLYrFMg"	0.04612843892977128
"aRbUf7je5wv5ihTrB4vDhA"	0.39900043007189884
"aS4t4ee3xqQXgNHNxi9gAA"	0.480019516673022
"aUrOyWFKxKeVXiFzwbTXSA"	0.31032264270737925
"aVBFKYoF0AHuusNssaQpJA"	0.4357048454927998
"aWYWNfHuQJyRwDHaHq8X1w"	0.41762703420363595
"aYjZc-3aVbPIPaJgGiUK_A"	0.4707063226194656
"aYoeWXcFXu2BsWuYIMd6Ow"	0.33669954961079335
"aZgOdGn3O_fP2OUr5ATqiw"	0.3633172007702868
"aaEdLuaBvgNZWdc_I5O82g"	0.11666138402089665
"adU58x75VWjbsyFdoO_m3w"	0.5292467478355692
"aiI4CxuCeIj_BnGaJyU1dg"	0.4942142507685163
"ajNgLG4Eev8GQYZeMBPpdA"	0.3505646049037871
"alUQ8F8tom1kTsk4353I2A"	0.20902143882429314
"apDt7MWwZVmh_R1t_WVBzw"	0.21651403278783057
"aq1rdvfvT9_tleKI8OzRaA"	0.3370106017649117
"arWSu95pE-EV4bZRTd-lTQ"	0.34568384073680236
"asAHqgKQtCWiBbC3XriSIQ"	0.2854026385034003
"aw5axrPRdJu56obiSZ4d8w"	0.3293877376473437
"azJAJh8oivpsU9HzlLS6EA"	0.44945942429028507
"b8u5AasAkEcqTwKlSjcHIw"	0.4008453728380337
"bCosDkhWzMJupoRV2be-VA"	0.3602465790514228
"bGAweH0aQRfqNx59BIAOaA"	0.30415852548284417
"bJo_-dEqQKdJKQJaa9hK7g"	0.04130352182311573
"bLh4ysq5RsbzCNSjqHhwyw"	0.4959100498477733
"bObysWCWZqc_rqSC0U83Yg"	0.24455032948724437
"b_PiGpk0PZyBpckb1TFITg"	0.5097482370135696
"bqNV9FU60H9BVPJ4kWptOA"	0.25752315803550685
"brIaz5gTzBX6fgJNQZbUCA"	0.4311945519792929
"bt0ZUJWmAJhjYmfPCzgRmQ"	0.32240812234417066
"c0mV9byVqQMERBojaFmuWA"	0.3450680568496413
"c26Nbb6i7OeMCvg7Cs4QSw"	0.5129484434886157
"c7ZTyqSG4v4ZVwK3vuDklQ"	0.44532429451931954
"cCBySJPR4i7WFfEt8gjArg"	0.33264054876816707
"cDk2no09g2JBBxBotOuZow"	0.41861958719589676
"cF-QXCQw2yLALLRTkH2Rrw"	0.43896436502848113
"cFxGP_IC4REtJspMNQ3vLg"	0.21920697786791912
"cJLx99fsYPM0SlNfWLb4Ug"	0.44689758813638214
"cMybOpJd352Cb6y9SeVhPw"	0.47205983908880206
"cPfnF9PAvVjamEdZM3wTzA"	0.12345439503782296
"cRDEkJWuXpKzuSYUpmyX5w"	0.4540209290420086
"cTPdZ9Va0HCLESf5gNnXwA"	0.4493049022395833
"cUy8ww2wcqW-1RJLNSvBkA"	0.32041074322480445
"cVPUJEJqjSR1oHjl2JPHqg"	0.36772493507521803
"c_-0jkr-MkK2EdlbJaXgyw"	0.3384836364938426
"caMVCmuEG4rIV8HtTdU9jA"	0.2666838536613111
"ccVFmV2l3xPS4CCcLPwpkQ"	0.4921652637219694
"cenEs8pZINlsu1fSpzHizQ"	0.42115132353765805
"ceuvH6NpDhpT1p4q1w93pA"	0.42084989417180585
"cf0LXwdYZ_9y0BVK-un9ow"	0.4989303396148767
"cgoS2M0ghmdAQM1fvf-I9Q"	0.4923080081150357
"cjFFnWEVH4F62861vJeq3g"	0.3014496273164164
"cjKl-UhaBcqAMN-fPAlA_w"	0.5110263725636207
"cprIQ1e2be5LD7jpPEyiSw"	0.42277971081240423
"cqJBTRVx614nqlLEkzL7Uw"	0.2194183162805744
"cugTYtxVL2Q6Kkd8w4xMNw"	0.37402919014389424
"cxyDANKI4ptp9VdbgEtCtg"	0.4444089018413573
"d4JTF7OUIMpxpIHVl9wPJA"	0.4888980815784123
"d6VYQbeTZ_WdD8Uuhh35dg"	0.4957832937982254
"dC2yhxxVUSmjW1Db7IaKWQ"	0.45855630132922226
"dEty4GN0TJIbdIlMioW8cg"	0.32994336518969314
"dK7sFWvfEQ0Anuz7ch4t8A"	0.5169758569601631
"dSDl5LGJCU8R3X8lYDU7tA"	0.09271615378412283
"dTtMrvC0UoDV-3-8diJYLw"	0.3035041864844808
"dUtSIQouki34zUC2Se-NzA"	0.45350055185403093
"dV6AHcexEq-3joH6j-C17g"	0.2905288339219421
"dazGlP4Rk4nxlyMtlvkpvA"	0.28365243414996205
"dcfh1BEj4EXKqA16zi0TiA"	0.1637830370800348
"dfHA5n6e3f58nMCNHt589Q"	0.3686824225016079
"di6TE2800MRMLomLFsmfrg"	0.4707254522527339
"di8-ZPAvExDPfttxMs3_JA"	0.26585187144380085
"dk5D2jHEK7IoXEFf6zvQfg"	0.4726831205572005
"dpblBM884TnUQQ5xusFMlg"	0.42688662610416
"dsvLqlcYaD0QbVGjVKm-lg"	0.057816298785619044
"duG7f4gq2hS-QW50s-g4zA"	0.43920785904881554
"dyJK_XniS782sIhzWS7z5g"	0.25652856736020757
"e-finkL51hroOJ0GZ8jcXA"	0.2730882044687687
"eI1n8YoS2xKCCpkLQp-CYA"	0.40075477142739035
"eJYvivWUp4Hdc9Tc8SaZPA"	0.45541839494038616
"eQL6UKYvkWERh21rF0Blnw"	0.3802644150756742
"eRGTss9r2Et8s_1UiPBKOg"	0.38964427464989254
"eYE7zd30ltLAS1V3ssdtrQ"	0.35947781314863586
"eZW0M_4K_139Ii6i1YLh0A"	0.2724374292663356
"eZiDoYkp9-OARMpamfljIw"	0.4318259949419248
"eZkD1yUKQA6mAfBJTJPD6w"	0.0879406838047226
"eab04KSBbf30FqB4cH8erQ"	0.4494051678501804
"ecM2lSLuZhxZKQdGZWMOFg"	0.21312975516422977
"ecXP80GWT6zZ2qqZHpUCtQ"	0.36026785454433924
"ewEDv_q-K0fV0FepkHB8sA"	0.4465451305385445
"ey27rNqT2dqBqCP36iCNpQ"	0.25909665262646003
"f-Nk4rNCmJhYom1_6RdWqg"	0.198429803418196
"f1loh_1c_zp6P1Zv9KSaPg"	0.4925378418406077
"fH-udnxBjJ0ldqMeaMAoSw"	0.5100172469270094
"fNhp7o7RhmKhdBFTsJyyxw"	0.30617485733726035
"fQ1sYWuXtVVOFWhrC9bTrA"	0.12128781478985226
"fcQDwASYxBGQHiMIJadw-Q"	0.36392956928288495
"fdX_eu-dCaKsDaK_itNIzQ"	0.2887655167413309
"ffUCy7Gd8Gr28oK5mHOjsw"	0.3596351460131551
"ffUMyqLvDLcsed5p_7wy5A"	0.2621602378011569
"flCF_Vp9NOpTVeGv673nSg"	0.36914898053759737
"fpwMWuKAR8joNW1B4N3e5w"	0.28650244792899504
"fqeHgAtcUxp2ocf_RLErkg"	0.27409897432503255
"fxiZpl88oIrEU_nyLCKWVw"	0.46359963445865726
"g0h7RSrFyNYbxWz5m8ScMQ"	0.48667814364228923
"g3xzSAq_IcF1HeB7yd_LBg"	0.43783713969686133
"g6aWPjcKukfK1-Po70Lhyw"	0.2740875483201615
"gT-BU_GVKDsYAFSxkbZm_g"	0.26303985168139227
"gVTna38clthQRSd9doGYjg"	0.4325203386629845
"gWsWtppVufrGfGWw1HcjOA"	0.37543451828022784
"gdXfiX8gRpe2TeaWZJoOHQ"	0.4925525847117856
"gtHH0BgHFSXc-Z1seIWJ1g"	0.42382529363129723
"gv47gtyCkw_8OyexHrqdDA"	0.4041818585332385
"gwKOawUNlVvt-b38LNgpLw"	0.49585323137730025
"gyDTYm_NDWXEHBPGnL-oRQ"	0.26037796729681106
"h7hgUiuQ9vSczhKdV5YgGw"	0.3615475902624045
"h8k9AFDqj7fJGjRUZkJkYw"	0.4136493493029385
"h9ELiqDfwNktCvLEu1DDNg"	0.0593312314047387
"hDhQvwpLWSzSgZQSKUSOqQ"	0.3506090146699614
"hEUAUdG4fBdYWvPeEASnng"	0.26121884076428825
"hII_nAeCvz-qlyuvbNI1Ig"	0.39731911043592055
"hLnWXojm7NpyXeqlhIL-lw"	0.3530659172433861
"hM48axj9twnf7A6a5f8cjA"	0.4186521785406418
"hNpUT1RRuE6rj-QvnZvVqQ"	0.20956474320562032
"hNuDWMtu56NLz4L1Ghm0aA"	0.41840823274329164
"hOxNKZJ8wWg8Q165U7CCqg"	0.230164469384207
"hVzRXGGhRJfTXIasO3bq1w"	0.254061070014709
"hXCoi8OuvdhIA-zXJiPvfg"	0.22503155490877275
"h_UvnQfe1cuVICly_kIqHg"	0.3088274048125595
"hc81y_5FQjTiZcgqnY8vfQ"	0.35916906187717695
"hgdJyNg58p1It_b7ElAxgw"	0.41928293462813615
"hgktkdzUUvKfx2XITRn-Kw"	0.46031561454617814
"hisaMvsxMzo08xigPIwXiA"	0.5739729042336239
"hoqk5SFvERVDJVXUaFLpLQ"	0.4779327948893759
"hpqfvUCTTstmCFoUg7q_pw"	0.49546552738437805
"hvazqoUUIZEISCu5CiWKPA"	0.5255458128028913
"i60v66vwf1A13YqcIqGD_A"	0.325850485374899
"i7MSJP4JH9yoNpbUsaV9_w"	0.4278509067627252
"i7NqPkLgLEBApeoBsPNvyA"	0.2783401650949759
"i7PG3pFaBLy9MHM_RYzKAw"	0.49084225026789746
"iFlr0eG_qH-cgXFhji7gbQ"	0.4671323904231731
"iIok1p4qnpGAa07xoaXRQA"	0.5285937296707403
"iRHTFqobTR2mQaDg2-Yojg"	0.37067449717284157
"iSOaf_-deg1nIlCm3cuzvg"	0.4265081806788798
"ibVJ52iBKcheyLNOPGU8jg"	0.23214698487595395
"ih3ddtApyqb6W3T1mkdrag"	0.2801784966688669
"iiEjVLb4JDLE2xl8YGR-Gw"	0.4122424975472289
"ikDVOD9Ypyestcw63_z_dA"	0.297649172942253
"imBVeP4aA-aLTdPD-t8_WQ"	0.41170956550142557
"itthpAROLKuP8oks3AaycA"	0.4606749900821489
"iy-t6CyVL2g38wPFY4ac4g"	0.36897388260862335
"izNAs4Ya2NWKppUgKnQ04w"	0.46061720555054947
"izzrCdvwa1TT8rBsE7Ch7w"	0.3943212521262645
"j1i7s55PmOFzJC3l6O8PiA"	0.37657452642655054
"j2TKvVKLMgfJKe_UPtGOVg"	0.4987873648564426
"jCAoPzq8naXIgW4F3_wVTQ"	0.5603282094116746
"jDooRCbkYH74g5Tnw-SwrA"	0.16199104993645425
"jE5lfHPvsuNCJijXWaPqTw"	0.4445712173952479
"jLpufKQL0CF79vBrKwiMjQ"	0.25158459055152665
"jM6YI5V4fYM7OCA1BLKwqw"	0.481876952186387
"jP6xmjbQRfUitOmv5PKuJA"	0.23627865612954152
"jaHKCpllY6Vb_kgQ4DYFkw"	0.31997346649610164
"jaoFwU5mqxtw2JpZrM73Yg"	0.35005187809336674
"jb6yNcKwUDsIQOLYmJCcyA"	0.37933121084138305
"jc8yrgtHvcNwdhc5HWGQ4A"	0.33199430166526267
"jgh9iT5k7JxkeK9gu4VJAw"	0.22384684101752012
"jqNfrXF4e1JjxU3WNj73SA"	0.2966688278832854
"jte_XM9Zo7TX86jlKwq5gg"	0.48109990389405954
"jux9zFaGcIRjrMIBaVJsHQ"	0.4858352310199555
"jz_q2_QTq_CdDbOtY2FSXg"	0.411895028002556
"jzr6jW5cQ0jpPhEo4kGMBw"	0.40775264509479475
"k0sfr75fgFpwwf_BBdnm9w"	0.41407994475888804
"k1mNR7eIi-UWVmj_t23Yog"	0.2662454541862151
"k4AzyNM7a9gtg7-Ig4ZsWg"	0.3376522976227807
"k7-UuMFIGcbgmP6RY0Gn_Q"	0.22547813448880039
"k76zkFY6PbIW4T_Riq15pQ"	0.4097008287484608
"k9RUMKASTB6QZ-NkfnN8Fg"	0.5499440583172984
"k9wv5-0u8q4S75MIaTX6aA"	0.4430988501058802
"kDCmjSgYGn8MbQsnO5UJnA"	0.4400836631716114
"kDu6EvknXAygJf1KSfwhUA"	0.46406008085029127
"kEIe_lyBKdFB6Hv_wsUYaw"	0.3850781708768532
"kGmntPru09mK3w8uD8oI8g"	0.42683670739794904
"kM0RJz-fyNaGk_EH765RKA"	0.3522924959123062
"kMn3BMwhyi_kG8pYRGqUtw"	0.4655735448392401
"kOUnvmGamiw90BfmthoQGg"	0.42870919809607305
"kPr9rYEkGwbRLgUHvKljQQ"	0.21649430002474598
"kUtQT0IgfJaBE-5uP0r4sQ"	0.262744088281738
"kVXyz0mYd7NaGuGdM_VMeQ"	0.31396167367859207
"kWItkhjHRuzfC11CP1E0ZQ"	0.5213742176067495
"kbJsnDn5GWNMC1XsXpJ5Rg"	0.29795927289401297
"keQlXWfz2K7GukqaReVyow"	0.502399038358378
"khHxKm1_x6syS5W2LTX0lw"	0.41008800269871
"kjV76iCWwQedixbRIvC9gQ"	0.3963615550243585
"kjs2IutpZINFnTWx4r6j0Q"	0.47364234966837043
"kqrhy8kaxvqqbsGpVKRyAg"	0.40140526984661945
"krsjoEks-XF-PLKjOJW66A"	0.49236070661207537
"krysT2aEJWNoEUYFF7JmkA"	0.4856086964187811
"kz5UANVmPxpllcoLnZBNhg"	0.1329899856065268
"l40bwGID1swnFoX-PvmTEw"	0.46935375609729163
"l6ChWz5fwhkvuEmThuFl5w"	0.49622050052912686
"lCWebOwMT2T5WKyA_xb8HA"	0.2820563561172178
"lFZathO8GnCiB7KtkeDsNQ"	0.4313144137830811
"lJDnML8EVAc_muLXhN32Yw"	0.5205056844248533
"lMeWUHAkBUXwcuX1tGTdtw"	0.34133709440543014
"lPsT-Rmmf6333z6h6ANHrw"	0.12409797596640161
"lUBlgJ-rDDdwpi6d38L2tg"	0.5138247970793046
"lYbyy6TTmpk_mlYuYAWkDg"	0.36553389588892843
"laERkVWfXVeQcjMSNe65SA"	0.49859319023510185
"lbFkq0Ac2nXeeWBCJ0jZRA"	0.4424356354457517
"lc9RZgA1FYbaJp4JQ4gm0Q"	0.21025935932256692
"lk9FXwKCOxIvXAWF8zr_Zg"	0.37609235145230036
"lqtybK6_GjSqhK8U55Mc7w"	0.3738711026967424
"lv_ngvbgwcP5pd2hauMOTw"	0.42552104618738684
"lwGYjicqmjZqbPq_ZPS3_w"	0.5270725681090862
"lw_vRdg4qUprQEgWDG6czQ"	0.32235956392671844
"lzD08INl2DDUcDGHXsMkmA"	0.2478233539194795
"m305DapBPrW4zwF20KbFoA"	0.5112590691201268
"m3Gjw27yTlmNYG1cuTWlBw"	0.4435570363535827
"m9ZzN90XEU36YnoPIFzkmA"	0.305927535435794
"mCtkHCPp7OFZtqO4Fzlp1A"	0.2958060514344187
"mEuXIK4Njq37DBLmMlz_0g"	0.14090773844612134
"mJAhCy5XbkaeQqMN05h4Yg"	0.4068851807934545
"mKT30qU_MlLj4Ps82JAZ8w"	0.24993967303800518
"mOzxFBAHWwpuH7u5xP0oHw"	0.41242259140094956
"mQBYABs6w5h3BLcsxn1YuQ"	0.3323719587384896
"miiptVrDH-qHT4wmI-Lk8g"	0.335337426254149
"mswIIlZm3ji6lLAjI3mKBQ"	0.2677247470416083
"mtjvQctnZEB-c__x5LXCvA"	0.36303269739170474
"mzq_UgBRWsxTjb7oBNajWA"	0.42011570884912236
"n28_5ElTCVkhP-9BTgQGgg"	0.3313980152365511
"n5BPR_prEPB4B3lxUpoX4g"	0.41774750198433425
"n8tzdLv8oREwZF6e8u7Hkw"	0.13354686559414652
"nD_SylumoZnWevDlWcyGcQ"	0.5154869151545902
"nFWrKmBJvzbHZT090D-Mtg"	0.39696452728256126
"nJClfvVwSrr2uuo_y2wO4w"	0.42699657570948363
"nM2Jl9GS7IGlluey8ieivg"	0.3802431238700665
"nOThVrdk5atLvIEC54pBOQ"	0.24572858012222865
"nQNjtPpAHw0A8FZj1hPajQ"	0.3422047214174658
"nTj1Yi5TyRErrP8k8H3C3g"	0.4501001368273605
"nVw5MK7dBw_JzoH82DCfJw"	0.2869177013646943
"nWP6dgMGmihB7yMsIRmcPg"	0.4668543327991042
"n_EdZHrdiLSaO6IMr5RyWA"	0.4420966748423055
"naPGOTVEpRZavvn9-sFg8A"	0.3258993163630619
"nfxPOAs7FxnLZHKBpP6S5A"	0.5135874618812148
"nnGqETrosXjIcqP4CFUK8A"	0.5330183065130775
"npqc1DO90A5TzavGmYyGhA"	0.4301790717240987
"nsfOIWfXpJVylXvryjEcNw"	0.29874334574851386
"nsgwXdmlWimq9zQ-E3mfMQ"	0.33761242973472205
"nsw3tlB-hwz4KbPYcuaSww"	0.24811890059088193
"nzUA0vgcta7OPwpWPbe7Ug"	0.29885695878341684
"o-D37YVIe0-ravg2HBG8Jw"	0.31627573269473935
"oHcGE5r2k4GgtIFqgZS2GQ"	0.34680363394783914
"oKYUMYQI7AkjCJdRsKlqtg"	0.43270445102417887
"oS-xaHI0FLjfEzHuuL4GKw"	0.40539952786010464
"oSrTdvRGrJ24ofcquIFoPA"	0.4265715120478528
"o_nzVUVvwBYl3itDdzMddw"	0.43268695021072423
"oezMXnkdUQMuMH7RuKaiyw"	0.03632877124129696
"oglIZt5mg2nErhpTH_AakQ"	0.01761061497334402
"opdNlNy2oGE2mxuS0SXR1Q"	0.42577169407199716
"ovB8CTMCU6RTB9xTrOT_kA"	0.5385682764723421
"ow93ue9XJa0uesCmdnRhEw"	0.5141237684577721
"oyoMj4yTMybdMRADjFPXiA"	0.44256255964830776
"ozAb1TjLJqRH_3pb8TaPTw"	0.4829342389480297
"p43Do6Lc9zdUMBFIVT3c0Q"	0.47705587193420435
"p4h2-y4muYzTr94pBT4mZg"	0.4072040026418697
"p4qvXkb34X8hgidxEZ33Gw"	0.44983728976076126
"p5LmGtCNBI74xmwhSmyo8Q"	0.4006363903355477
"pH9HF3GfJKJAdKDHcoUI4w"	0.350652980759176
"pNgDhHaeFkWQW71NzT9wzg"	0.4099186006579317
"pTvL6Upfp91J1ryrCZpzgg"	0.4078371130009324
"pUmECN5N94AQAe0DtptuYA"	0.06372550824727753
"paNjgpMDRhNzBj6xzhHPVQ"	0.08407686059433456
"phrJCsa0I_OEWExpiTET8A"	0.33334751911944543
"ppyUsjr_baAojLKyAAO1uw"	0.4321944995725202
"px2hJjx46o5OoTud_AdUHw"	0.47573181230234235
"px5h245j44u_a2bRjDpBxQ"	0.3400895444838634
"q7O9lH4PaBZj3FTIhRYnkQ"	0.5372468213347419
"qB5m-TgJx_zeWKLLxKRfUA"	0.35630675730302075
"qLYNdv7bgA7OOOKTxu0giA"	0.2761311305221132
"qW3PBsThG4A3bXz4YnPvIw"	0.45894822491577736
"qaa9M_pUfOv0BPRcnulk4g"	0.46053041305656284
"qkDlRkNfrXE_4t2vMrTo0A"	0.4395835147926487
"qnuBmj3lL_S_QQOmTI9cfw"	0.5045321819194103
"qv1GkpAHu6FszLnWt-kojQ"	0.32677427542309356
"r4RCtOZxp0nXpuoN_Usd1w"	0.4004045872868364
"r5qUfdiSL2_hHfdqXBJAMA"	0.3927568117784588
"rECtpzeqtOdR5gIWiXoGfQ"	0.4257088151990294
"rIgbi8lCr85UIKSQDVetZw"	0.4207160575821153
"rK07YAIZJBFrvx7Z5k39_g"	0.259078235543916
"rKUyL4Bbgd_ipQI3F9i3tQ"	0.33893142659513414
"rLJsrXyY61bouCfH58PKIA"	0.4959493309548546
"rLwxan_oYkL-m8ldqsHuiA"	0.4680470038114507
"rQl6EuSaEfFLJhMw9lR0xQ"	0.5032565598478487
"rU9pDF4Ir0GlgEbx6cXSYA"	0.32844528181444094
"rZRxuGOxTaf11VcsMviQwQ"	0.45855952793348537
"rck304cyCwAxQbUAOuuMwg"	0.3564248198776664
"rcqcUiO5vw7nBcmpJ7Y8Wg"	0.38540483106719425
"rdXAuI2fKilcf65W-QoASQ"	0.43113104013869097
"re8VPkZFSdkj1TvDKtCWYQ"	0.49557175882717386
"rmNTGiMG8NH31b88tUNNfw"	0.28925989360624377
"rn2uglsCXkHq5eWppZkjGQ"	0.4325075355246744
"rnCmWkRXSWNgwC6TYGxp5w"	0.4542457322639252
"rnx0KHHTD9Yvr2BWAWwQ4g"	0.23618203701764237
"rr-8WQv7TWFP3c83ypc4Cg"	0.19274843358285865
"rvsye09KiUNW_Xa3mygo3Q"	0.3602171245447304
"s-2MJj4o8SGOKGcNjmfx6g"	0.22945285631089932
"s43P_mLoOI348Ts_O3kTTg"	0.408962332945153
"s44Pr0mXmAtxiRqz_m9CPA"	0.3870294113824036
"s8sAe29mA8q1eQwdC1qAKw"	0.4187730384437827
"sBoifVfW-caU7Hq05QMJgw"	0.2920356140260543
"sPd3E7lFzd_yooiq-ekxtQ"	0.44681328435947193
"sPtBFklthW_Eq-SAAp068w"	0.3361358121624419
"sUGlSS0AF2xPYFEjvKJbSA"	0.527819615046734
"sWWMidrpQmXOhCTrs6xAZg"	0.48823410873461764
"sXYkjcuGhtaYP8yeQPaHgA"	0.4723565984890198
"sbOlgkiKttP4Cq_p6Z-f4w"	0.47609078118429404
"scCQqfGfHipwVV43opvMJw"	0.4713230568412267
"scLsLrgdvccvkPZADAj5Qw"	0.36922643623335893
"sdfmHavBrOZMMsiBv2sg7g"	0.41154165585071406
"skJ-AlN0DT9pmBDz0ixeJw"	0.36516093119647647
"sqOoaTxzCS6w2T-QNKhUiw"	0.2997750715711802
"svPjZWp4Pa32fwI2gNlxJg"	0.42455431933337784
"szUlmJA4MfIhi7xbtsQPYQ"	0.47080217872151225
"t-LnJne10SHAWATKYdQdJQ"	0.4667864915375882
"t-NF_3LecjuOlwiK-Gx2KQ"	0.3496978933997013
"t1w-AqAHPL-apnKtoboodQ"	0.2282617371119187
"t5fosfj3K4SXi20u5tSOIw"	0.4181501029793875
"t67GMPZ0cv_ItKlID-JFiQ"	0.4475286805999519
"tAsTOl-mrPX3kiiyz1a1TQ"	0.40382205917688335
"tMfGHhwGZDXuWZQHd1a0OQ"	0.45545164166670227
"tORH_LDga3t1bbuluhuxiQ"	0.3529379382379191
"tSzIHI6ioblP1WEQAQNbhw"	0.3515718976279515
"tTjXkqN-XVLIP3Vk9EozJg"	0.2501645141324171
"tZOMMBJEzkJo6okIwG1Pmw"	0.37550339152405465
"tiaSRKBTb7edKIB4V5qFKg"	0.4629801016958471
"tnRZmWnVnq25S0Hd4h-L_A"	0.0011020524330042306
"tr7wv-dDSQBdMzEqEJILQA"	0.23614538741004606
"tsDdetbc4qtzgAPtcLH87A"	0.5209065108359073
"tt96sjIQIKgtGEvRHhLfBg"	0.454223367866809
"tvESBMlJsaARw6hXoRCdjQ"	0.43173101435425626
"tyo6QzKpnUVTjXoq91FBuQ"	0.26652563093444287
"u5YFVrxuifUxuMRbRVC6AQ"	0.3340216231179991
"u6sbx5j-06KmPxUwY_mDqg"	0.3262200959041751
"u84eyOBILlFQIc8fMFCoig"	0.2983321496929401
"uC3qwaxsOkdJzpOc0v1Mog"	0.3448852296872228
"uGCAHzEcSXAhRxtDv0M2dA"	0.24518206120023336
"uSANDilamc1QSiCinFSKYw"	0.48710965794649197
"uTGV1_Bu-B26_RoHAMi2BQ"	0.2694337039966684
"uWZKPQs_TVi5qHeL0jIOCw"	0.33754541007708705
"uYoSb2rNi77LMQZ-Nn1Epg"	0.35958796439230845
"u_A58uX7x7AEOKOboFGFpg"	0.3577147527050384
"ubEa6XiMt6gOJ9xsUkbpEw"	0.363241433661566
"ud_eRNQafA2cW2ZFqfTeww"	0.2995887730756996
"ues2rFe_hbRC7s232PX5QA"	0.473509885553035
"ugdUuApH3pYXggW5qpbALg"	0.3368207444117499
"uoUa8ugZLrly0bA268IqEg"	0.5315319871409543
"uoV4aDfXbRmvyHSezdn--w"	0.5197047409423957
"upI-oDFUBr_P9Q_waV7rmQ"	0.3253525097773205
"uqnFLc-1MxWw5f4SIyEf4Q"	0.4890474907007282
"utC9M5BetVY6GECRyZeLEw"	0.47692959262784695
"utQbhURq2LEPZX7XjmYB3g"	0.16762844539793847
"uteI0OIVarN_qkmORgPPgg"	0.5373284178824803
"v14P9-vB1yjxFfFEYEWudw"	0.37617979028508075
"v2AAGuPuH2QGGwosWZw_qA"	0.24832693544743842
"v3AS5LGeV2Si4nOHZ7lgxQ"	0.4795484840269128
"v3Ec04i6x7NC1B7YFoA4GQ"	0.39132003428616596
"vKlfioFE5L-ZSUIbg0NY3Q"	0.4961366231392625
"vL2XhH5KWVY9ZV6SCjmwCQ"	0.3105372555749202
"vR5Hppx__U_VXObK8VPLOw"	0.35302771075355543
"v_2mB4t9m8DpIb_aM-qXLA"	0.3823137362504336
"vahVdHsH5HjThT0Sa2mThQ"	0.4907978469090947
"vn5f16PcHU-feucWgK7r1g"	0.3774230722351615
"vzqzoa-plufwTsQUwW_s6Q"	0.48031524059541003
"w53wITixOgDFWld-X1mMng"	0.5290957779795807
"w5eLKjDBu8N_tHtXKe4j-g"	0.3877976525655952
"wEisic-u9Yj543iYzfpAhw"	0.058339476544743654
"wGPZCNenq5HYb50Ip9NXAw"	0.4161142774093494
"wGh7BXk_Yg7VXgb-_VObGQ"	0.4833728845275458
"wL4xGOaJcpsWxbd8OIS05Q"	0.3423669002698325
"wNdTKpis6nxehbaZP0XwJg"	0.421673326078373
"wOZUfs_p_AO1zXGkBcX2Bg"	0.48356336725642984
"wPRMHVXKndQZj2Or2mCz8A"	0.40050215673830325
"wQgY7CdljLdCJm6XIk1HuA"	0.40376403725229804
"wUqqq1nUFA8Fn-3vYYFyWQ"	0.5216263478467743
"wX8btbqgyFh0yHgmyR8ovA"	0.10592418692385276
"wbia2cGn5pUSCZGLYTu0kw"	0.3990174864518745
"wj98N3Jc8uZLiEML_J566w"	0.18496868993435675
"wjGIbeYiciz3ynYIEWCRHQ"	0.28178573870434775
"wsmVIHJEi9J_38dXx2qLKA"	0.04128819421488729
"wt6SJHPEknFUWjn67_wKoQ"	0.572652628367205
"wvCU61bSTtO8Cj7dhyrfMw"	0.24943232123166004
"wwnuIvnVLgpEZOKzcdfDhw"	0.42003211887407554
"x7WmDyWVYUy4sPfT69nk5w"	0.36088378002142735
"x8EXXJpcbrIeaVefej2aJw"	0.3137608814370918
"xI8GXDAdJcPX5dIP0acBvw"	0.4657196708963481
"xStWlT67YUdrdhfrNP0eQQ"	0.1465341742674297
"xVpE01l6ZXdEtVf5PkRpDg"	0.45032556912608646
"xd94CG9wqwLQvPsrSC1l9A"	0.4203403489263592
"xhc-bSw2Cz2Inskzjve3Rg"	0.37484179023607905
"xkF-0GL_TKkU51xWpItBTQ"	0.51214192188473
"xkdgCrkgfbI80Htst6-Lbw"	0.3415918986623916
"xtDZdPaHwhAwoo77QV9Oeg"	0.43302316465379115
"xzGUXMDKa2xw_TJ2n4WrNw"	0.3198652926058551
"y-1sMhUMubrHWdIW4FaE8w"	0.19293959269950922
"y1H7Q7rN9JmySXvwDVYD8A"	0.3064175496835548
"y2I0Yt6yr48ZgUvR3Pe7Fw"	0.2713853791863982
"y2YHddCEO-OLukNppajGIQ"	0.22477355405090976
"yLH9mFFwOlzFB_fYKpSyLw"	0.4462439586424254
"yLrCSSrSnpxB-0ZEPt19jA"	0.47768160231959295
"yPgUkQxj8CYPKF89HV65kg"	0.4706046387003278
"yYgeUm-8qXhZiqTrVyQrKg"	0.4047017342191013
"ya6BOrPTHYLKo2ectBd1EA"	0.4896672282547362
"yfvldEvsIfzcvWqmU8un3w"	0.45609165899708615
"ygjJmeiGoO--QpTqJ_kZjA"	0.4760804547736213
"ymGn0eZHFM0bI8Ig0EVXWg"	0.3127228486391707
"ytX-rw4wwOgmzr1n5RuxpA"	0.1538471506911397
"yvqMh9kTv3Kx-tocc0DFBQ"	0.30133766281990443
"yxj0P4O-ydn2KTzOut86QA"	0.3121025189044569
"z2Etq4K6YwbV7P5ENVYEgg"	0.343891928813061
"z9DkYC3QDQ-Bln94sYGdsA"	0.20422514622853724
"z9lOfnUorcbWR_xS0DSeHw"	0.3751127366889157
"zEGAtxktaC-r5IvvZVgjoA"	0.22402783387211478
"zERyZLsAyB47bMZlfUV-SQ"	0.3873575631512745
"zINKP9rtvo2IUKTZoYJUvQ"	0.46862043845808066
"zRPAUz1Y2pF9GAKyaGdBlw"	0.4588083079533071
"zXb5pP4zMHvmusweYfr9TQ"	0.341100184610921
"zY5Y1rYbS_6zrs1s5Ea2SA"	0.37500971544818995
"z_2Kc8bPWv0cGEO_jZzxWw"	0.29813994509232755
"zi_qqjCzkerE2dT-ViE2JA"	0.2712840967204351
"zjkZ0apVnRKpF_vSyGNkQA"	0.3072109087995053
"zjwdU1OdlbKTGjm-IfD4TQ"	0.4880152420787574
"zx_eg_zbs2pyDU4QmCXE1Q"	0.536268929197411
