"-DU8jf5nA1_yaOqsKsLqmw"	0.36722308417720395
"-F0B5F1YLx7093otwgboxw"	0.48883202577128937
"-Glmj_sxqCu0F3G62kFt1Q"	0.43763772714838706
"-JgxoIIxZf0q-PGD7P96Fg"	0.497701386829802
"-Mm4YqCDM5CqSDDh7HI6Zw"	0.34287345400167313
"-QjnuSMIAJhcwOc-8BqalA"	0.5307586037206664
"-V-fpvR47iZJ5jq8Eit7ng"	0.3357474185036256
"-_DxZ8gKU50sfuZEu4ypKg"	0.26988051551314424
"-dFfucHmOtgDmDneps-mgA"	0.4335869103895252
"-jehSax3LB7Jm4fzaWtegg"	0.5186232662744452
"-kTHAUKuzh7cFZjVAW55Ug"	0.38385530711928106
"-nZwVZqlk_ET-dpTtvEqPw"	0.44592851454410115
"-prmBNT8sD8V2o2kXV6Ywg"	0.4397701030777951
"02E9r4BQzVrA76Bf7G-KMw"	0.32072934114873014
"06DxO1hUPQJmtUzIbVNKwQ"	0.07910962450218932
"0DwMrcy7_X_C_mP8_QcXug"	0.4664489876029959
"0FXAHiDs1Fkr3V_kK8b1SA"	0.5270530488737435
"0G-WFdOu3_KW3mBZJQq5Cg"	0.48513973857752274
"0KufZ-0fcNdHmLGgk62ZMQ"	0.2196405730185474
"0LAjD6m5LjiSbiajp2SR4Q"	0.4758466416825309
"0OflEYBTvbX0EUie466rhQ"	0.4145817867841873
"0S4mVrhhSfTsKRtBF_W_BQ"	0.34724106815242795
"0S_TTdArnW8BrO-Xsp7EwQ"	0.47385717301463276
"0Wp67zZWeVm8BfLZkW72_w"	0.27207606379305843
"0ZPuFZMMYfRa3FRfjddCDA"	0.43005642393008264
"0ZZIqTdEb7yUa13QZLKuGQ"	0.37142164263234956
"0_3vFRwwoOxu6PF-N9gZdw"	0.1771002500858769
"0kyVqnMoflj3DLDecGK89Q"	0.30772610729825506
"0vvPP6Ir2723kjRZFJg7tg"	0.3447254979390363
"0youcKV6-eE3F2MQj1l6Fw"	0.3563213555940138
"1-3QXTEwl1pfZn9kXFgN3Q"	0.47952330581347424
"10Jk5ilimXrfAq8JJ1gISg"	0.2737697924625932
"112pGcb0ZB666d_IwFt4jA"	0.38090003347168316
"123cbSJgE-BzNCzXV_7r0g"	0.40724421520186693
"18b_QEiqTD7cwJTLjNgw3g"	0.4913929508416948
"1FK7hoiPMPEPG0bRL4bi9Q"	0.2862119105375173
"1FRf6pdx7AtI6HZXIlAZWA"	0.266294213773262
"1FbPiw_tWdyjrUcJa41Zvg"	0.21087891024120617
"1ForN8iXqYZ_dZZcOkvVeA"	0.18796742966304286
"1KRnx1P4gYlkpmezGTERaA"	0.3463830161759853
"1LbvFwxbLepIpDasI-Pshg"	0.49883743277813897
"1Mf0UInsuxMNfJjzy0rTBQ"	0.4790472544287719
"1RBh8N3oGEQpu20Sq_BAwA"	0.29545750461006337
"1SJiW_mW6IlEe7hqMTnjYg"	0.43375129461871575
"1YGQsn4AHPbcVsRmHqbeqQ"	0.48572003171266465
"1gQrMs-I8oKg2p-iRxznzQ"	0.47419737153761893
"1hFksNGqkzHBgYSp8H394w"	0.383321430664021
"1iQFx2CcAWon9JaBOJUZJw"	0.4423864026676937
"1ktw2saTrIr_YJSxQjhnpg"	0.40535570118747993
"1u4EvujoBP37oEL4SGLpgA"	0.3254789456625115
"1v9TVINzMod7JfSQI7Aayw"	0.21444385361718218
"1veVZUawy7IhIc5oDpRRQA"	0.22734204745492984
"1zI3trw5QLNdypXBfudh0w"	0.23395968495108127
"1zKjojtmAHuVOHhtGVxC2Q"	0.24851259702421405
"228mfqUuGbnCs1kiupJXZw"	0.48223921200675113
"26CMx5t6_h5PWT4gcae4zw"	0.372219107496181
"29Qe90Oep3S1nc0iIOFckg"	0.40201293292371376
"29TiCPFXWtmg4kjZSZIvFg"	0.5405409335742979
"2JeciNHrJE_tI-o2tUCu5w"	0.2799873623799258
"2L0I4w2_32aVJq-IzhZSig"	0.3165757973236678
"2N4AeKjw2WdBchIVqYPv_A"	0.3080425808240229
"2Q542Nf2F84HhdbhGCC7nw"	0.2870758610959219
"2RmL-l7oQQOKNshFMoKl4w"	0.393062720942499
"2TC-P3bUwz1ZYxpqAlCgiw"	0.34913331675368564
"2TVZb3GdY6XvX88jbOofIg"	0.34753032392809363
"2VUhmFkIvARpEP9B5dZo9w"	0.393731492218181
"2_l1ufFOkdjem7YyQgfWpA"	0.3085568958489669
"2alo9GzeOsbg4jeKYFQmxQ"	0.478367615803082
"2cMWPqJLjQ-ZvH2HvJvMsA"	0.2763594246337064
"2hJNAFFy2qOqmIIKFjcw9w"	0.36941955096735
"2nn6Sx5EFpzFbsy5cJYHUg"	0.4305700633794451
"2qTT_zT99eHT4XqEJTOKLA"	0.313041060748728
"2r9U0--QqAK0JjL8vxB7mA"	0.5020907260725314
"2tfMXjOotr1r168mVttUmQ"	0.42585842493635273
"2xBcxvOUrizsvLyPm89iXQ"	0.5251235556338055
"3-PNVMyFBJEDAGghumsY5Q"	0.34609377735684904
"32DUrg5Thezf1eGsWK6Gdw"	0.4124476610501661
"3Esl4FVI9Rzl_KSmIiMgaw"	0.33457887744223025
"3Jx9x7QTbrzXcigublX6RA"	0.2636426814921937
"3OCgpAos1gmS4rbWTIjmsQ"	0.28386194224432815
"3RnhYptW01qZ6rdPngojAA"	0.22506640690261312
"3XCW8Z56FFcHyEDa4nLHEw"	0.21736495103024528
"3_STYcEwVsieJPo0GWjxLw"	0.36217223655950836
"3bM9rmjbaLOrlS--dRzZAw"	0.49703987849919296
"3clxZHgsvAIBTWiuUM8SYA"	0.4492462791887994
"3dMAswAQk0ehFvuE8V8RDA"	0.46096824441570644
"3hfd5KIWTEMdG0remWYoyA"	0.36419032338012075
"3qLTly2tgDgBMVKyoK8O3w"	0.5085020522942746
"3r_y_cjRlobJNApmXDJoRg"	0.19574305672748235
"3tPemruVItQW12O3tYnsxg"	0.3455101426348925
"3trdX3B7ZwmO2SKpQ9UJrg"	0.5365306037333964
"3vZ8ECJuiEZIuDv7OQ2NHw"	0.36404529552641773
"3z6gQVDbWuykm-a8R1YyJg"	0.4541493816492106
"423AAbu0yBoDMOeVwnLzkQ"	0.3406356019015348
"42rDLL6vNJ5w66Ccj6a5XQ"	0.4781197816793084
"4GkiahNmE3G3-RFn3xrAYg"	0.4303805132870242
"4HVGgGI5rKvUJcaIV7ub7Q"	0.4511825061494839
"4IdcT63iE5fNrVzayZtKEw"	0.5540752168534792
"4P3zCFzQ1tT_7PLD73gMvQ"	0.4656939778790007
"4Ro6AiYhiinh6hly2Pbdfw"	0.3204302669815888
"4TFm4xk1y3lSeInw0r0ALA"	0.49268250154773635
"4V2KN03EJMzaoOmLOy5UhQ"	0.4661559657602246
"4_sXnBAHU3lGxVfPUn0CNQ"	0.3500431497355304
"4gO38_nlrPCHqEcs_6-AAg"	0.4411830009115334
"4j6NUmLWCvYEcf31BdlQ1w"	0.26494014947143374
"4juuUn_vuJLP4MMFJetXfw"	0.21873044744929646
"4pc7356HgsRdDwkHf2BVhg"	0.5253065115997038
"4qCYRklxSuTdN2z6dC2KeQ"	0.23437618133841331
"4s-eHLQcoMqAgfzbiQsKIw"	0.3903665643189159
"4sYUOH1R2r4mCCJSjJ66ow"	0.3277640651449698
"4t6z1AT8qBfwaBm13d1GMA"	0.5408626523082006
"4tc3kLlLuiolIP4jJslYYw"	0.5343358982163365
"4uMAsbmiYC3O6BfsMJJTJQ"	0.5317572539525848
"4xnVH2jTVwrsO88q_jHWWw"	0.329776087578316
"4xnurYLQHpLgsVcWB2fEkA"	0.5167755946014182
"507j6A0IUBSYFgTOx7YABA"	0.3974258847532482
"51kUjAGZLtDl1K3XV_UXxQ"	0.38944552338829813
"51w8nETUAMrTNQtuH9dZYw"	0.35496973574605356
"54kfE6vauORUVUifLagkXQ"	0.52703016958657
"54ne9NBqgiWQAx0-RrOaFQ"	0.436431699233284
"5AWuy1gmFuqyQfj0484fcA"	0.5618554058796127
"5CqM8dr3d3LI_B-1_-5U7A"	0.25536123906782293
"5KluMMlJvYZGGFpGjdBDhg"	0.32329294400237296
"5R03yx9yR4VkK1L-Waj4Pw"	0.41396577147289404
"5bonqFfEp6nQ7SgBPzN4Lw"	0.4564138357266062
"5indH5UpallkkTNmXTMn7w"	0.4948843135988808
"5jWBMCoR8aAXBM9RNyzzbw"	0.2364728970002085
"5mJlO3oCw_4vvbq1qM6OEg"	0.4905750617153697
"5wyCSyKqUCjRZKDaWX_fmQ"	0.4659042588709301
"5ynzVV_kayd5hfv5Kt6Vbg"	0.37487934781341103
"628tNYMR-o_e7SGjatZ8kw"	0.2966043051656614
"63ieHAevJ5szVnClT8FzGQ"	0.3611972598361175
"63lBTe-rgqR_LcAOh_xuPQ"	0.4317095840757892
"68kpmZBEb6x7wG1HBeLQ3g"	0.44873921174085213
"6ExIH5FoPyMRhtz4p-2K1g"	0.4191422197871461
"6J2yA7KwX9aU5lP5OneWfg"	0.37629146185106815
"6MlO4sGzERjA8kq5rySspQ"	0.0470770274704416
"6OhgauonbNtqLRpXXn_nJA"	0.26160415644674273
"6TLXwyo6rYgi_Tc2yyEgfQ"	0.3878311376567991
"6TMNUvxPfU6HnNMVa_Fv4Q"	0.36796881012976845
"6WdKJJbK6EC5R8PKGWMsng"	0.3952960429157204
"6XkWMEJc3ecJH6HKKjfclA"	0.3190859961081509
"6eZSIV10RAdZRNXQLE_w6w"	0.4222463005018654
"6g8S6V0iyYu6QMvt0QfIqA"	0.3014990889230207
"6h5UmbIV4HPFj5bklXj75w"	0.4835413381578362
"6oOIpBNo0h3hrtx8aFCv6g"	0.28941257224580674
"6x4BDO6DrX9QXecdPCpVwA"	0.41638290452112686
"7-K3HAcYkS92V0tdgmM2_A"	0.4048544161940084
"78V1WQHXc5UUfttHm07Grg"	0.39182728320520654
"7FFlMoNoIW5W3KgCYqknmQ"	0.4771039715808556
"7LzhLKAwS7PHUvaPIW833A"	0.5357441581538176
"7MZArBbssmSOt-IPpR8YWw"	0.4363383917005673
"7M_wmSKg-qljRdwafdPKpg"	0.5218609799291539
"7OaW_FuiE6jObsoCBDw7gg"	0.12001327249702572
"7W_PUqiBmoe2PVFGQ1ZBOg"	0.34818227694061005
"7cQaxDXTxNu_SywNDsTS5w"	0.45136245265197833
"7d3tmP0XIFdjdqQ6hBRA4Q"	0.3530589660867934
"7fiRVsawDX0vCpoMTbbxcQ"	0.5044690340713168
"7kjQBf9FvS-wUXawx965QQ"	0.21034403522552553
"7l-TZk8Ckd5Ct_QQ6G5tuA"	0.5681340084816824
"7oS4RyfwnQ3n9fARzjsNNg"	0.3688205873668769
"7qM5o9edXqf0Qo54Y4ABEQ"	0.24216563926861248
"7sz9Rw1dbIEfLy-L9qB3Tw"	0.38557020103308004
"7tiobQOY3WLYYJl4uMEfrQ"	0.29393004624706986
"7toYPf5ZAjCkEuwaMPtDwQ"	0.3974005407392632
"7tzhoEyaTLxdwkCWMTUbZg"	0.031868295001182725
"7xfeQhen2wLnvFuQNvmTAg"	0.432092542096143
"7xmuQuhpzBlkkSbWePFeVQ"	0.2987175486785175
"82aapoEF7sBcxrrP9AWiEw"	0.46863458834162397
"8B6HoeMy-xCeOarkMANdZA"	0.5113153143300871
"8CRoFhyVzple6ji3S1_L-A"	0.37990769621291665
"8FBFFu--uMxj2pxMESeOeQ"	0.047029604562131185
"8FZftD3Y5jQ2R44EDBqhlA"	0.487171070342854
"8U6EmwNaeTnhKbhBgIZPGQ"	0.3129352677309505
"8U8B2E4F7u53fkfpqkCIWw"	0.5151492391040949
"8bnX7WyIZ_ZMoUNnkkFa_Q"	0.3674243288861074
"8hwbcCNUv345Kw1xfOCcWg"	0.3788646741279114
"8pftLQ9OT2VKbco_lf7vbQ"	0.27980096315477654
"8qTuIU_goGWDoFdYFGLJUA"	0.45849518871110806
"8r9G0fUJpCFnbFWMdzzdMw"	0.4610528472949496
"8yZ_nBgRC3CT1RFJC6KhXA"	0.4843825898106548
"9-jtewo0SHAyBRLljyyaGg"	0.4739323252662633
"91diBNaSiwHr6tUXXJee-Q"	0.49478435096380396
"956ZfpypyxLLkRmlaHWGkA"	0.4317811900149591
"97V91GSG-OQvrvOc9GXoGA"	0.3743642831713115
"98XJsz4hbDBxzowVUPC3lw"	0.42913094601350854
"9Dpk8U2-7bETxk6MSfCM-A"	0.48166357635053897
"9FgYJqenmSxWdM4VH0Z6lg"	0.21042481994443749
"9H8c6QYpgbQng4XD30wq-g"	0.41117805139430397
"9Hcu2bRtzHtj4jhJB7By8g"	0.4453980843306834
"9IJ-TE4HEcAJQkUtc1A_Vw"	0.3157442061472429
"9Ii0ZUKw0zAus-AnI00xLw"	0.2950735839884703
"9JUynLfWPwe1X9gsJS6FTA"	0.4136886662570316
"9LAXz_VfATZ0kLdaavkN4g"	0.31807965819925915
"9SrZRDl7-ZfuENCo0DjfsQ"	0.4077419491899874
"9UH89MK29yaYa5BV95kcHg"	0.32738656150243106
"9YYBnnVT1j1Y61e6qb9oZQ"	0.39640320096200354
"9_0FtoabuC42T7AWDk5_sA"	0.4262975225409526
"9bxcpud3GREFOxKY2cbheA"	0.29538537101708123
"9bxrdL-pQg6SVMFmDcg1ow"	0.5096868541501902
"9cyYy7cbboWsth_4yd7XDw"	0.46899942707137376
"9duYfRH4imJbucLiOCqUWw"	0.35355715474512567
"9gXWjHAhDpzy1x6khHehrw"	0.41115125146316506
"9k8cUeIuVDHhDJVw7bSgwg"	0.18154826301152033
"9lDpO8fpgZKd18yskBM3Zw"	0.32522796765265083
"9mI2BHTu0at_JA3RA_AEeg"	0.4850925381031817
"9p-oDNOVSG38rRN-15MviQ"	0.4654892687263784
"9tqtjCPLBs_WSC7T9p6ruQ"	0.39194871657364483
"9x6YjEmCwErs1UTFuYDOOQ"	0.3445474509344496
"A4GjSb9NhUKGUoyyGHNwYQ"	0.4250543863486469
"A7i_H252XydtrK7BUTvoog"	0.5414588200401778
"A9ba0gRgqCQO2rn2_BtWqA"	0.5282743265567243
"ACfokx9YuO74JJgQnXXljg"	0.26900633138190994
"AFL43sQNnLsEhw-jspA2xA"	0.34386523310672495
"AFafWFYGKjJZ1pTvjnot2g"	0.39763894527201993
"AbPQf-X7awuPFDULiJ43bg"	0.03650289913471069
"AdhoiyQD1sELIJNNE3npDQ"	0.4493431338807969
"AhQu7mLtmGlp8U2I-SV_jA"	0.31123885836147663
"Aob9kNExpqUX5zD5culM9A"	0.33005046300255375
"Ap0dtO-8P_eg9uAepZyj0A"	0.4449993214874677
"Aqhy2ZYpEeJ61aIJH_iCxw"	0.43481757277638233
"AsVR-X40wAzI7z7oRpsbTA"	0.24683084308340675
"Aveg0GSyXhU8tTlH5Ior-A"	0.4880435897699283
"Aw4HH_bjUL8L_EU61mgQHg"	0.4963754828062195
"AyzyqTk74oLJrhS_PdGA1g"	0.47148562041624587
"B04F5Jvb4JsZdr0Sc9mbgA"	0.2528232730353079
"B0qB9pWaYOFx_iv_KNSLbw"	0.505492732460992
"B2lr7sQv1NDujuD37tTBNw"	0.31009399126360443
"B2yz5yAviP9sj8p1G6xi1g"	0.49291066998441013
"B6nhGEqt6rzXw6TwltTspA"	0.4577930259038087
"B7pLK62P0rRxz25HV4RXFA"	0.3854466278618991
"B7pVrERldmQmrbkSU_wjgg"	0.45229404876513446
"BBpEOprko-9I8bnon9N0ew"	0.35484064736900195
"BDgfcq9xGZFtePH0YyV9ZA"	0.41213364763354465
"BF1orcrZTPLUOx-tRKcAGA"	0.30852293162668804
"BLfCMa2yWNo70D3wwAxwow"	0.2829939367028604
"BMXeJPcosAxfLU-6baO_0Q"	0.3821628905949573
"BR7lkLeaLCZtUBvCLnltww"	0.3180397138733567
"BR92F6HmOHq-uKtMgyr7rw"	0.39965346849701505
"BT7FeQ8VkpHrU9qihvGD3w"	0.29639489528038326
"BUz4cv0BqwLA4Vrptp1OxQ"	0.30517663609744494
"BX-JlaAowcQ5FpPsS4d9rg"	0.45297700104399646
"B_ouKNVsEDrGHwec280CAg"	0.4226297550147271
"Bl8_M_kDXZt_zsrLRgDulA"	0.040079750453367285
"BsvCTCVG7lrzXZ68VyyIcg"	0.405525438146061
"BxpWf0-aNxjpfdZcULR6vg"	0.5892777107540313
"C68LYoOSiitXTczAFXjdiQ"	0.44386663621149747
"C7dj06ZUM-5P-_DMLckcVA"	0.5053491851457225
"CBgcKcrbN7VSoofxCsCOBA"	0.45300772889771224
"CDqPVVvQtVncNQGydnZy7A"	0.26495593708214316
"CF2abR1isMzLfRPzjTvIkg"	0.3660704561064407
"CIUI73p0D9TSCUvNznn_Eg"	0.40071789797410595
"CJvN2k3gjR7JspTx21icTQ"	0.4044186969762709
"CKRfBUqQGaVCYTKN5kDrzw"	0.3958555216251859
"COUJUfrodU-MH4tenlzoXA"	0.4796032553313815
"COszO5BlwqjRbZ_IUqExZg"	0.3852546390926343
"COuznKd_gb_N8hlOy3_i9w"	0.4227688759907176
"CRSr30-6ZZnT29gV13_eqw"	0.4556507238543137
"CSBNoeTyY_PjH0Wdcw7S2w"	0.021674489574030745
"CZjWBiv0U0UFELpJ-UDUfg"	0.24936748090073454
"CZzRtq0HQKwbBaJJi-Xpnw"	0.2576051438429071
"CbsS6VvPsIvpytUbLAu71Q"	0.37679535952571913
"CfwrsG76Wm4iLS22v_wAcg"	0.29261937030999396
"Cg7LzEnDacKMrNaezjRGsA"	0.3600421803962787
"CiGefVc9Uc-4H_aNgOMWhQ"	0.3554413980414033
"CikuTcu41X3UZsp8YjCjSQ"	0.4282384736820526
"Clg5A2zdiFE-4BDEbfDkew"	0.38448770800758036
"CpC1vapLlvPSCPCE_wtVgA"	0.27177672827909183
"CpGUTcon4cwFxerQUcA22A"	0.4840101242069044
"CpUfCSFoTNlZRzzz5U9V0w"	0.34841642815655377
"CtYWpX_cy1YdZgoKtS0Tqg"	0.25768705453979424
"CuIPocteo1F3LEn1OqUoHg"	0.4332730564578828
"CvP516pjOdcJJkaMjl8rPw"	0.33706489116365274
"CxIIq9axHO89F3Y8l3WwHg"	0.21209301602421804
"CxV9DJCxc04_xkDRSrfgFA"	0.42483833263777604
"CxvirkRLRYaspG6GKn73YQ"	0.4770892857424527
"CySpYWrovIOGh7hdz9ahOQ"	0.421419275295378
"CzcfYhCbzPoVEgVZfOgw8A"	0.5121513927403043
"D-xE90Ut4AUlOomgYPLaYQ"	0.3057183349668407
"D6KoYvnmWswZJjdGm0uiqA"	0.3970193276742194
"DBGf3gaJ30ObzQ5fo1SSLg"	0.31266197231724974
"DDzUKZj7EU4mLNbRWwMoFw"	0.42543622486552496
"DG2bc26AWHUaPedrcQUNqg"	0.4692640131615722
"DJr-kNyyTJpobrvjwaQZ4g"	0.4598871874535463
"DPJMGfVPeSMBjAVKKKxiKw"	0.46973436953411685
"DUOrYFyHiJ27yOtTgCw0HA"	0.3920393657909467
"DYhGhT9bvsija74RVt8tCQ"	0.47818296932028337
"DZBAkVf8HU4U4ZQ_yKECBQ"	0.3531694051316938
"DcdHd6FxqozvZhKdJ6e-vA"	0.47012490753796365
"Dfy8YhZdTrYHQPS3Fdt_LQ"	0.45748150102212626
"DhD1sFqgtjg1rsIWuIeTng"	0.37661352749961646
"DhOvRBU3IXi_vClfRWz4KA"	0.5527849281372529
"Dm9p-2DX-3ID90_DsLHauQ"	0.44810834647285563
"Dt-ygvMchiw0wrWpocGOeg"	0.26675393972775874
"DuMWyxL4DMcy5A8MXD_67w"	0.4547621939215248
"E50mr3xobsahb77IBRwVTQ"	0.4639771700562643
"E60s6EXdPhet5FKJfA_YVQ"	0.4671653280676647
"E620tPFKKAVOi7EjF1nJHA"	0.4921661374461091
"E9OP8TODswMcmTEGXE1C_g"	0.41753480358450995
"EFxjlMxrfcWeO0KIZB-GTQ"	0.4376132276230124
"EJGv2la6CcZmEIpkE4hzyg"	0.5230783356761676
"EOBTIIbjfeLuTdXeFGsOTg"	0.27382855431093583
"EP1do6l8hLyIGEru0gN3EQ"	0.3695899472326345
"ESCeeLwhOSZ1ketQn1nq8A"	0.36962109303385215
"EVfJbLXSMZOF8K3vFOaLOw"	0.32972186912683726
"EXIZwIxLoiPDJs-oKzgaKw"	0.4962861743240236
"E_tvJL3lfmCTWAcq2js8Kw"	0.46044634301865345
"EjBZKPyq_G9WMO01N8DnDw"	0.47825671236516637
"EoHYfqfIIRhDuI1h5YWagw"	0.541955670357633
"EsE8KTPqAJ2MjJdmuAifRw"	0.33462993836985644
"EsjY-B1wh76hK6G6deH1hw"	0.46038640949107223
"EtLmuDIMsBCmqdgpysz60Q"	0.26015783113548974
"F-RyIw_kNi4a6TCt281j0A"	0.06331591656761397
"F0TQeC2VGQDZbYjtrL3QTQ"	0.3864142874967102
"F2MJ61d9jDOiY9-Naa8I7Q"	0.39658598455389404
"F2pfjAZ_3dMTGCKv6c5wOw"	0.33399676589636246
"F6FYo3IpVwvAJ04kcwEh_w"	0.4831962964610409
"F6a-o0Ig1iSVamX1LbdDEg"	0.40008001818344097
"F7tBX4pRGhWxAXr4Ld7dzQ"	0.48659881192761345
"F9JDMhOEDsE0PnutWhGqAQ"	0.2511510119906503
"FKcj1DmDWsRO4aOQ6i_nWw"	0.3166985505173658
"FeigEbRVs3d_WoMVUhIT7g"	0.39351813397980784
"Fhw_BqD2_KO6AVBwZ5lYBQ"	0.4487541509992902
"FnE_WckfalB0tBlXj205-w"	0.4741694002494049
"FqakwQitwceVi15JwN8EHQ"	0.47341607187071466
"FutUAQPBfCeTmqytfDW1pA"	0.27469840854657757
"Fy_FojwGrizFhLWoTPxFuQ"	0.3056332358981497
"G-u14MaU6ymd0gZoNX3mAQ"	0.44611363185510217
"G0F3kmnES1i8a9Vp78ct7w"	0.3296218951237101
"G1Vl_TGAjKKFtVJhM0-uxw"	0.32233479290011857
"G5rqI8RjYa5Jkoo1lYbdPw"	0.46680737899663977
"G63I6tTMcQDBavorYBWUSg"	0.3723283832087209
"G6FARrnzBdWawIe_S2IFOA"	0.34337103489521953
"G6IR0pYAjqn6qOwdBBA4Wg"	0.24970357520413045
"G70k8VCOe9CJUIapSYZRcQ"	0.31642482762077373
"G9UlT-mBMdUwoUGCW405ow"	0.07526728095259796
"GAxUBjzhiyPZl4Atk30MCQ"	0.5123868113487928
"GCr0eTVnVzFE72c-VJezoQ"	0.3642241187133972
"GDOAg680Gmi6S1MlhU7B1g"	0.0728026650077284
"GDpd9KZdUgnjcoCWTTphqw"	0.44978695235553656
"GEkDYesNiLzMA4Ib0velBg"	0.4020878573118867
"GIfZNMP0oIJCje_Xp0Bgrw"	0.01310847399005714
"GJeequm4jhS8ei1b7-Q33A"	0.3319515969344678
"GQRql4WEd_tdMXJDzb7WIA"	0.47341905389206984
"GVTL5nxjlhzdXJMy4-4HBA"	0.2647041955116463
"GYD-zJZnqrMWR8u2ML06Vg"	0.26722877460380634
"GYHaejDRFdUgyRm8X_g8rg"	0.3206389197971103
"GZlJDJhDlIy-Xj7ckfyJuw"	0.4431593325310958
"G_CW38j3t6VOZiiYtJQvng"	0.42331484459274904
"Gbo1RSbSjl0Mj_ekV0MS4w"	0.478309466151431
"GdTK0lZkITpw89uVuNqXqg"	0.5137254061696223
"Ged33xMUz2TpAgzxycGfVw"	0.5146355996124168
"Gf1W5_Gcu_yn4sF28JkVXA"	0.5354923527942648
"Gh2kkOnzieYqe5cVLtl7MA"	0.47742791377277977
"GiqQniByPQZJcwU6yvlgeQ"	0.36968114861044815
"Gj8ANgQ6FcWdhrpEwUsxqQ"	0.052807056981471846
"GoWNE6T23FNqSG0njOtiig"	0.5046065353299423
"Gs_jpJB5f3a1jCQjV7QHQA"	0.4152377235023834
"GtSNTE2qMOZBlj0noCgCGw"	0.40414688532629117
"GtxwFRoQTitTa6u3oVgS0g"	0.41879672709674715
"GzHhdq5fZbFLhbWRYMCDcw"	0.4787242546892789
"H1j34TgbrVZkxeww9xlJTw"	0.28926141396948624
"H3cMcV9KK3g2pi68lDNsng"	0.49405837022583593
"H9THotfiu-UjFL44rpLjCw"	0.5421326203009886
"HCL73X2aBGmJ5C0Ynqihkw"	0.428007264995876
"HIvLwkEYuGRtI17H2x7RuQ"	0.46595215138255275
"HNs2Nf-trqFTDtho4vhfmA"	0.45796764766240194
"HNv5U4CnJIY5CiwdedVrHQ"	0.39057250041778413
"HPtTqirOkZArADg2FLr0eg"	0.45828911343676815
"HUTDbniG4URIGfkP8e_cfA"	0.15507388294051888
"HYN6S4Z7bMR68TF2lX3NIw"	0.27153206490926785
"HYm_XUwKk_s-gCC0kdERDA"	0.48016529337354275
"Hew_aO1WsHAlRpaxXcbgqw"	0.32568268389676
"HmF1uRRxucvELiPWXXsZPw"	0.4467905281820656
"Hq-6gDr_sYL4_KlG5aGf6Q"	0.25075801548246174
"HqEcHjMTBMg178La3Uh95w"	0.46074105465674164
"Hy_UuNOaOgpoBDo-d-kcbw"	0.4762225584423853
"I2lDmQHDxnUKbEBJuJCW6w"	0.353244883532906
"I5YF1kl3LCVM6nDeP8rUzQ"	0.47430696218306306
"IAbq5UuXX_hJbxTOB5suWQ"	0.5004579198083006
"IBTbSC9zAodn54NuuphLhQ"	0.4786267236118805
"IHYqkS2xEZLBS5J9iez_lQ"	0.2743896830676272
"IJGce25T9M_xv9wG2F0Odg"	0.24518942726080392
"IJlEACzNH-i_6Ovppj1KSQ"	0.47818126501936725
"INsBi18bVl4UNqRcGzAkLQ"	0.34337506595853334
"IPF4KcnNTuITlyiaSooD4w"	0.4614452919103424
"IPrtHNKwLERUKvYJGDOHtg"	0.4548601831455205
"IUldL6DNTst_wwDRUNrmMw"	0.4286791636396709
"IV91JX6cxGw3SvOi5YoKBw"	0.23652051616358352
"IWDA6Tp8aFIaIqJJnZF0oA"	0.5610926791400561
"IWx4Yx1h-ramDGBNqNQ4MQ"	0.4128829178746594
"IXLDpnSLYiyz9tjOrpCFpA"	0.24848507637253575
"IYpaW7h8aPYKIK84_ZKMIg"	0.3987106108541971
"IeH7I-29vKD5w9v9pX5KYw"	0.24449884191334817
"IhnaDVJLfE2T-jhZZ6nESQ"	0.4756919230167937
"IjyNFVZPLVej9de31KGTxA"	0.5280331295212255
"IoPSrK19Xd9FG_Q0x_CcLQ"	0.34705193264580886
"IoXcQkLpEaiv6S7ITelLWg"	0.4042912381704995
"IsM5JWNuN5dySu6f1vX1nA"	0.27423965812499507
"IvkBPG8qtSx56P0Z9xmijg"	0.247215762741305
"IzEHkReZTds6ipOaCq2G6g"	0.48508859203538585
"J-3u7M186SmAoC1l0ViEFw"	0.2330521346387136
"J-c9f_geQDMcNiZSjJDDYw"	0.1620657031180142
"J1RDyyPxhioqm8c_fi4P4Q"	0.31060648767113525
"J4h3IP8lYBW82gr2SGeV2A"	0.4936166697175061
"J4jxIxv_vgmWHCajos_B8w"	0.41707787938635554
"J5kUNCioqtgNCursxMMJaw"	0.24579385100062062
"J5tGb5yI9-bMEohZrtf0SQ"	0.27081643396870725
"JBt7b3Z9of23xuz3_uIq3Q"	0.4294226184630137
"JCdEeoMxmY-kBgIrjbvwRw"	0.4284475978335102
"JJGr_k3F26K1ShNLdxfYRQ"	0.04854964809389886
"JJe0yIYC_M3la1Qbm9i3UQ"	0.39684599537182264
"JX1_mKHN38bjgQP0JB3fkg"	0.3970182564121274
"JYVCQhZU4g-vXrISzUJFUA"	0.3343068007420848
"Jbl6p9CVkfCB8fWYFd2-Qw"	0.4729798455474167
"Jd9L7pNhC982XeCNbPncXg"	0.21953159165913788
"JdqSgTOP98XScttH-25nVA"	0.5548227477155515
"Jdqg97lLo_qJlCqU9RjIEA"	0.6398241772680959
"JezHN-9KKLTMbojq00VP0g"	0.3677371694334237
"JftoP9r6TT98v83hfY9RZw"	0.28665430518493556
"JhxI7oS_jsFnq34dDubugQ"	0.452901176586427
"JkQSLe_rBftbTJdZuQFlSw"	0.4422419427854023
"JmbB4lyrRHgShkMd_8AuVw"	0.25821489257808455
"JoMHtnAfdBI78-u17mqw8Q"	0.03516160947519279
"JtRKB_HJgpIHSduMSyyIkw"	0.49657352756983597
"Jzc4lKBUUNo_DD-9aQJsbQ"	0.44958692671729467
"K-tl3k56Px2G6KRsKNyUUA"	0.5017531233689507
"K6I_546GX7wxvI4CVZDrRQ"	0.33036668519013024
"K6fYrrTorlpXmqutRcrHzg"	0.4956934661936729
"K74HYkFjYwhEpJt8HTOxnQ"	0.341011989643346
"KHdYW6Wl4wWXW60by60P0A"	0.4591996076460097
"KIanJQ6ZouQRQeaim8gZHQ"	0.300914898225555
"KJuWKVel8fO37UTtXkpZ_w"	0.28567651455668747
"KOMknt4PUJcxvY98cQON1w"	0.3240274511926168
"KRM-JflDiqIpJUToNQc7pw"	0.2875312275754774
"KUAI4xdaC3BJmkpT22KIVQ"	0.4571543319298092
"KWnLw61n0v4plYLhmD4v7w"	0.3638626743373226
"KXqOT3vyx8Ao7com4yST-g"	0.30802199274576264
"K_xtAppJIWWeO8pNzK22lA"	0.3691361517111434
"KfiSiJZ73oO0TyJSsu851g"	0.40377046785939474
"KhtmCNHqCH6cnxirsenndA"	0.45693450905825606
"KpKYl-rfvYLhUylIuNHg7A"	0.28809699188824545
"Kr1ANk9o4NrLu87xoWB80A"	0.4584778477270298
"Kr4HUtvJ8zRjCqbCJRSSSQ"	0.351285480284508
"KsYAGLP4yC7FbfixaeCHsA"	0.3999616357430004
"Ksk5cLav4OtbUtpRGp5b4g"	0.294595757420777
"Kuv-QSWUtOm5IjAxcFMl8A"	0.31499106962316387
"KvAPV3E0RsV4rfQ-gN1TUw"	0.2920540038817107
"Kxlt3ZNmTzbxRFYelWAmKA"	0.4953702170771547
"KxqE9n2i21ol9DiCv8iknA"	0.23876471442550118
"L-Go77QiXmXsYt9dYULPww"	0.5469664674286416
"L-Yo6f0evdy6v3a9-biwkw"	0.34916950866827084
"L0NPyLfRL6eQnzday1KzJA"	0.40715733551531563
"L4xtiJPS_VSbmBxTfOwjCQ"	0.29339204864623697
"L7txS44bvz862djgTOim9w"	0.33944304488695476
"L94TmVg3KpFn9br5LlD56g"	0.4252368918016366
"LD_r78sj2FLuTRZ-eHhi7A"	0.143441716804709
"LFh-Ay3bt9pTUNolfLn5gw"	0.45569852841628344
"LJe2qhqA9nWWXED4mB8aoQ"	0.4191999729602517
"LJwS9epPXXvzel7bZ616Gg"	0.3035214436618764
"LMam7VLCMJfa1EoUfAv61Q"	0.28448552905121705
"LNsZJP6jZ11e0tDljOLPiQ"	0.380394757672404
"LVjo-nTZt7FoOMBJfiKs3A"	0.43023507153508095
"LWk7Q5CTjpK-k_TfXdbApQ"	0.23916133121948957
"LXhZUqafcflpTB4RgRljdA"	0.3632670702131871
"LaSI4hTI5EZ2DfcSvE0uWw"	0.43191060759458955
"LcSbRF9yn9i5gTpYO613kg"	0.4996464873976032
"Lh-JAmxrTPmFoeBkRNXrZA"	0.2419156972285981
"LmwJ2QDLaxEjbvKZ2TXZgg"	0.31642482762077373
"LnYkQ2Hjm-klqYJVgZ1cEQ"	0.44525720803670443
"LnkkArYSmU9pYRWOO6oPzw"	0.09784987557375222
"Lo_kU1f3Jd1qCQNrUVeo_w"	0.06030989024978967
"Lox6-6gfbRXgc4VMMwPb7g"	0.5105625872535056
"LpQPDBgKh1nP-vLLzfsilg"	0.5229516831101544
"LsBLKGlaoXxmr_n-r6of0A"	0.34735440418035257
"LtDYRcMJbJPhXPEklT29Fw"	0.4227073833735954
"LvnOhs9Udhyp5adF7Cq98g"	0.4854451789235021
"M4RwZL5bTBTwwbVcoaDbtw"	0.5047195343281321
"M5tclVg-PSf-XbSRvUG-AA"	0.39646079097524434
"MAXMZMUEprc7rUMeoXrarw"	0.4550641974141872
"MDJWdWaqOjFAGby5i35I6g"	0.20240893534375065
"MHxce6ztMkbYHR8z3Z1q3g"	0.17640552810522608
"MJXN25eWW0U4E5aVUlAFCw"	0.5004091548721677
"MNNplhqyy5APhT4ny4yAVA"	0.4283663320452823
"MNcHg6VFkqvPNS_0n2bWsg"	0.21949845143300614
"MTQot6uazWb2SV3WABa20Q"	0.5082365144073293
"MTsIckdo3_uKuqk3B4zuKA"	0.3276629391957267
"MX3TL4-ij22rLFBD1XjKGw"	0.19849426226244346
"Mb4V2aPneclZZ8BfZUjWGA"	0.48918887807093225
"Md6NWl54ny8hA-NVaYZuew"	0.33734416457050204
"MjAuGkgPjNLyMrN74_0YbA"	0.32117710761072915
"MjLRxNBuFR9DvA2XzQAXIA"	0.2163681867967812
"MmHg20VupqMSQXL0jLNFmg"	0.355396635589053
"Ms_3aqO0f82H-A53Sroudw"	0.32377669155897776
"MzEzQLdcHcASsYVZ57UY8A"	0.41493523233625557
"N5nB7bt89WYvobTGIP1vPA"	0.3410869975048124
"N5w41qCOYCxhmMX5C2XgUg"	0.07555915477638908
"N6qraRI63OZgrCAmWRX92w"	0.2693980116670896
"N9qQPezv9swXFLPgoMdhOg"	0.4099079447630711
"NBfhphIUcOgUpdf_QdDWvw"	0.43721010966080104
"NDfcum0Zpa2o9czVgRds9w"	0.44813942234933923
"NFrDOhznry5iqD15p4nyfQ"	0.3779043643118598
"NHersw9tR7dnmlZINOBi9Q"	0.3708336309971608
"NKMkvLWatV9v7zbMNS6D3g"	0.5198079547087879
"NMtxUApc4-puhWVtZWcU8g"	0.5245370544688727
"NVC1MFGTobWxYcuo_z7BGQ"	0.48437593736856144
"NYOONIzD1T0yY9MuCglwLQ"	0.5088070294595199
"NbjeMaUoYT_XUB8PWnwLkw"	0.0498491063493533
"Ni26IoQqRCy9iVeNV4vNFg"	0.4046560189133681
"Nkb9_PKgnVYZe8W1y_fBRg"	0.35802715389201945
"OA5Li3ySzhrbG_WvD_QGYA"	0.4087974674716652
"OCxl56kc8QcxxA-uLxNfIw"	0.4714538916527564
"OD2dbQTKN7FS01fHzZqqzA"	0.3986920436698816
"OERShuAgSxyjmXJ8IwT2zA"	0.4573203352120139
"OFZ9eDzzFsLPbqxMY50jFw"	0.4072247952337545
"OKYp_AwhXfqL_0Pgw1WB9Q"	0.33391103098150543
"OOXUDZVOREgjwrLiwr3Spg"	0.2867750178704743
"OPIX1wTOll0aZT08Wr6sDw"	0.4159808268786085
"ORM-8CMtxLsbhyJIvxfjYg"	0.4132888846284277
"ORRq2RMOCBUNjolyJl8-Lw"	0.335974699335389
"ORcU4wTBkpihqcbuFuDAQA"	0.4015396365195489
"OS_VB6MzlGnw4451XdaZXg"	0.4599832361014554
"OZhRvcJ8WjnvRaRQVirD6w"	0.2675558928154499
"ObelBwE40B5oYm2aA8yTjw"	0.3971357301665113
"OcXcAVjHoX0tTuzT5A8oww"	0.43508231085130455
"Occo0_pOXAUG-eL6gazeGQ"	0.4950161510765749
"OdLYPceRdj07gC378sruMw"	0.24817997835782002
"OiCcesI28uoVgdYmO8VjXw"	0.3871753095152462
"OiS6K4IvKwxIcWlKVywG_w"	0.41100783414220127
"OnK_2xEmEmW0EunZnlZIag"	0.3166433942499344
"OwXMxqxIy4YoprAjnoUoiA"	0.49468417861557246
"OyhCNhJJuJjUt2avxI5POg"	0.3301242220841048
"OzRGWW5R05kC0pQyUHX3lg"	0.5052978434468619
"P0uECGAlrELjqeOtDHcB-Q"	0.25920466167045036
"P0ytQBoqSbMG9S7Hx-PAdw"	0.3472043279401724
"P3LC20iTwxv7CicqgNUXzA"	0.3350459498286976
"PBSnhhjJ9X2uMRgx4QhTcw"	0.5055557030799397
"PIDtIPKa4Fmd6eMEi7B2jA"	0.25725965777835
"PMbOqZqr17lbwMD7kZYJnQ"	0.43847800751511945
"PNMsWRyh4X1xfPil5vhywA"	0.4201403865403056
"PNdjgI6mZYXKCTBKiVQMRg"	0.3970305674430368
"PPCuGwbGA7HlhsGh8dbBsA"	0.39649691658868796
"PXJH9H6fJslcNYHnVTgFCQ"	0.29820067350038876
"Pawavw9U8rjxWVPU-RB7LA"	0.22791937828271736
"PiQ11tDiQMxvFGbKZpbkSw"	0.4807325465229098
"Pj0rFqv0EcdNdlpnRvLZBg"	0.31374516904131183
"PlmdHJS5tiFrIM65klmNNA"	0.3737534185152337
"PnVMicrAi6iYRO1_duaueQ"	0.2676300562774039
"Pnv-BffVgfQmXb8y_DEWMQ"	0.4335723192969816
"PqSwcDrL1wrwal8hlDf8IQ"	0.36084637190611435
"PuY09XUxfQhURBhaQNJuqw"	0.36275229087021055
"PubwGsZPO2N7QBekieMe9w"	0.4070819409730005
"PvyJ2gv3baPyqqmLoGLY-A"	0.3436578816223831
"Q2fR4XDZPScez4b-Ttk5vA"	0.35011762885099423
"Q373Y-siDCSP63rU_F3qMw"	0.05055730348054854
"Q4iaGE5XM4yguqENY32Ttw"	0.5127458839608333
"Q9FlD64hm1OT5GF1tAsbPw"	0.23955906347490552
"QAN6zr-IzPD04G9clSGtBw"	0.22169478897768258
"QG37umIGrDFzkdmBqFLAYQ"	0.381167522583947
"QJ1YpQLVuentjgTQqNqqpw"	0.39846029337837907
"QKhAME4uxgrOn-Aq3OURUQ"	0.21036861438320106
"QMAD8tvYgh53N-AyIvFHAw"	0.19641987759555593
"QMpy9X4gqqqRY2QwG2kxVA"	0.13921050758772666
"QOmR4Z53kNbiDWRrVdN7ZA"	0.4162369126547347
"QQLVFIx7vevEe0luzqPZQg"	0.515819250331002
"QRSmjSpB6Yn5iNS6q88tNg"	0.4524160857152844
"QSfFgtcIrFHMs3_TVXjCLA"	0.48030314092276116
"QUjJmpTQvGus8WfYq1dtOw"	0.44418800164804195
"QY1c64999GIxuXtzdFMbqQ"	0.046296731179691596
"QYio9HySny2cMcIs8YjMCQ"	0.2644482821237418
"QbiWFMTexPMn_9xZmBBb7Q"	0.5933542853649532
"QeEYzgBVTVO8IGqGCfPg8A"	0.4721682492232952
"Qeie5-8-S_hLPk7_ujpajw"	0.5057875846582945
"QgrxN-PyUWaIab41-RrTwg"	0.5193175802044868
"QjEob2WSROiBPVjh0-BfxQ"	0.038572487026475304
"QjZFYd5hme7EHegpuJngMQ"	0.5241745591072914
"QkwGJUT1rSRHRdjKFat7aQ"	0.4608925862451528
"Qqh2cFO1bk5TQ8mWIEjbCw"	0.4170238492379684
"QvCTNqb4NxxndqfZXvsZmw"	0.4175349033955556
"QvKN1zh_BCFai6oDCx3d_g"	0.3401536661104059
"QxdxYcEF-JAUhkmw3sHXUg"	0.3191237084167352
"R13VkcyUIU3xG2fRFbBvBA"	0.3778003183836202
"RFxiH1C6NcDBOurFfs2UVg"	0.3727846981349732
"RGq0qjn2ifmnRWTJ8bfOPw"	0.4354601178417217
"RPxDu0iYWUbg-3v7zzxyCg"	0.23452472949590705
"RQlC4Tgc7Gk_tmxxY7oF6A"	0.36748949872136494
"RRfMUUgddw6uzXvqO1cPXg"	0.08868962815964711
"RWRFp_gkDIBjYfJ3K_HiAw"	0.40570496823289537
"RadvHxEGJLdp9IvNWzv30g"	0.5103163588433924
"RahdAQ5h6_nu50jeR2EKTQ"	0.5317846883638
"Rcx0AQSEmqiuRDE_FUMUGQ"	0.4276920574713596
"RiGtSzVzc42CKjyZkDxZRA"	0.06266000734073401
"Rjq4R_AsDNC8E52FPdZ28g"	0.38018850309439833
"RstX9t42Bvag4pVDBDScdQ"	0.5174816162177445
"Rt7gjrTceO86sCtnS8Td0g"	0.31048634136812775
"S1zlGFu9fi5-QmVpGqsKsA"	0.42382213445827405
"S57rr30za_KzIUGkFqg3mw"	0.42244057716357625
"S9OtMCsgr-xzjXrhpqbJQA"	0.4656220900213449
"SGZAsdQAp0SjtMDjXWBPYw"	0.33387970926492666
"SYOzI_Ooe-rXI3ZqCybwSQ"	0.39532488617049205
"SZbn2cSLGsAmvliMzsvXOw"	0.08685590591861758
"S_02VqM-sXAY9kDhvGxXtw"	0.5155438398781177
"Sb2a5N9gSLICYkMVSjszsA"	0.49350848955452326
"Sc2_TGgW-qBj1nkkxBkeQQ"	0.39816144541232645
"Scjd6eKQ2zWiecxQcbGXIg"	0.22096835111276777
"SeOQ32EwCxusSbSTwx4aRA"	0.2110618806189898
"SjNAIkJrmydP8xMUOnNfoQ"	0.3334000079489836
"Sja9RHq7FpwDcmfzbGfIxQ"	0.3406847087643543
"SkdgjduPd1W1jzJBnJWRXQ"	0.2692165384746527
"SkxDv7IpQWu8xvIPK92PuA"	0.3404998349627387
"So2tr4GnhCMYeZvfJYRCEQ"	0.45052619513582465
"SoCjdgcYyj05tSPWz6MUXg"	0.3956673815087393
"Svs-B-a5-13D2dGTKxLsyw"	0.25150932295491363
"SzcCJJmreMlWCsNjupdVAA"	0.3062160960316195
"T-_xEyoDPAKV-I6iQlbKWA"	0.05807615475075269
"T0V6pK7kJWTrTiB788ED6g"	0.4519066876074192
"T2JwvV8hH15KbnS1OCnrJg"	0.2795659868894072
"T4OTL7ZGe-UTrpWl3KwZOA"	0.4806438347577002
"TAwgNWX-Xv7xnTHeRqPReQ"	0.25175260721277337
"THc8RsAa8_ohIR21NCnLog"	0.42801969645979526
"TIhj44mic9wxLcv18BJTLA"	0.34038538010595565
"TKaND6oV1n2ylnCYoAfoag"	0.3410161585870149
"TPJO55zWyo2CeeXQvOre8A"	0.4967366323868322
"TS4YBX-Wd71lrN6lwKCj0Q"	0.4472376310802811
"TW6A7M0j0R9hp1zYpxz2FQ"	0.33024923102526427
"TWrjQ4Ulr6NSwiGOaGzFrQ"	0.41832276832022675
"TXcVQfX4J0NqKRqgDBgWOA"	0.3762148602497515
"TZ84r-ku5k6oUFOtS9-fAA"	0.22527212666798446
"TaEASKZil0TT7CAzyqFUgw"	0.4517143938287688
"Tal9LqH3fvSDiF_-YDnfEg"	0.4494791879222758
"TknwCR_kdD90D8Bx1WcLnA"	0.13656224278817208
"Tm2dKN_-DCdZfF2xMWrX7w"	0.4674900173544843
"TnO9SmZoRNfJlbNV1wBKYw"	0.4602930686020479
"ToHKLIjR05Rz9boWvmWaPA"	0.28967700122928164
"TokG1L02Eic6gHRFa0gFYQ"	0.3375936461550059
"TsNYXmSJYjIq1WN8EfP0Aw"	0.41667563308999966
"U-wZPV97TC3cAmIPyupwXA"	0.4686889162824642
"UBPIy6u20H6JQQZjNNvbXw"	0.4839154838103713
"UD7Khh-HuG915Xy-o1eeTw"	0.4363127638101445
"UDPkPyxczQwKa3hKTs0qWQ"	0.4017881212693438
"UDiMCb4LKowlozI5mhtO_A"	0.6738669161158417
"UO39lBhCFsVRLRPY4Yq9mQ"	0.45191443832218126
"UOOqfmHLIok1l3q3l32YCQ"	0.2901384754523506
"UQMQDq8yuxnyQyBIoKhzoQ"	0.5078539656726009
"USRXU4ASBAFSKhlk-KVrCw"	0.4440986949140295
"UT7I809RZYVsRzUUsCDTbQ"	0.233378872838271
"UVaoufxuDXcXDvovuIIxyQ"	0.34530027971378147
"UXXAzmuz2olKSpte9eF4Vw"	0.4229660605705785
"UXl_Grxsus1o0w3NKxYn4g"	0.4702505401122577
"Ub-RrbQWAV_JuVyYixynfg"	0.49575572754938874
"UbYl76BraRy2HObPNLs4Aw"	0.4171767307986552
"UbmWUWX_Or7u_w0hGfHUbQ"	0.292493758181253
"UeKaHOLZATrb1H-XW3AiFQ"	0.512251789986448
"Ufo0Papm3oyoCfBvnsJH7g"	0.09478067272477904
"Um68_R8V2r5OLOuksJXLnw"	0.3000821777838693
"UoRSHohdGuzfrpydZ9j0Lg"	0.47211778806919014
"Ur4WVTUfMrTMW-yVsREEvA"	0.29452261551823744
"Ur4eYOFq4qVLHkZJNmcqfQ"	0.2631485255026136
"UtyW9cHs9Z8vIEt8I9aIeA"	0.1704545904798055
"UwtQpKRHATMLx0Po7vPB4w"	0.3328983645879318
"V2sxcWosKBDwxZQ3J7unOQ"	0.47789382757321447
"V4YBWutY9j3ONvrTH-EhMg"	0.27190684850037544
"VBxKOEdjg7ryuA2Ni080rA"	0.4526692307885198
"VDGMgPcGFB6acVw1qEoooA"	0.3873487538984968
"VEeqUTODkjwera_JKy97rg"	0.012987732278980556
"VGRn5KgYKMkqdIKtBUzQQA"	0.439584971774586
"VH2BjFjc9usDquDgoHhptA"	0.27631531875194815
"VHchdLl_QVtStqx13vENbA"	0.267773752130736
"VHl_CX2rfWviSQdvrpmnyw"	0.3826064533972715
"VMcUG1dw4ldI_ldA2lGyEA"	0.44125112195446414
"VQGetWNN1f0dMWQ6ehDAVg"	0.3802013349507967
"VSo34eZH-0u-CMyLpXD1qQ"	0.3816668031088578
"VUOn9pztnaEX49Xfb_9L7A"	0.39770540169457697
"VUb97h3RTg6InKdfgB49Bw"	0.26803636892201665
"VV4NAmS0KJ8A8xOcQnKB6A"	0.4382758145129329
"VXTReQT3Bqte_Liu58scdw"	0.10757240296098336
"V_CzgZ8maFoKv9t-LgcjDg"	0.4405225585108022
"VbPPexfp8wa7Fjqp3tRDmw"	0.20592456410188859
"Vc8sXKEdO9yVxbRlwBFHKQ"	0.3594725655040535
"Vj-QgRXDpCm7vLBBSckx8g"	0.44101507947934737
"Vkz7c2EDh7ydELK8Za0obQ"	0.2538599367382109
"VodyCVoc3QUoEsi0rv0opg"	0.1992869684253172
"Vu6yNbKinh-54QT8i27LCw"	0.4804216734233168
"Vv7aXgWg2TEXfrfE_-FFrA"	0.5180828548226696
"VyqC3N2iBtR6PczQGafe5w"	0.3092739486317713
"Vz6JVuA6guXVBIMJF-2g3g"	0.01762087155580678
"W07TY9cx2ZpDQyAn0ynMQg"	0.3566646794247961
"W1hXfgnugKfVV1wDhko5lw"	0.2867749518663921
"W6_HAvErr18PWOyIUCDdSA"	0.3403061291383012
"W80o5A-ajAznRWO3E5J7EQ"	0.2424593828190892
"W97YBvhkOOel-HkBBfQbYw"	0.3607979074078602
"WAzIjBcsRIY7HKhTMxVeow"	0.28094381310595085
"WEs9MN1M6tixwEz844jCUw"	0.2791429371090014
"WG3zvUktE1l3llwq3PPVVg"	0.45124315726945696
"WHlbUb5SNdXDKYfkNDo89A"	0.50099011161042
"WYhmqVAWZEK6Xz8O1kMSHw"	0.43013064254564115
"WngnIN7vi2KYo4doqK51zA"	0.3051030244387662
"WpOMfnH8hvUOENVNn9xMsQ"	0.26300786674952836
"WpkuAJfHSIgjppRC-Wnxgg"	0.3753883685853803
"Wr5uWHSXeqCHVIaAuEKFHA"	0.3563901466930185
"WsU35CfVBFzIke3PqkH5eg"	0.2743896830676272
"WuPSEvu8pES752S92awAVQ"	0.4331861588914506
"WvGHNuPHebXae2sDbDjuhA"	0.4167123813321489
"WvunDFSs2hJrPHVFqB6Y1w"	0.5285821367179364
"X0mNw8owxgJXrgTBR-7Yfg"	0.25624052997532537
"X1v2lPPXgJGaIufxJHvZCA"	0.35441288777815994
"X2WmQQFWLloDLXkoyqHKnA"	0.42675227958405726
"X6chSU0KBGHGNxZ8UH_qag"	0.06308839074348215
"XBRCMc3rcvcRXrB3p-o9yA"	0.31586932952301267
"XBsZoWiUJLi26FtAD6wWDw"	0.2581170357030007
"XHUGoHv5mP1zsgloxI-Oig"	0.3783706135587361
"XJE_gq0I1Na0kkrGEgxq9A"	0.34421867004669715
"XLA5RQ-Afg-OgeLhSTjabQ"	0.4047842205184425
"XM2qN3PiQbfSYo6zmHgSlQ"	0.21576027611822565
"XUA7xA7myMaCuN6G3xYdIA"	0.40704898491196034
"XYQx_ADdAYwfUEgN7eGmQA"	0.24325961888310987
"XZUT68Q5ykgu_fgXfXPOFQ"	0.23440818740993116
"XcQKsEUlh1W0R4iXbTA1Yg"	0.2222538530705551
"XgUlUmrktr2Um2gczYeYpg"	0.29991408605843656
"Xg_eCdx99z5Y1oTLimniOw"	0.3161456016990486
"XhMfL-6lt-prYyC9Lp02gg"	0.42277162889336506
"Xm0BdTIRqtTIgacx_JjICA"	0.44441854565452
"Xny0n0s98TpP82sQxfgIMQ"	0.5403810259883652
"XppfCknY2p3xhEgrelEqzg"	0.4691517274443588
"XriJk1yVLlBd2rIhk0s_eA"	0.5176423589052548
"XrjuO3Pr6Kw8YjDQzXMv4w"	0.6800080839461542
"Xs2MWO1-iNmX6Okf2UUUhQ"	0.3376500264928947
"Y-oPVMkxgEsve1sG2iDLXA"	0.3926889323620289
"Y1Nw27hk9C-xofNxO3TIRw"	0.26232491606136615
"Y1x-DOdfvlIGxVzDXmd-eg"	0.5053859983961597
"Y3RWEmu4ykuc2LvG3Qv9Ew"	0.49410443654109004
"Y8L-n2BUbCr31by8eYBazg"	0.4717717731395519
"YFO5rDWDZ7Ngk_DEobjpLw"	0.3962222569619452
"YH11qUmwVmrMMK2nJGVo_A"	0.42933820763728525
"YI-79PxZcX6X009ynWRLoQ"	0.2128331350563586
"YNI26xBkdOzI1TMGmIcEaw"	0.28999888140938723
"YNUzS_mEKaEAKGyUqjqZtw"	0.39105862122258545
"YTNgCm8-TlyLvkBXCGxeMg"	0.2889725558334673
"YVkcZQEfH0qQRtN86CoSDQ"	0.38546496850471845
"Ya9FMj-MWMkeMcog06N5bQ"	0.4574660502383616
"Ye7m47NmlX-r6dyCU1ix0A"	0.3788992117785235
"YgHp9MdZ1vVdYyMEro4TtQ"	0.43271691116512423
"YiW3hYRpLKPhv99FkuZEbg"	0.42108430874521563
"Ykg-jzdJS5UAlkF5YaCsyA"	0.3630790597254427
"YmWTejuNaIuABtkNZQV5JA"	0.4902548436857406
"YnvUFIZVvxsL5L4PEmWcUQ"	0.4882352996566731
"YpfMt985ZQCNID-eehG-uQ"	0.1588515378661886
"YuNSmZLzstMSeU3O5qHhig"	0.4222956841182852
"Ywdy4YARQK1ZWOCDzZDi-w"	0.24376088960552977
"Yyag9ZHs0hZ7UIGFC04Vqw"	0.5336796848749664
"YyyqcbVyoBo4wPsgowUtUQ"	0.22682634745761882
"Z0c9-Eoxz7SQ__68bl3TQw"	0.3119606421835018
"Z1mLBp6BMlHSQUh364vk1g"	0.346599003531906
"Z2zynjhj6umPoHwLVfyOkw"	0.37638928486266926
"ZJWKb-ooSCPUjZLeWD-p_A"	0.3238273204897071
"ZL-4ejIO3DCgSsdRWwsX-A"	0.2204963620706257
"ZLPAP1YKL56ODigLn4wd3w"	0.30258221682355846
"ZLanOvPw7BscWDo0yC8Ncg"	0.5001334461248567
"ZNB91myFoOYgyXoG5LQeGQ"	0.6398241772680959
"ZPAkg2phFo_p3U-QjvHVPw"	0.4297305509975706
"ZPm6lZlNO9iG1_v0GF_Gqw"	0.4053445290775052
"ZRLmQ3oAuspAkk5R6BOfyg"	0.4153788966624563
"ZRXL5kBWxRcGmgImzKq4QQ"	0.3761689052905957
"ZSnAyj829ZcaGGxs-6sArA"	0.40025235782267327
"ZUkF0syMMAF1rRiLK-J-Dg"	0.2298363608265229
"ZUvAR3I1uhC27zQFcRXumw"	0.367725912154503
"ZWq8Fq13JPDAqt7rPjSwcQ"	0.5234703304804111
"ZcbGfZ0GYjvJp9xi5uE9KA"	0.42166621636752544
"ZeB9AUZ6pdZmpWQGSx8NKA"	0.46215763702690466
"ZeN8xHEhsPS-amDyZSYJ9w"	0.47828089096136356
"ZedwJdX1jQ7Hw1CzU3VDLw"	0.4130980248444707
"ZjptoOcCgtQTSiNwQR4vEQ"	0.40899661992065306
"Zm_0BnYXdeNUBcYFerXVYQ"	0.37966386599374863
"Zn3GV2xa9a-8bHjUM-2sow"	0.48250327911748353
"ZspvlO5Dvtd517YhVLJJ_A"	0.4269069553983023
"Zv2ZxnAZLswC3IXyiHhYeA"	0.2603688684836793
"ZvU3diVRI7LUG6YcwmIKjg"	0.22062079521958478
"ZxYPXtZQ-6DFyl4VQkTELQ"	0.31762252508095995
"ZzGaVbyam1AhZFW928-95A"	0.5057169698553079
"_5PJ4GHIXNdUdXtohylKGQ"	0.2923973798597225
"_5inlOVvlrCOKcI772RqJQ"	0.4511845217225801
"_6Brh4UGrsnakkBKT1H_Qw"	0.3937911136302247
"_8Os_hsIMqO7njlJChHdvA"	0.41057189828830654
"_9ivE0h8DdfEWqdSL8JU6g"	0.5259858134069428
"_HW7sgUShin0aGouFMiUdA"	0.38482902901784494
"_KD8Fua-jFlEXHCwVTY-cQ"	0.528677066514331
"_PUGXxBeY2Z9OOosFS056w"	0.48571412866064073
"_QySOnv3RBmL7GrbJ6beSw"	0.20476158093336622
"_Rw3EkxvI_tJIVbnT5jT2A"	0.4632464639667111
"_Y13P59dGTpV7b8xKktLeQ"	0.4933205806110943
"_doekI31rRF3iLOZhbzVeg"	0.275737174326551
"_g0dF6TAj7-RlSUfsGwl7w"	0.43074649285807537
"_iZv63vOfUIlJoxhQtyUcg"	0.49749920775135276
"_rFhH-eSg6heHC9m0t-cBg"	0.376367531618687
"_vDoNSl0w_v-dEkj8EorwA"	0.12362896248422693
"_wpUUDnJwrn7eSYAjnv7WA"	0.5451655491886149
"_y6D2jXsM5S7hWHcIy2NoQ"	0.338027222007662
"_yKeTKNvXaBduAkRIS84Aw"	0.49251225315602637
"a1_ZedhXo5mVflOV471pCA"	0.4840778558778664
"a1uoERTwwlf6yTAWaSUakA"	0.20075638216423977
"a58P2BPCCbQgDMbEoLfWzg"	0.3716456938224621
"aAVydRJ23okd1AHi2AS4Mw"	0.422682849430519
"aGMU3qMFOQzG0DT2akMfng"	0.41356672380928294
"aL8D2ko6lQ3oGGFeCqSPOw"	0.4729951990169032
"aOvEr1tluvkmwZjpzfxBAg"	0.31727912094049643
"aP7SJxadQE_KaiBHl9sSWA"	0.24776903809111941
"aPhxmyXOBKtxdv47EYkcHQ"	0.5137472649034298
"aPnAEP8WzjJkxyAJ59GS8Q"	0.4373403457562841
"aURWnSm0BrHhp-0DSXFJww"	0.2764847365953267
"aV-f_elvNoDG-yC6XJ5NKg"	0.3152853951905503
"aaWhSHpsE285eaSTzDxAMA"	0.3063172151065999
"ae_bWvkswYJZU4sOWOVVng"	0.38855687267366507
"aiU0FRtHTIHBWMYapw79LA"	0.2506199082799432
"ajCLNse9PXoZniKna0S69Q"	0.4387918710011652
"akCp7BceIrkkeOV5ndI_bQ"	0.3322119541417437
"akjewrvAc_LwLqbZ-kqQ5Q"	0.3383814587557245
"anzCdD5eIEHwydTpXhLlUA"	0.2725197202785961
"atjtuvR00Gkhi11BgrVs1Q"	0.36178952736148257
"awGiEZOQ7ldhrzTbibpV2w"	0.42662163925187047
"bFTrpstGo0INBIVMDumMKA"	0.342337236534907
"bJtlSfdr8KPCSsOr9PvGjw"	0.4355991356236338
"bK5nWi1oNs63utSlzmRUNg"	0.13749865451612436
"bLi48v8Div6Qm2Fyaw0C6Q"	0.5080419704577525
"bM3ARXFMxGrntnHS6a7vEQ"	0.3950973577477881
"bMSiHjs2fbKbBNPyuTwhHA"	0.45121188090084524
"bbl8fr69OHrzbOFLeJ3kSw"	0.36186987291772293
"bbnpPdoRymorHJLY2owBiQ"	0.2451070414005252
"bfF90MspMbqLWdcEU9JLcg"	0.38560722757255766
"bgNmUYcraelf27TviWEMGA"	0.4794641861261797
"binymvD2QxETihoAmHOMSQ"	0.3159631420503884
"bjbegGikWzSgeVsOJdE22g"	0.4688296459217897
"blU2m56zkJc0SucLnbc4vw"	0.3891718816311214
"bprb8-OFeDNndWziTgjsOg"	0.32936287438833023
"bsme1TUoEQt5EDF7O6HBrg"	0.4891950697878548
"bupMXFUaZfranBLdaVcRww"	0.45146968079574906
"bx3JxOE_pfO2cWr3MkBIng"	0.42203285753762154
"cFDpY9Y-s2yNnsqNk__xqQ"	0.32725339968326456
"cIoB6iinl48KDGCVwtCHoA"	0.30221565493055297
"cL38u23Ez492pToB4xZZXQ"	0.24855364922902462
"cM4a6iIM-VdILKMsPjOx5g"	0.3269069792909299
"cRTkev8c66o6q6v7FstjLA"	0.343687888475374
"cUwNW5NEua_yMcAx-X2sMg"	0.334587852113727
"cX2Nr_XmGYlMaBW35M0sUg"	0.42787444955405785
"cXmlv2WBzuB6JLMhaCvLuQ"	0.467825212794086
"cXyUYLY2xi4HpqZqjCQmfQ"	0.46204043408928136
"cYshR_iYRMFhyLmqjAX_SQ"	0.45918074473010595
"caYlxQ7kaYcUZwcqJKNyoA"	0.07599881084488751
"cd3ZlHmdNI4XlxGQBwPjvA"	0.029193018599944758
"cdsxkycC_xrXlOdsm5yZUw"	0.4224471568636011
"cfsXuDfeSX24tInGNEoc2A"	0.5443317409123812
"claunOWWYNvLD9Ybt5dA8A"	0.5172615737353952
"clmjilkPbjl3B5qRSHB1rQ"	0.4263399850867934
"cuYl-tgIioYVp619BlmokA"	0.462284173309216
"czBupdPk4qbW5wlMOEOcWQ"	0.4733661720651235
"d84SeduMbotS3WIJwn4oUQ"	0.40367533702490305
"d9fHu9xEmCDs9ShFIWEMZw"	0.4391874620561236
"d9sv7fexFJiChG9Xl0SP-A"	0.41748237389437215
"dAkg4Tucp7b5AIPwkqjAGg"	0.3323115290069117
"dAn1MqXl4pghfeXx3XFRaQ"	0.4942273517731527
"dC6OXF_4Bd9nDOSRc8VTGw"	0.41602146861141254
"dCRjbHW3JCQwQMl6tvjWiw"	0.06577658210301418
"dCsW_fmSz_DiotoRIjh3jg"	0.09179059255597528
"dJCZeDVq6cqqdch1e6YiUQ"	0.3798923242528778
"dN0GBmRHgxFPCWtejNkKbw"	0.4192766609406438
"dN2y_stPXdw1u0io64fc0w"	0.5020974418951055
"dOIUk3wm8LU8-FUpCKa1eg"	0.3397741678411727
"dPIQurJHDMt1KDlXolNFhw"	0.5463408303936956
"dQIO_7U0sUkNXzbDaZ-LHQ"	0.3473763828642678
"dQwjYLmQXb06CpMPIpm5-g"	0.29372612226630046
"dUV3Wdu2dB7HMdwS6Hg3JA"	0.5091404835561187
"dWShECwk4R1cQhzOzJXtIQ"	0.4376123638998058
"dcT4gXG-lY7xlaU_YPaZTw"	0.44897686473322745
"dcytjy24XmYrLtjTjgyEZA"	0.4970517187592727
"ddlnpDxGDDxGGoG_dVXwiw"	0.29807964500835016
"ddm_Rh5WzzuX6Sx7aJ3kwg"	0.42448134414545874
"de2E6-wKURd0RLJaq8mrTg"	0.3389140600314745
"dhrv6GXy5otbzabXMXbOLg"	0.42968286431625446
"dmu1wM0CRgeoTIUXFihU7Q"	0.37124024481186324
"doz0Zf14FVyj4f2knQO30A"	0.27745372063860435
"dpEE0QVbYvpbuYgXBawmDg"	0.34689662419017653
"dqzdumTXqMvoB7SVXos-Qg"	0.4723109078852549
"drecpkFkgxAuvSglTIo9wQ"	0.45933043000137624
"dt09TJuvnZR6dRd30CKNaA"	0.47716952904067195
"dtszGNoYeZnUC2c1o04UZg"	0.32899289593765185
"dxD8j20MkodieZLc7fZRsA"	0.45929084109322593
"dyJsv02GJgQZBl2Lh3vjjg"	0.3533925729404827
"dyiNt5ZTQQsLpX3Vt-hWng"	0.36465012839293376
"e1RcTvtihmYdf8At7hLgRw"	0.4409571774209066
"e43cDdpfYKn3PLDq5T2AyQ"	0.4588979342398118
"e68xTl12ry5-RMEvWulUoA"	0.30793817537947943
"e7207sqC-pSn6GIf31ikhQ"	0.4123629876791534
"e8a36rGWT7tnst1yChUukw"	0.43046873446760403
"eBoRFMm14n6Bte5vJIaeSg"	0.2337359918695604
"eDoXXly5LT2GkMUTZddKtw"	0.21641171196018447
"eGt0GhiFS0FPJNRGJkp0fw"	0.36425826802561734
"eQPmRBwVHCX3mx5ld03OFA"	0.20992714664731207
"eZo_WH35_ugK6kqcF0M2Ig"	0.40454820090063726
"e_W6Q-qOHcUR5ZKrwvC2qw"	0.35912953437298606
"ebgu1HjoE5S45U7oKyq4sw"	0.4605736643525742
"emYhGfn1oIKNdUNHHCvGMg"	0.2595087643419304
"en2o4Y4kdDHIDc5P82EXBw"	0.45815541682138256
"eoJfl5vG7X87QhcKb0nt5Q"	0.33219656871878767
"epAifIGqwj5oFp5MV8kgiQ"	0.5355354191141659
"evNdyHPR1B8E1aIoUAsGrQ"	0.4823041554953187
"ex-KFCUOxa9mWkbbVvuGQw"	0.5075726067440263
"f0O3dXG2t3QUFw8ogNRVjA"	0.4757892642471702
"fId--RMAhHZcJagMSD-aUw"	0.4439505622162856
"fKJK8Wrfhq9n6qNqWZ6J0Q"	0.33592178082366125
"fM-29EyHcLXBrYyzNKNRvg"	0.39004353527288815
"fQP_jXrSoVKty5zxV3_Z6g"	0.3398540532761305
"fS1QBwuCUXVQ_K7LNnYvBg"	0.3012563591173993
"fY2LdUf03wdqLcrsA9xp9g"	0.408348560379149
"fZKECzeSUlr3kZL_2dzhrQ"	0.49809735786437287
"f_vZiW020vjgySYwUUjZ7A"	0.4677153577800462
"fg2nRepS0cS3xNfWYG7stA"	0.3117093629015856
"fhTTP5HRqOzmFw-31Qe7QA"	0.21654041535988655
"fireL6HjsBqOrj5PMuCZVw"	0.4189528199822383
"fja2EnaSxKu1D7uctMhw-w"	0.47044450131767507
"fjjDfZkChBWyCtbL7bvb2Q"	0.41335125743713225
"fuPhVyvwoMFNRqM4O1CkeQ"	0.4672649079401961
"fxw_kCJJDSQDtY7QJ66Fog"	0.3993581262225263
"fzRUt2RPxNRSVY-XCIGttQ"	0.3388151071195359
"g0APw_zhwwHoLjSlHEsTzw"	0.2633308292352033
"g0MQNtwxfUBisDA7hMuLEA"	0.3889730604247296
"g5XW5RiVhykjleeRrWlJ2g"	0.426084818381605
"g8_Tf84s9E1vh5c3BC7Zzg"	0.0007129159323973507
"g9i9xFh9HtPWNLMB3ru3ug"	0.22982687854076347
"gDZm9f38d5Liuvcd75_FZg"	0.5202587689142926
"gGlFPw1TFJANUl_FFmSNgA"	0.4289674202694661
"gIZgDLdt-PW1j7QjV6z2Lg"	0.4338910016563586
"gJ5xSt6147gkcZ9Es0WxlA"	0.27285796404070684
"gNER9lE1Ma9FLm9MBsvYgg"	0.3174419226521069
"gUR2pWQKLPgMEm_R_aI_aw"	0.32405830295583965
"gWgWn4lkRQZwfCP-LBJ2xA"	0.25498705537370875
"gWz6E7v0i403_t8Ntor5JQ"	0.3686466725281824
"gaX7uryTDU18sT5Az0pRxw"	0.2747694044422277
"ghNYyKxJsyvOBDFIh8YDDQ"	0.45220199242027287
"gk5zSldov0A3do1q8kLUDw"	0.26736824688241323
"gn3QZOWJqICxnSNdyM54hw"	0.3344939327301192
"goZV-PlwLJOB8s5O3GruxA"	0.37503557453550146
"gstmQyich5ToZPBNhSthmw"	0.3628851466678424
"guRFpV67mavRHcloCAR-ZA"	0.31723218784117074
"gw0ZS5b5RP3Lzr1BoCbALg"	0.2949612544299705
"h0Wmyzb8q0bXbrqmWqVvfQ"	0.512287901367156
"h0eR5-U7hWtkKeYbqJIqPA"	0.30304998203239003
"h39PkiW3Zt0N_syoRsKbGQ"	0.4653042068490927
"hGEutUMfbpSdCiekvbW-rg"	0.4509116702510064
"hSU3MbB9Yu8MlybxfmABeg"	0.327422934547396
"hTEVm9uOnR6L7hLAigNNAw"	0.46099745584468876
"hTSIT3puu8m8-kOZYS4Zdg"	0.4549015558019013
"hVyvFxmlWpGDQviQ4tls9Q"	0.13619551672498298
"hWLqwafZ2tXH0S073lJSGA"	0.5018619257394977
"hWgMbRQKIBrAw18-I0KJQQ"	0.3715029803903059
"haGstZfcH0IeRPncH2oFPQ"	0.2495976051346181
"hc_x57UHPd3752vQj-2Oxg"	0.48771480285472735
"hcrjdLHf8UlR-D1-rTEkfw"	0.4636429681601129
"hdOkgm5wyn1hOWLlqq5hyA"	0.49079372163957674
"hh6OnxhTmfoyLo4prSNwBQ"	0.30767225826529915
"hiIc3UeDYlWsoT8D3FsczQ"	0.31784876355379826
"hiNArIsFnQXJHwtCglSJFw"	0.41142566547904036
"hkYRgPoWUQXJ8iHXSqvFZA"	0.49827908694532547
"hlhXDG5GfUUWLduFbbAXzg"	0.33201021402604675
"hmfAdo6LuVOvBLiu75C8ZA"	0.48846856363716684
"hrvjRWqHOkPa9jBPpX1B8A"	0.5114836118910889
"ht0lf3tqyxWV1QH2ZqhMag"	0.38507158811184
"htllg7z_3firi_F2NLksWw"	0.05714647518621368
"huYgyzdbIwj2JF3U4fGT6w"	0.43296729135182727
"i0ld5nTFMyGRlH1EZJNhvw"	0.4969349791884785
"i40pCeg6QG5CsAvP0Vp0Xg"	0.32610042987140003
"i5A6Bb9SpaYb3_Yr40Pk2g"	0.40820016388781116
"iDUPJOcU1VRQv9aK6Egztw"	0.46842682559454685
"iIe6PLxsZDVyrKf4ziKxyw"	0.41120283085051584
"iJ818L_78MFGOZs6hUVW4A"	0.42013489207497534
"iJpmIt-i9-VeChouLcPXbA"	0.47956559830944895
"iNeiyfZ7MHK8dI0QZ4Ucsg"	0.15550086428682763
"iPaXQP-JQCvwHV5D8RFTIg"	0.37721109498440136
"iVvK78ETaEnIZwnDZQV8Qw"	0.21023747669254048
"iWLNyADtZsORV58bttRrBQ"	0.3070426568081764
"iWq6qeOnOS6CPmeDP9vyFQ"	0.024500011050179696
"iZfeH70e_YFLrURT8WuCYQ"	0.48989831392556643
"ib8kSuDsmqLpbXuIs4KfKw"	0.27166852892138543
"ijY4C4ut4M9xg3QvK2R2pg"	0.3813321150272351
"imyKBHJGFixHJ2bh400b7Q"	0.3329372975101785
"intKyiipUlHDWi_chv0f3A"	0.3045924714037242
"ivtLwRZfMq9Hagk8nW-xzQ"	0.44143100973947313
"iyeanZgAkpCSL4eHoqdhnw"	0.1428342784641552
"j4170xdQJTwSvXFpsQzWtg"	0.442289175101674
"j4Ms51MtI4arORwaICNfCw"	0.4149253517876989
"j6JAY0KpNCVgOmq9G6MZuA"	0.3839168282627778
"jA3xcba82t8x06H8NzG4VQ"	0.49400629609054314
"jAjJ0ESnlDzIk7-KJPQKyQ"	0.33081202167945895
"jEoBsvxQ-_CYJLVlZ1vuKA"	0.48345463401390704
"jH4EAEWiCYfiXyvtgPE1xg"	0.321678178279145
"jNWyePugCw1J_O-s04JtIQ"	0.3866231247395817
"jPrN8a-JW-wA52NPwE0VoQ"	0.2994365324125328
"jQe-ZROYfR7dTgUhAtjvrQ"	0.3049208223103192
"jRAUH6Ypc_2rX_nh3NMqcQ"	0.23450882877671456
"jTverXPOjbLCWEhGYtBd7Q"	0.4480595772164524
"jXo3-D3fCzaQzLE0NRZlZw"	0.46967839808378103
"ja7zjowr6ymsVglQXZZ6BA"	0.49025149676489876
"jcZXbQ96bznQyNIR0VxRtg"	0.3870138789362647
"jhCcZgDhPh5oiPgOXYTkrg"	0.46285520231729577
"jhNV1xO2q1_61REv2YQAtg"	0.4203056644714243
"jhf5nALqdV208SjURLk6ig"	0.5193088249685865
"jjBTBObnHrY87qQIMybjzQ"	0.3719977613877734
"jmTirQw-n4V_Z4g1-RE9iw"	0.1565876418236858
"jmeDvVx3wzCBlTBN7XNb-Q"	0.3006100116475789
"jrrozZmlFKp5KaVTD1fq3g"	0.3344344847741843
"jyAhu2jqSMBoeJi-KQ5lZw"	0.30387356679412536
"k-XN0KuOWPU5xZlfXOVSlA"	0.22279867877870552
"k1VQF6auj3RQT-QjMWtrEw"	0.365416095393414
"k9vukbB0xYq_FC9KpktnbQ"	0.22136633342477993
"kH8BdX2FEdREBXfeDsgjYw"	0.3960283273123466
"kHyBKPnqnTiWKBCH9jajGw"	0.5029102864706512
"kJtijhRR8fl4QIrj-oxf9g"	0.4709750478683151
"kS_xANADJil_EGX6gmMa5A"	0.3044041358619914
"kXIJwryYY2xDHNnI7jz-WQ"	0.3853677228257747
"kcCncG6-pomVVc7r27HYWA"	0.2998565631477748
"kf5vUoZTGedgydqce2e08g"	0.2664549484255783
"kfTvilKjXhD_0GmlmKdW_A"	0.28281043554615776
"kh4fLYwyUl8yb7IHu-HCyw"	0.48589287822722843
"klrE4AGf42dXFU2g98TSpg"	0.5569578704724463
"km0bFbcjmggC-TfALhc75Q"	0.4979156464405037
"knJh7agyWMdPyndI9dURjw"	0.48684258881869186
"ks8XsTMTungCk-HUtZleYg"	0.4324962771651706
"kt8gBE0TcSC_Srrxg98Mow"	0.015758547647380914
"kwAFz9QFtNv7ZpMVM6uJ1Q"	0.3587720725559662
"kyp6dmpiexaEhTBg7YpsSQ"	0.33617349538489055
"kyphxFtMIC6w7ktg-fwxWA"	0.44723590302608435
"l1ug2BtaafDvHpr3JEmbAQ"	0.46739766616035994
"l3lM7HNbU5Wlrb6K4Vw69A"	0.2778973579392448
"lFmodN3eYipeWBmE9fwzxw"	0.44906811400273805
"lHLNQnEHwCJ_CROCfCxEzw"	0.5497038338788502
"lJU19A8gxyNT1gU8y4pv1w"	0.18393445667044314
"lK-wuiq8b1TuU7bfbQZgsg"	0.361280089678388
"lMPv3UxzQoYWftbyoDE5dQ"	0.33511520645436904
"lTFauUhnfk4pPhOMGDiEgg"	0.5200722623669461
"lYppFHq_lmKLfUtQBFOheg"	0.5207283791407541
"lZTiB75nCqHc8Q4vGZdmoA"	0.2786801551348738
"l_MAsRrpzf2sXPykr9DyxQ"	0.28466003968558623
"lbUKEN7XVdD_FEF61TlQeA"	0.2717369250433146
"ldoNHXUnh62ZhHwbr7EBqA"	0.41838545726083304
"lfdiEgr4xbbn6waskIZj4A"	0.5721205654724573
"liPSeXaAfv8jxRGJ717VmQ"	0.3647679025705214
"ln-9sGJL8hVjSDwDcwEXWw"	0.5055559937732191
"loXkZgAd70KMjP8ISCnZPQ"	0.24167507997714477
"lq-S8rP-advEFlshnCV3gQ"	0.2803111006531881
"lr24BCFNXmnFsIXk4utUjQ"	0.33933944193091614
"lw3E5vaRVO87KEbDNhyfjQ"	0.39028424948210394
"lwLd3mQRtzywaf0ndkyOmQ"	0.5128507336788476
"lxU5_YEsvMsn1k7Ol-i3xQ"	0.37639666439732267
"m3DVIvPsuLuA9OMSgWNLcQ"	0.4233889962377739
"m5t6Ork5uMHRvIlCmP6ULQ"	0.4167806627582818
"m6O4gOfTtqJKmz0Ev2-PCg"	0.5193840129748241
"mBBsJUT6x-_Wr9qOy3TBxQ"	0.3248891574992307
"mIl2E5qSPveA6Bl9aXAMjw"	0.2975110566979289
"mLjDh0vQYBCY6g9T1HczVw"	0.177552320255652
"mPAt95zVO9deXkZSEFUDqg"	0.3437391848586493
"mTcPc9rE43XrG05RQOjnWw"	0.285957141674007
"mUlkfRhBjQB7MI5nJkcRsA"	0.28802195782327156
"mXaqyzYTqiTc-LrTFAm0Yw"	0.37974546867738224
"mYeUwj1BlhJTaHd1Uo6PUA"	0.24613936208881493
"mbk0WvEjeVXUEckUq5D1BQ"	0.3493316291903298
"meXjqyhTNLFmknY39y2sMg"	0.4370288401862521
"mlqdbe7cC5xgg0KSSPyasA"	0.4182997049194622
"mmtjbwUUjw266ulkEnRX3Q"	0.37947740734222424
"mo78R4hiF5JDcxpnLljEXg"	0.3201769180681309
"mrCOQuRY60xAMkQVSf3nCA"	0.35277168383826357
"mtPXFA8wKh2yKZ_BAEILvg"	0.5023698067870723
"mtpeEJ4mhs3DUninFgEE0Q"	0.24858322936260066
"mvqvZ1ipV6xNP7WU4guI4g"	0.45961016481179373
"myWTU6p921CBUrx3JclCfg"	0.39652980026284945
"myorOrDcPgwYwNXcFs0qBQ"	0.32840132553431634
"n0NH0FW8NU3zfeJY3QluMQ"	0.33143660727483537
"n5S6BuEvl96RgCTafnYkvg"	0.4511845217225801
"nBmpmc4R7LP8HjII7DJgkA"	0.22646001441231056
"nCK19UJUHdX5bXWAASr-Ww"	0.4154600681455499
"nDKX55KbERSd_KzYHPgEdw"	0.47951058508318284
"nI36UCs4cQUNxbMO5BxrUg"	0.45460945163677835
"nIJr76IGIGS3nkmieY3Vow"	0.4745799519216435
"nJVDHjoTilGmhLjXAOwiyg"	0.35731638429979484
"nJrFxROYx9sis3acKkhzgA"	0.4252619898920043
"nL4cq4GEz4uiM48nz5E7ug"	0.4145523346972325
"nMscHTw8QDyXjT5iteO9aA"	0.282597599644984
"nOwexc-fUenxAtJf8cNW-g"	0.19241520258433464
"nWW6fBfBljiRFa4sG7TyxA"	0.49032449000261963
"nZ4uuPHq0QLM5DwI52aO3Q"	0.2863991365245264
"nZnebnuZDiBJxEMDxcDF-w"	0.36333673312491477
"n_UkzLCAMCIqhUnu-iLQyw"	0.5089406543248789
"n_UlhRNcv9dm04NbUNBrFQ"	0.45639324816737137
"nbFAn60OmDt9reIRk8vilA"	0.4409518992729411
"nfnr1RP2VjV6K_OkbX6avQ"	0.2383753344941548
"nkTKlVAdh7DhFJMFvQiAXQ"	0.3510338225570551
"nllz_CryvbKJg1MX8sh_Kg"	0.49046689039687313
"nlrUUtIO0s0a6umCE55prA"	0.5307554437027224
"nqiTujxNtEpA8dPATEQRrg"	0.352290829078116
"ntds2JP29DPYp765oFqptw"	0.5150723757003638
"ntkeyTQNc735Dr-yjGd_IQ"	0.03383777410771827
"nv1XdkWviHXO7N6mK8O1yg"	0.4662393295964267
"nz8jiOENPW4csOeoAPApKw"	0.4441049533658204
"o10-_WmF3MF5uXwMWGg5VQ"	0.4556366064528369
"o1TZ62VQ8RBoYv2B8v9UUg"	0.33353405401631037
"o4HbgQnUkYnTLsbb6K5hjg"	0.507943246216986
"o5jKW_A2PInNvHYBj-sCyg"	0.38670043958060424
"oGnUASBpfhXLlJcdyv_2ig"	0.5176645366927576
"oHeiAs-mnDJU1_4BD8_5Dg"	0.3998263565617259
"oK_uwtOectm906rpUtHiug"	0.286237119913325
"oTTBpDELlpgMah1o0OIbvA"	0.43761724405149083
"oTUyD6FBo7u7w54aYZx3bA"	0.3835349760394916
"o_une30mUUXlFdcud-cqWw"	0.322405805545161
"ohIzA0mZOtS6_9q_pJYKrg"	0.4006544770773454
"olgPGh22pPVRkKw-c1ZOuA"	0.3490550398740817
"orrrhqRRUORIzUSxWTveKg"	0.2806468524255235
"osfBW9AMuOqX3aDsA6Rzmg"	0.2853671269987373
"ots7CgnVUu7f9qNiZCXw7w"	0.30337199444754154
"oxeW1tSB-e_oIzCQZtqyTw"	0.4874192232290949
"oxx6LBeBMr3xLkj3jq6rFw"	0.3733694639131088
"p5uB6cp17euTJSG6AV3f4Q"	0.44314969646338337
"p6Rf2hsyF1eYVJk9ag3W2A"	0.33918444805806036
"p8JB_gaDUuJFwypSZOSYMg"	0.33188609009056824
"p8p6xfFWbxN070r5qt32Rw"	0.5090104488096366
"p9wsRYjSo4yIb14ijaNEnA"	0.5496715545961649
"pGjtxXBq4tZcdKdgTU-Tww"	0.5547458607803633
"pGu7YwnkIueer-3r3pkQdg"	0.2523574385430848
"pJU2t-6Hd_zUosX1Aw4b0Q"	0.033835003721214715
"pM5OiwjOih7twp4mP0Rmhw"	0.2841481506734174
"pN3UbQ1n4WVli-kfFDfWug"	0.48012104117832866
"pP4MRsHfrage-sm4mXYFAQ"	0.37620033592366503
"pTkmsIie9OzCLRIgyh8knQ"	0.3347015634765192
"pW-fOxuaWBkIhum5NANx2w"	0.4663734762710862
"pW2j5fhlmuTrQ1egkKKLlg"	0.461493728693418
"pWyhmTVRNw6hix3J__SqvQ"	0.1919196295629033
"pbS64IjuuRxr23uNPQwaHw"	0.46557326744111305
"pcs7jXj_mvuLQq6DQ3Ggcg"	0.4612816634905042
"pi1UM_U1hq-DwDYqQRK1Wg"	0.5269059046841271
"pnYDtPaVw_xRBHm9y0y4gg"	0.3975085417013874
"pw5B6BKQ4dWPzKesqn01NA"	0.43247391623406706
"q0PH5CjXSdmpL-LLgCNdeA"	0.44093170697685935
"q0kNcjGcHvEdd8-ccfwKoA"	0.2970706983894296
"q7qqx3odlp7Pbjo96l-1RA"	0.443971508010402
"qCJ5txE34m5OHx4UVRzCTA"	0.45039650035871875
"qDqHD4iPXPecT1WnV0JRzA"	0.4598158282818992
"qF-NiRVw5OPD_MPUJNlt9g"	0.26739163113382025
"qGJZ1C3rUjqZ6LAtNMjQtw"	0.28488574837473934
"qHiaNXS_F1M8aEa7YfoqCw"	0.44109846800762487
"qML8HCfDh7vmIxvbt1QgOg"	0.31953625621290355
"qMyYUz_V9I-jor53xb3bMQ"	0.5093587021259764
"qSN504OGvbnoucXcYZlnTQ"	0.5595072685145697
"qSVCYsz1sv1b3W4z4WDTsQ"	0.3619030328952125
"qZZ8VU1Bk-xCruEAZNwm6A"	0.5127575912164258
"qbDaSyxDfUZNheucJym2Pg"	0.21974542790298326
"qeJ8OUASkd0KQ1oEN3P--w"	0.20230115796101042
"qfOSFYfT23CIya1KmD7EGw"	0.35466335051763903
"qmm3eoSgi_tCZx9h-zSOFg"	0.4499100640444126
"qp0UKeN7QkMPPZnx_vnOmg"	0.060879774815770414
"qsDxZtF-tauBMHl_NZYssw"	0.23367656188475633
"qwkzD5_OjQ2eYv0EIKxV_g"	0.2700506666767573
"qx-d5K0fugvnrW5AYcTqlw"	0.3200139038439743
"qzjMO-bLXirGU1Q4_8vJEg"	0.5076133647369547
"r2BP0Irh63hqYUDSZd0ijQ"	0.40025235782267327
"r3lT2Qd80FXBoJKaVGY1Vw"	0.4089020188926835
"r6o9Fi0rHCB3f1mEGdL61A"	0.40495196590773913
"r9QETdzuTTQpn-_exlL6jw"	0.46474203418189486
"rDegp5eG69OVtXo2380p4Q"	0.029711365743006726
"rECYunhPI1P3gmdbaXcfeA"	0.4409343606577675
"rHX9R1blojU6xK7XhSCSsw"	0.5115833169117
"rQ9qBma0ol5N5O_sOZ-l8w"	0.4646102408389632
"rRTz0zVbjmrEY8dEZmPJTA"	0.2590166711709192
"rV6PwAjgpTx5Knr5lYouoQ"	0.3893689395143251
"r_TKhukd3QwMVxeFqQ8F1Q"	0.47196875509747754
"rg2VaD3zfmW_Itj5NR9iLA"	0.24766783440095044
"rgdD0z1plae_ewOluEq8iQ"	0.4361195470193748
"riXr33UJRQXVMKJcNZPqqw"	0.41251583364527467
"ris62LHWvRJt5j9FhHU03Q"	0.429093064217224
"rj5TMsJ3Hq5QUm9RzJYKcQ"	0.39504221910595594
"rnvKg9DtsAIHWU4eywsqmA"	0.4214168377627319
"rts9r2F-st7UQCDkplOivg"	0.43225873405494997
"rwKSKNRKXVERaltnjVltEA"	0.36128746376163234
"rxaxR6lJTYKabKCEN_oa9g"	0.48218633770174796
"ryG0kC_7fmBMrl-g2NFa2A"	0.18747799756244451
"rzd_2GJpkvHPejEwJ-IKHg"	0.4470587562320218
"s1FNMwBVBmC7mLfYy77e8g"	0.473649141836219
"s7SaLKwhfRXZqYY6NClLew"	0.37308003225194963
"s9CG5XGXJQpP03iYFIHeLA"	0.4981427047769061
"sARejHFyWLA93RgGwkhy5g"	0.4961416485302424
"sFz9UyOTZLMAfSP0yyIODQ"	0.4296857953673411
"sOXRk5TkFrz3pKzUYF1EEw"	0.35834563748127984
"sRqlwSng2nHqTZuggX__Mw"	0.4088019374745042
"sS5-UR5I1N_JZx8UGt5xGg"	0.3250633666048819
"sSb41sJghGm2nEkuzzJEBw"	0.4151774343780286
"sX-7qfeKaN9wRr2eD0UmGg"	0.45795694163706824
"sXY-t_J7fNteA9gWqWs9Qg"	0.46178293188785685
"sYMAijY2oRrd71KRHKoIDA"	0.22976797731849516
"se2a2QaJi8Yx_KjE1r-_sQ"	0.309039755190276
"sfWFdhpwsThk4w9nDg1tTA"	0.5285748565902522
"smtYnQpXjxixcomck2uluA"	0.2987417039539994
"soQEl35sQuARBOlH1Y6MaQ"	0.41042584463352955
"soyZ8bv2ZsSpsBv4PGMrTA"	0.3917976918291889
"suIn6SJHBJaOVOOikpWNOg"	0.4668573341730635
"svRAGD2eDu2kXiZuV5Qd5g"	0.1888850782739279
"t181Pejkkaos8n7HW8YYCg"	0.5137860970511854
"t2O4Qx74U_IfBzDHJzvUCA"	0.41184733785459704
"t7b_86s_Q__P35H9NXedhw"	0.475431944210466
"t9zdTrf38kkE7XTmkrsMyQ"	0.4473104481316633
"tB0zkiCxLjJwEPCRmwlVrA"	0.4614476051106092
"tCVma1LcSnLWBRqJoTom5g"	0.2998451900431301
"tIby_wfzpZ5QH02IWFNogg"	0.2879403510055641
"tKWoQENTGxhYCJSbY4ZLsQ"	0.2803351691299201
"tLpkSwdtqqoXwU0JAGnApw"	0.4101611411710303
"tNJgmbODR-N0qdPGy4Vsrw"	0.33865259888000293
"tNw9uqfIzl247SfiZ-JBLw"	0.48160403163998355
"tQ-BmlXNhaykObSzU6xujA"	0.3863632366166908
"tUjyGFSN8wQqLgKp5Q0CUA"	0.4450025662057961
"tWtuHpIFtQHMQq8q8DG3dA"	0.3205190676085456
"tXJkGjBkGOZHWAcCmlzS6w"	0.42642851503115964
"tYNK4--H4WDaUBZ13salzA"	0.4480393284098448
"tZpxk604kWWHsJKyirraZg"	0.42308798484387977
"taZtZfRU6AG-Q5T0CIS46Q"	0.3639126559038236
"tef87haIHYdgG5GYMlQ6iQ"	0.4137184151012542
"tnvy8Xt_pRGIpWzcOJf9-g"	0.44853642240113945
"trZ9PBGPUil8NEAoFdb1rQ"	0.3775603962581212
"ttRnQ4PYIuR_ptgaTT2g_A"	0.3448894597344556
"tulUhFYMvBkYHsjmn30A9w"	0.5766517100154244
"tvUGZRnbtgjwZimkiq3eGA"	0.4772951806059875
"txVbZR1mAB6GL8G4Sx4KHA"	0.04782822420044207
"u-H6djIQKi73jNtFaoSuGA"	0.42472618941172624
"u1qzJu0JwbKU-HjIFjq8kw"	0.4655426049794502
"u2w7rfwl06rzHU7RcRkr9w"	0.25150932295491363
"uB6zt1CUBgAaSgKmtfwIzg"	0.3238361726593171
"uBGPTzye3wrxZPf54AXuFg"	0.37446538720716155
"uKCCJB-OkAtLBunNFDIrxw"	0.3989291384975666
"uLUjru9JVkI_qmFHCxYwAQ"	0.3894161671914072
"uNsMn44UOp58l62_Jj8bmQ"	0.24242145604498963
"uRbrfI6DW0hn3Vj0tyjycA"	0.2804578592965193
"uSRgegdEFHHasT5BbRkcFA"	0.4092944463052786
"uTKrt3rE4xgYyuiOtRWDvw"	0.34121339844755355
"uYGccFiK5EdKBV0W33eGoA"	0.387085991738208
"uYl_QBtb7bXhu9sgb4kCrg"	0.41861815396279733
"uZZnIe0KJEpFlJlYedrQsg"	0.3802593530185518
"u_ZGUzNkGppD0-WR61bd1A"	0.3495396054810583
"udFcIcbWbxrO8uLF95WnQg"	0.4366368568637798
"ue7tVbfE3cRt14LELax2nw"	0.2750676703205185
"ugGMhvYnjheG3rHKxK2-gQ"	0.4813265329062882
"ugPCIr4fZXtuHbC6xNctaA"	0.3216721640402964
"umYIc-FJg-3tsqoVaM-Mnw"	0.5206519657969865
"unDs06rQ8V-d8-EujSVe8A"	0.4134339528799336
"uqKwC97wBEcNdzYw_SBjlw"	0.522320684672821
"uqPHO-o4stxGXLdxP3WNig"	0.4345951260444421
"urRSZQWfUpSnsofAaIXYHw"	0.5239386887367289
"uziDWXfTvCYlbQYrJT0iAQ"	0.4047517781444015
"v21dSJb78W3NM41cC8MMuA"	0.39481449871125673
"v2a8hI1Tsi1SgFKFWD39qQ"	0.5247339673046285
"v4PsaviYCaSaFIejGszMvg"	0.517347810728925
"v5MjMhbdEn2fSCtvmXdgZQ"	0.45305413263150196
"v8GgrqLTs_NZZl2tkyvOgA"	0.45812468905121745
"v8k8aVrVzWoG54U_OkMGOw"	0.34419827064718395
"vBMAdtlABJ1qb1ryaeOugA"	0.3252122572426947
"vBV9TEGfaBWw_uXJn8-J1g"	0.492824417756388
"vBZ0cwtWKUN4t6sFCpSFCw"	0.3996272355720159
"vDPRMZPe6lfy0MAcycvQUw"	0.42068027244901474
"vJOwJQF4sDqBbecUK4cVRg"	0.39097034152669463
"vaOeSb5w8uCZFhyrU8VfJQ"	0.43746068840281055
"vcV1q5onsIMFhOBxwNow7A"	0.4509823756864712
"vdloJPM3bSpQTMlwdFek2A"	0.39574885543118143
"viCWNmpnYWCdWpHOHGjerQ"	0.3435756965894263
"vkQEjuWcGKhibYjQlPaaKg"	0.38687861280595987
"vmOnhwEiqBOCaTegD_cUDg"	0.46190819957562224
"vuC03KldDXReH8VTqRK03g"	0.39700299719670035
"vybX7mQJLYm6HP1vRxZBDQ"	0.2882350227958194
"w-ch2_73sYc68VJrWAQL3g"	0.46327708171004106
"w1Dt_Dsbm40IgdVERLv5sQ"	0.2103337343371324
"w1rHHt72BON3K_C4caDDXw"	0.46631027287032195
"w4a6TuFWArSc29dB51rPNA"	0.38599593536382865
"wOKcWLyN1DhSEl3Y1eG5nQ"	0.4392714064971342
"wSAGILK2CFbq5BVZ5D67-A"	0.471224075486436
"wTTNXThF1RQ3Lu5FnujmOA"	0.4202646721142345
"wUzbeWOod7VDmER9PrmwFg"	0.4759508004395454
"wYcCWaqjikA6DnLFBthj_g"	0.48104364676284717
"wbGOeoSttZguRXldqaiBVA"	0.10064434728633398
"wftmt-n8OUA4Ng3bWWH5dw"	0.2589382665603546
"wgXwKEK9MeJruxx7-w178Q"	0.35818873543467405
"wgrgeVG_UuxEeN18FHodIQ"	0.1037542142769786
"whh4FifOxjPmhiBi0tyErg"	0.47056789336491656
"wjvyVdtP-VpHrzZ3qEHg6g"	0.43332082385735154
"wkNT82BPI9eW0Jv36SFYkA"	0.4715545776197155
"wkhxaIt6S9bQ0twAD9Svpw"	0.3858739152407262
"wlUiXdH1Cfj4do5kNxrOtw"	0.36860652305679487
"wmstf9dw0-kN3YThIxx8eQ"	0.5269350188897486
"wnyMhlR5KCWkTCzQ1_gOUQ"	0.5062094340572428
"wrV2yRrSAoVeXpvR7n-czA"	0.3786826449061632
"wzj2cMpiDJW0HB3iCvCOYA"	0.5504784756401755
"x0yfZo7V6WDEE6voAKpC1w"	0.18721288413728368
"x1wYelMFfNppFvDAU661OQ"	0.49904141894877685
"x39RAjfckW2buRTZ57rKDA"	0.48942921345923424
"x3nZVmEyXIYu3z5_dfbvTQ"	0.4015502515499983
"x8dRsP9mpI2FD6vazC990A"	0.4423121917994267
"xAbGtOHkdp3khmSpEGgkZg"	0.22120442609495675
"xBgQ4T6mhS5VsmK9u6mBcg"	0.4159206898544835
"xFl6krZlEO5vrX5LzsCsGQ"	0.39429322203084893
"xJfM3UbnaQkLPEMZgLNuyQ"	0.029590056571529324
"xKw7zu8z28i3qv5vHPkEQQ"	0.5398868739135203
"xMUcmzDm3P4U1urVD2pYdQ"	0.44235509315966537
"xMdOtKnwd-hW6BkU-7LYyg"	0.26634068369158037
"xQo0O_EgcH2_yldW3lOt5Q"	0.27419622036880936
"xVWLSFGNr4w4DYvYiafMPw"	0.27549534354917943
"xXZw2v10FbaqRiibXhAhlg"	0.41540891368063554
"xY90cIKTj9rVYqgJmFxgJQ"	0.431883216754787
"xYx7VXbZUgMC2buFKiMBqQ"	0.49058351026548813
"xiGM1EfkRqZBBf1tuyr1vQ"	0.3664522133723616
"xiUVYCnW8pNL2uiMjETtQA"	0.39361346680336123
"xjQigsaN4wLSaZhqHsMiQA"	0.5098592674267409
"xm1SHIAGpWuLh-8F89jBgg"	0.2827353193212558
"xqVeSoyuWsKhQpWZjwiYSA"	0.25679712823492834
"xqxRWwtyvXCWZvVUM0tepg"	0.48857037118899344
"xzQzJTu47vNCYlpB8jdMaw"	0.5145886089193373
"y30HGHBNQXFswKhAryz0tg"	0.32793871164339045
"y4giWpQy1TYYX7sZOk9NNg"	0.32471209506059906
"y8KBzM9iE9v8q0FeAPn0yQ"	0.343337009261709
"yBHltbm3DqNaKgBgTMpxsA"	0.4311397516848431
"yDRt1K6dLvrR_DZMubSJnQ"	0.4815718466545638
"yGoA3jHUWfRzx8c6BiF5Ng"	0.4169781600203037
"yLnpDARXjqc1Iaom-Pcf7g"	0.3638816216166821
"yNb_PHvkAMGA0NU25L-kgg"	0.3376136998984251
"yOx4Epa3NDDxS-ExC5Ya3g"	0.34067131335536116
"yTv4ptghx8xrErx6dcW3HA"	0.16264278295777765
"yZARNBEe1gTEV8UJuwIR2Q"	0.44278446863069426
"yZE8Vwam62qWB5bO0kvp6w"	0.30268943577735435
"y_Xi2V_0lGbCkRuiXLHUFA"	0.3476686801270693
"ygpvIw60wGri7cr3CA9Ipw"	0.34672144611370587
"yh0mvFCjZuMKy562h2_d_A"	0.2688258207289901
"yhxv_FcPrWQglM0g0DSEwQ"	0.26136235023155696
"yqIVlkpQF_IdhVk1yTiIjw"	0.20957236723286946
"z1OhXPMw8CVdfq3BBGkQNQ"	0.4581677513658324
"z71cDtFTgwvT7ihsxesTzA"	0.4029870354609219
"z7h3_K5lg3RnYieq04C0Vg"	0.2807710330762193
"z82CyKgRSX2KyUWgphygtg"	0.41729038889047965
"zB4w1HYzZ9tBwjLNvLNc3Q"	0.3882805948020336
"zCs-HD0bS2RUZG9lbotPtA"	0.39538191803732436
"zCyyPH-7DIvv0XgnW_7Fwg"	0.16433156000159255
"zGWTylnfPBV3nuNhRyFpOw"	0.5134077508785999
"zGwZNFrE-Yfh85feqZcs6A"	0.2542624992019243
"zH3HFpkJZ9EmWMRhw1oypA"	0.4255809290920752
"zKJ4KcZAfTNBIM7OvkVv3A"	0.34145024119677186
"zKaeae3yRGgb21Os-v6eOA"	0.14797098091233882
"zRVIGRRZEw3jna2QJwLjpA"	0.5234612023168029
"zYbEKtLeosxhTzF4zSRIyA"	0.41248261704753814
"zZB5pi8nld4d8TPAL2seHA"	0.2899131632367187
"zZa54XuYySbT1DI2WG4i3A"	0.27123426201778583
"zhwqX2uk3XF_fwtwLj397A"	0.35523272090824815
"zo9fKM_Sty6qGztXKoMPmQ"	0.35893312574323366
"ztG_sG9ugajX9crrzh0UyA"	0.33875396423759807
