"b'-5DifC-lAFioAD_DLVgTMQ'"	[1.5535714285714286, 3.3392857142857144, 40.375]
"b'-73xAVllMh_O2nEAcGtbvQ'"	[1.5892857142857142, 3.125, 37.410714285714285]
"b'-9CvNuJ35elp7YwIy4xHDw'"	[1.5245901639344261, 3.5245901639344264, 62.324590163934424]
"b'-9yG5SmYxH8BLg4bML8VQg'"	[1.8224299065420562, 3.6985981308411215, 104.38785046728972]
"b'-D9NFU_SZpp5J7VCSsPp1Q'"	[1.6213872832369942, 3.5635838150289016, 72.59537572254335]
"b'-IoO4qZCdIQNgj2vCt9hqA'"	[1.6138328530259367, 3.5720461095100866, 74.36599423631124]
"b'-R_dMb9Z1eBv_FlYZrrKbw'"	[1.450381679389313, 3.5381679389312977, 53.0]
"b'-jZ1TrvY56HFqmxjbpcU2A'"	[1.6457142857142857, 3.62, 78.64285714285714]
"b'-mst4KdHEmeF3Qm0Xfouhw'"	[1.6666666666666667, 3.6666666666666665, 40.0]
"b'-pV9kWNoA9vyHfM_auYecA'"	[1.6293103448275863, 3.617816091954023, 76.02586206896552]
"b'-rLP6lfoQmOO_5Pf2bTkqg'"	[1.6333333333333333, 3.8833333333333333, 98.56666666666666]
"b'-rg5vXpJgqB23FOQJuqMeg'"	[1.44, 3.62, 79.44]
"b'-uMpSkdN39sz9MbjkauVTQ'"	[1.5835866261398177, 3.5379939209726445, 70.33738601823708]
"b'-y8Nz-elBXkUYoIoc9AADg'"	[1.6253602305475505, 3.5547550432276656, 71.9135446685879]
"b'07pQy9z_UNDihUdwrJfjyQ'"	[1.6896551724137931, 3.396551724137931, 87.51724137931035]
"b'0ETtpZSd6f7q_-o-7gutPg'"	[1.6438746438746439, 3.618233618233618, 78.03703703703704]
"b'0Rhr6lMMv6SyBgENN6h9Bg'"	[1.48, 3.38, 19.48]
"b'0SECDod-_lEXcWezbwUxzw'"	[1.6011904761904763, 3.5386904761904763, 69.80357142857143]
"b'0au_HRvOYfhQyvdvjZdzUg'"	[2.0, 2.75, 52.5]
"b'0qh5uSAUDcVzC6hoPsAPvA'"	[1.5425531914893618, 3.297872340425532, 41.723404255319146]
"b'0vyh1UE4HH8ayZtXNxIfeQ'"	[1.6225352112676057, 3.547887323943662, 70.90140845070422]
"b'0zxn5cFZaH3F_0UsiI0SjQ'"	[1.6418338108882522, 3.6174785100286533, 79.43839541547278]
"b'1-wuGggkiX5rGS6e2qTP7Q'"	[1.6418338108882522, 3.6174785100286533, 79.44699140401146]
"b'15LVDu1_v97JEx-g97wnfA'"	[1.828729281767956, 3.712707182320442, 105.59668508287292]
"b'15LjiMzeVbTpQgaFBWO32A'"	[1.4932432432432432, 3.5253378378378377, 57.570945945945944]
"b'162qe4ekI6ylZg_EYp3MPQ'"	[1.2857142857142858, 3.2142857142857144, 32.857142857142854]
"b'1AbuJiCPu-mOJUPjQIpuLw'"	[1.6129032258064515, 3.4193548387096775, 86.48387096774194]
"b'1BQzXcXFxR6MlVIYmG93kw'"	[1.6120689655172413, 3.5704022988505746, 74.22413793103448]
"b'1GGLx6k4SgM-MykB5TTiJg'"	[1.25, 3.40625, 35.25]
"b'1No65MMinOXLxgEtqpV3vg'"	[1.696969696969697, 3.823232323232323, 95.93939393939394]
"b'1Os0g2rh6I50ZIXEZSaNkA'"	[1.638728323699422, 3.6184971098265897, 78.08381502890174]
"b'1PUPTbQRums97s6yfTnA5A'"	[1.5833333333333333, 3.2916666666666665, 42.916666666666664]
"b'1ZkcNwQpIESg8LuAHzye6Q'"	[1.495049504950495, 3.51980198019802, 49.56435643564357]
"b'1a3Pkkwb7yB_vmxgKwmqXw'"	[1.6158357771260996, 3.6085043988269794, 76.36363636363636]
"b'1bYtt80iwckHNPJyIl4qQg'"	[1.5151515151515151, 3.484848484848485, 51.21212121212121]
"b'1k3toqehw9_rOdLjsoZh-Q'"	[1.1666666666666667, 3.4166666666666665, 32.583333333333336]
"b'1lujZNJqP5s966L0PRmRrg'"	[1.6, 3.3, 52.5]
"b'1pOqoAixFXrVci0kSZnbzQ'"	[2.0, 2.75, 43.5]
"b'1qVF1_pSuk88hrTek6bPeg'"	[1.5740740740740742, 3.138888888888889, 37.46296296296296]
"b'1qVtBw0UIcWGGUQXWjMgug'"	[1.5106382978723405, 3.606382978723404, 61.95744680851064]
"b'1ru9ZnIcSXKtD-jQoxLzNg'"	[1.6296296296296295, 3.8703703703703702, 78.66666666666667]
"b'1ti16CM6jlDt66P5PDqyUg'"	[1.1818181818181819, 3.1818181818181817, 32.90909090909091]
"b'2-LcaW9vRqBLKe-5Y6ljVA'"	[1.630952380952381, 3.607142857142857, 77.50297619047619]
"b'2-su3xdxOvyF0_2GZN4FLw'"	[1.6198830409356726, 3.597953216374269, 75.64035087719299]
"b'20mdLT6sAriyKs9oNouDDA'"	[1.6235955056179776, 3.5407303370786516, 70.76123595505618]
"b'22SabxkOHG2gD4VuVlQR5Q'"	[1.435897435897436, 3.4743589743589745, 45.256410256410255]
"b'24fW-8hK0hs5KvEYWwWNDw'"	[1.6104651162790697, 3.574127906976744, 74.7063953488372]
"b'29iErFPoWBTbIVPpp9qSyg'"	[1.4137931034482758, 3.6379310344827585, 87.55172413793103]
"b'2C5nGjdzF0zMWvD9iVma0g'"	[1.6311239193083573, 3.61671469740634, 76.93371757925073]
"b'2Cmpz9lgr-wfOLAwgUf79g'"	[1.5394736842105263, 3.3092105263157894, 44.4078947368421]
"b'2NnoviDIh_GjWZI3srr99A'"	[1.525, 3.65, 56.15]
"b'2Y1zM4OuV_eB4KxZO3LxSw'"	[1.6011904761904763, 3.5401785714285716, 71.73214285714286]
"b'2YlUn3s132hNq5ueGeIiJg'"	[1.1333333333333333, 3.433333333333333, 26.266666666666666]
"b'2cetuQgbP1Bnzm-uMRlocQ'"	[1.395121951219512, 3.5195121951219512, 47.78048780487805]
"b'2hGAmn6CJKT-Q1deaEBtGw'"	[1.5625, 3.5416666666666665, 55.385416666666664]
"b'2j3sESWDU_hW9Q3TjElwPA'"	[1.4444444444444444, 3.5102880658436213, 49.60082304526749]
"b'2koGK8csbE3AIFf7r2dMNw'"	[1.5294117647058822, 3.3411764705882354, 44.294117647058826]
"b'2p5J9bc0acslM4XBNcXAJQ'"	[1.4310344827586208, 3.586206896551724, 80.25862068965517]
"b'2qjvYspb3bEmCaw1vmSk0g'"	[1.6176470588235294, 3.3088235294117645, 73.26470588235294]
"b'2vzUzl31fFLHKhM6px-rbg'"	[1.5, 3.25, 50.0]
"b'2zx0Pt5OeHhjAZoNRqYTog'"	[1.847953216374269, 3.780701754385965, 110.59649122807018]
"b'3-HFGxmbzSax-NySJ_LzDg'"	[1.5555555555555556, 3.311111111111111, 42.46666666666667]
"b'37_fNrTNrqYGJnwdqtXQ9w'"	[1.5795454545454546, 3.3125, 44.52272727272727]
"b'38VHBCYylBFmTQ0cFeCdAQ'"	[1.492537313432836, 3.4925373134328357, 53.22014925373134]
"b'3EkVn5_YsP0q6LvMfTsVuQ'"	[1.6143250688705235, 3.549586776859504, 70.55096418732782]
"b'3GKCKWw4O6JmM4HejYEQcg'"	[1.4137931034482758, 3.4310344827586206, 27.03448275862069]
"b'3LpBQxRKVxJIxdQd3PV_Hw'"	[1.6569767441860466, 3.613372093023256, 80.92732558139535]
"b'3NmjKQJmPH7hcM0pp12DJQ'"	[1.5208333333333333, 3.2916666666666665, 42.739583333333336]
"b'3QfcfPCJSo0z2v1bkdUemQ'"	[1.6576576576576576, 3.6171171171171173, 82.2072072072072]
"b'3QkeQGsghxmtHyK2q1_xsQ'"	[1.6627218934911243, 3.616863905325444, 82.14201183431953]
"b'3Z4pcWY2xnyZumGmsoXIVA'"	[1.610958904109589, 3.5465753424657533, 71.78082191780823]
"b'3a1w3Ufs9CCC3GJTAV8EpQ'"	[1.6666666666666667, 3.393939393939394, 81.6969696969697]
"b'3aEASdWGHArGCQH-7don3A'"	[1.1666666666666667, 3.7916666666666665, 41.666666666666664]
"b'3ixWqNb_sort966Ouxc5vg'"	[1.4137931034482758, 3.4310344827586206, 27.03448275862069]
"b'3r1-6Hrfiobded7DRxstxQ'"	[1.6482558139534884, 3.6177325581395348, 79.80523255813954]
"b'3uFye5VlDqtBU5_TzSulyA'"	[1.4583333333333333, 3.6041666666666665, 82.39583333333333]
"b'3uwz62lHoUqKXDDbwErRfQ'"	[1.631578947368421, 3.4473684210526314, 53.31578947368421]
"b'3wW0ls1tLyYabs2lwEndzA'"	[1.6426512968299711, 3.622478386167147, 79.2593659942363]
"b'44IAhkyHsBGMrggWm1HICw'"	[1.6455331412103746, 3.618155619596542, 80.05475504322767]
"b'49JTxfrT4BnROuk9_RIW6w'"	[1.5818181818181818, 3.1545454545454548, 37.90909090909091]
"b'4CXNce-fAj4G39hi97IleQ'"	[1.729903536977492, 3.6157556270096465, 86.30868167202573]
"b'4DtGWbPfvfIL7czgBLPcXw'"	[1.5263157894736843, 3.3684210526315788, 39.94736842105263]
"b'4FdXVA-WxWwc5rmjRPJVnQ'"	[1.5737704918032787, 3.180327868852459, 36.83606557377049]
"b'4mYNxIZan0vuTqZ9BS7__w'"	[1.6666666666666667, 3.25, 9.333333333333334]
"b'4qiD9hcUiY4AfCBBqpMYeQ'"	[1.3333333333333333, 3.75, 20.75]
"b'4r9BwC-nkDRMXEIy_bqNbg'"	[1.476923076923077, 3.7, 95.52307692307693]
"b'4scx_rtI9RZfFHWUxqPuHw'"	[1.6311239193083573, 3.615273775216138, 77.59365994236312]
"b'4y8KM5Hq0HOm6M0w7O-m4g'"	[1.6497005988023952, 3.604790419161677, 80.7065868263473]
"b'50Anorn0DJXFhBr9a9_gHQ'"	[1.583596214511041, 3.5410094637223977, 69.70662460567823]
"b'52bVodsCN1p_yT7_Y63xeg'"	[1.6133720930232558, 3.571220930232558, 74.34593023255815]
"b'530DtHanJc-S-rNh7dtoXg'"	[1.5, 3.533333333333333, 56.7]
"b'58bwmkEtGJqe7ei5kssczw'"	[1.2105263157894737, 3.210526315789474, 33.68421052631579]
"b'58c9tCvjkDRONJq8h6NLzg'"	[1.5964912280701755, 3.1140350877192984, 37.3859649122807]
"b'5922_DJ8lQXaJva0XOlyXw'"	[1.457142857142857, 3.4714285714285715, 50.02857142857143]
"b'5P73h8f_5q-00YIIkUX4WA'"	[1.5360824742268042, 3.304123711340206, 41.865979381443296]
"b'5R6BzOdTvgUiDTlR6K9suQ'"	[1.6397694524495676, 3.622478386167147, 79.2507204610951]
"b'5XSmSsHpQI5hvB90URhJtQ'"	[1.5483870967741935, 3.2096774193548385, 39.61290322580645]
"b'5Y-p9QJLrg2P0I8RjJ9TTQ'"	[1.5, 3.25, 15.5]
"b'5YUoTimGDPbbmRfw6SJgTQ'"	[1.5647058823529412, 3.3294117647058825, 44.96470588235294]
"b'5ZqybrqiTdbANn2yI3B3VA'"	[1.25, 3.75, 25.833333333333332]
"b'5iFHDkcYp2PRllPzq1Qe_g'"	[1.6169014084507043, 3.5577464788732396, 71.35211267605634]
"b'5iVy1KRxAHo6ZG6U9B6DLg'"	[1.5365853658536586, 3.231707317073171, 44.390243902439025]
"b'5p5YW_5bMOSuLIQjkJPO3w'"	[1.6402266288951841, 3.623229461756374, 79.19263456090651]
"b'5paKcA2AAguJgZYBkr-I7A'"	[1.8097165991902835, 3.674089068825911, 98.1417004048583]
"b'5sV9N8rB3TNBkp1K35WM5w'"	[1.5142857142857142, 3.3142857142857145, 48.05714285714286]
"b'5uMfIYovqfgk41abdfFegw'"	[1.4047619047619047, 3.5166666666666666, 48.25238095238095]
"b'5wfInTOKyMQxxeFvqR-3vA'"	[1.5277777777777777, 3.7152777777777777, 96.44444444444444]
"b'61wUpoim2yzSMPKxg58ReQ'"	[1.1, 3.8, 48.3]
"b'6A9paRG2PVEfgGMXBrYdZA'"	[1.4412955465587045, 3.5121457489878543, 50.81781376518219]
"b'6AwirUhnpzMZynePZbrdBQ'"	[1.5393258426966292, 3.3146067415730336, 43.86516853932584]
"b'6HLacZd6X2tz16IP3dHMEA'"	[1.4782608695652173, 3.608695652173913, 62.869565217391305]
"b'6MkQ454ElyTcMrMLU3qm3g'"	[1.576271186440678, 3.1186440677966103, 36.45762711864407]
"b'6NWSeAEufOHDklHbg4PAww'"	[1.6686217008797655, 3.62316715542522, 83.60410557184751]
"b'6Z75MVEou08v513A8DUbpw'"	[1.6122448979591837, 3.5714285714285716, 73.61807580174927]
"b'6_7_aSycZlRsfKENFiIi6g'"	[1.7142857142857142, 3.2857142857142856, 44.142857142857146]
"b'6_YR7epdhDWU_E5Hj4nZrA'"	[1.6127167630057804, 3.5736994219653178, 74.8757225433526]
"b'6keyv1LcbzdD8MCrRaA0nQ'"	[1.5263157894736843, 3.4649122807017543, 45.14035087719298]
"b'6mnjYZM40r67smOXrg6R4g'"	[1.4166666666666667, 3.0416666666666665, 49.583333333333336]
"b'6mqfcZI2I6Y8QGBPiFAsnQ'"	[1.6242774566473988, 3.5635838150289016, 72.70520231213872]
"b'6pG7n8Rx_7ZXeQQk690Nsw'"	[1.6133720930232558, 3.571220930232558, 74.6453488372093]
"b'6tTv835MSguUBDpDtVRvMA'"	[1.5666666666666667, 3.125, 35.833333333333336]
"b'6zZDTZ4ZZEYfN268iPz0uQ'"	[1.6216216216216217, 3.5945945945945947, 77.22522522522523]
"b'70YqOHFMCoeNTw0cN_10jw'"	[1.625, 3.8863636363636362, 95.68181818181819]
"b'70nmPKnAufzeKfRNVE0-Pg'"	[1.6451612903225807, 3.370967741935484, 85.93548387096774]
"b'70xPPH9jN7TI9etfueFetA'"	[1.5517241379310345, 3.310344827586207, 44.3448275862069]
"b'7CD4qTysNB-lis85QFS8Tg'"	[1.4, 3.683333333333333, 49.2]
"b'7Km9UXolK9vEeBDNqTl5DA'"	[1.75, 2.125, 26.75]
"b'7OKQ4ENVfPfxtDqFOG7x0g'"	[1.6225352112676057, 3.5492957746478875, 70.90704225352113]
"b'7Tp53xZh1ypd2wbudP6Qcw'"	[1.622093023255814, 3.552325581395349, 71.23255813953489]
"b'7iZYl52Gtica73shRYsuMQ'"	[1.638728323699422, 3.6199421965317917, 78.90462427745665]
"b'7kpF2ohwt0PPi-cK69R1_g'"	[1.5, 3.642857142857143, 55.714285714285715]
"b'7oG9TB-SFG9Tpo3QvrYIUQ'"	[1.8434343434343434, 3.727272727272727, 106.17171717171718]
"b'84WYW7OfV-IXUJk95EL5_Q'"	[1.6093294460641399, 3.572886297376093, 73.38192419825073]
"b'86Ha2bJ6zMvWSv319myoQA'"	[1.636094674556213, 3.6079881656804735, 77.48520710059172]
"b'8Nu0oc2gCzTG4KA-sHa5lA'"	[1.537037037037037, 3.4537037037037037, 45.092592592592595]
"b'8PCFk6ZKDm73Ag42C8XtGw'"	[1.5529411764705883, 3.3117647058823527, 44.16470588235294]
"b'8RxwEbhxRResGQUwsZujAw'"	[1.6416184971098267, 3.6184971098265897, 79.53179190751445]
"b'8Rydf8hXleCwbCN9nvmZ4Q'"	[1.622093023255814, 3.550872093023256, 71.36627906976744]
"b'8S-JaDa1tPdAGaQPTUMjaw'"	[1.5555555555555556, 3.388888888888889, 39.25]
"b'8VjuH2GhJXauUigEEX9Q7Q'"	[1.6666666666666667, 3.3055555555555554, 55.77777777777778]
"b'8XeWfMGuNsrYkXRwQJjhCQ'"	[1.5483870967741935, 3.185483870967742, 35.96774193548387]
"b'8cUCAdu2gFBjdWDKWaetRQ'"	[1.6606606606606606, 3.6036036036036037, 81.36336336336336]
"b'8cjXEmuqgCbIRudb2D52qw'"	[1.550561797752809, 3.3146067415730336, 43.348314606741575]
"b'8fArAA0gwfUbb3uWotd5mw'"	[1.519736842105263, 3.5246710526315788, 62.43092105263158]
"b'8gVq0xCXVeAAS3-nsifAgQ'"	[1.6133720930232558, 3.5755813953488373, 74.81104651162791]
"b'8iRfD5IizYki0F8QlAlL2g'"	[1.6246418338108883, 3.5687679083094554, 73.71919770773638]
"b'8iZ5bR_Zl-xQZMDCvNKLgg'"	[1.5729166666666667, 3.5260416666666665, 55.53125]
"b'8z4sC_8dsZiiMWjIPYE_iQ'"	[1.3333333333333333, 2.8333333333333335, 50.0]
"b'91Y6ASRhkDz3mJG9ezGNiQ'"	[1.4, 3.5961538461538463, 45.37692307692308]
"b'924Ni03Fjll4kkkTgSQTlg'"	[1.847953216374269, 3.780701754385965, 110.77777777777777]
"b'940rOS3vKpqJMKtrsoatTA'"	[1.5473684210526315, 3.336842105263158, 42.85263157894737]
"b'9BeOKr8DGzDEmdoe-FzQbg'"	[1.6261127596439169, 3.6038575667655786, 77.40652818991099]
"b'9BohUwW-fTfcpiBT782Fkg'"	[1.6127167630057804, 3.570809248554913, 74.3179190751445]
"b'9D9VuQW6ysUacf63q-5pMA'"	[1.4586466165413534, 3.526315789473684, 52.99248120300752]
"b'9Hn3FW37916i3ED7sLZCQg'"	[1.613888888888889, 3.5527777777777776, 70.6]
"b'9XtyBTgenMERfl4hDgnDwA'"	[1.7647058823529411, 3.4705882352941178, 81.17647058823529]
"b'9h-dDy31vMwnlBoX3A7SSQ'"	[1.550561797752809, 3.3202247191011236, 44.337078651685395]
"b'9muoOpBgraI4xtP0ZhZACA'"	[2.0, 3.3333333333333335, 53.666666666666664]
"b'9qd2RuiGMtVju7tqdp3dsw'"	[2.0, 4.0, 52.0]
"b'9spk8K9pg5HdDNMNxAlGwg'"	[1.6091954022988506, 3.57183908045977, 74.66954022988506]
"b'9urG14qwHtGRpQQUYY2y9A'"	[1.75, 3.375, 39.75]
"b'9w18Hgg_UmI18YyVTP_E3Q'"	[1.6388888888888888, 3.4305555555555554, 79.22222222222223]
"b'9w_saPQbfOaqrKe5lJQ74A'"	[1.469387755102041, 3.5918367346938775, 81.36734693877551]
"b'9ySFD8tMkeuTclyWfanI9w'"	[1.875, 3.4375, 55.375]
"b'A4uc3-zbHowQeR_u-7VNOw'"	[1.5535714285714286, 3.3482142857142856, 40.767857142857146]
"b'A5tvf0CSH-QUnpyMI4m5ww'"	[1.4090909090909092, 3.5681818181818183, 28.636363636363637]
"b'AQJL8iLnVMea7nm8vEGOgg'"	[1.4210526315789473, 3.263157894736842, 23.36842105263158]
"b'AR1w3ragHgRvnU71A7aaZA'"	[1.6213872832369942, 3.566473988439306, 72.42196531791907]
"b'AVsiojwcq3X6lSIQkpp8SQ'"	[1.4185022026431717, 3.5286343612334803, 48.5374449339207]
"b'AcW_Km7jkGBr4rJdIrIP4w'"	[1.3448275862068966, 3.706896551724138, 41.275862068965516]
"b'AfoBKJuGBJvQhc3By4K9Dg'"	[1.638728323699422, 3.617052023121387, 79.53757225433526]
"b'AlwKuzyrrxlZ04ktebwmcA'"	[1.3333333333333333, 3.388888888888889, 21.296296296296298]
"b'Amo5UhXRFce_fegUnFEnMA'"	[1.6206896551724137, 3.8620689655172415, 76.65517241379311]
"b'AtkoIv3EEqLivpg95PzP1A'"	[1.7352941176470589, 3.6258169934640523, 86.18954248366013]
"b'Aua2Vi32K-G4LE0JCtAwiw'"	[1.5, 3.1666666666666665, 52.5]
"b'B0KLBjiTkR4gz-fYDYv13A'"	[1.3478260869565217, 3.347826086956522, 49.30434782608695]
"b'B1xcP1i6-sZR48zjgpwyfg'"	[1.6326530612244898, 3.610787172011662, 77.30320699708454]
"b'B5EZlEDH6AVDk8tQGHAGqg'"	[1.9230769230769231, 3.1538461538461537, 48.76923076923077]
"b'B7wipW2uZRj7syuQiRTH4A'"	[1.4453125, 3.51953125, 51.55078125]
"b'BF4RaOWyjLDa9OvriKc1sA'"	[1.745704467353952, 3.627147766323024, 88.83848797250859]
"b'BXQKPvzAFDOOXDQzxIU6RA'"	[1.6217765042979944, 3.5573065902578795, 71.0028653295129]
"b'Bi3520lcx6UQAYZPHADZaQ'"	[1.6585365853658536, 3.4390243902439024, 78.04878048780488]
"b'BuS11AF9XSHEShscxQEzeg'"	[1.6424418604651163, 3.6177325581395348, 78.07267441860465]
"b'BvyUXno0grQerd5cZGDFPw'"	[1.7604166666666667, 3.6180555555555554, 88.95138888888889]
"b'BwWbwhIWfc9A0fPShp-WmA'"	[1.4791666666666667, 3.5729166666666665, 54.3125]
"b'C12LKBQMjJJw02wqpM8ShA'"	[1.6228070175438596, 3.6008771929824563, 76.62573099415205]
"b'C37hwsGUHn_3-il0ypeY-Q'"	[1.6585365853658536, 3.8536585365853657, 93.36585365853658]
"b'C3R2BmF0YdyOIEd0jsqILA'"	[1.5178571428571428, 3.25, 41.357142857142854]
"b'C63sF-wG4f1doMIMv2qvOg'"	[1.6176470588235294, 3.3088235294117645, 76.05882352941177]
"b'CFnO6hcjUAT7RoUdbGsEPQ'"	[1.4444444444444444, 3.3333333333333335, 63.333333333333336]
"b'CQNq2sgLokwOVf4OL-19Hg'"	[1.6162464985994398, 3.546218487394958, 70.65826330532212]
"b'CRD6zKJSRbkiwTPYMIaavA'"	[1.4, 3.65, 82.08]
"b'CUGPOzeBRz84cdIOGSXcLw'"	[1.7984496124031009, 3.6589147286821704, 95.2984496124031]
"b'CYFfha5CmApflbpN1AhWHQ'"	[1.6416184971098267, 3.6199421965317917, 79.11849710982659]
"b'CYKvEc30_ujFBfgoSIawUw'"	[1.6165191740412979, 3.575221238938053, 75.25368731563422]
"b'Car4D_KYnNNSxH9NPwcGAw'"	[1.4, 3.63, 80.6]
"b'CcuKo38SwW54TDlMWAMi7A'"	[1.4878048780487805, 3.6463414634146343, 55.63414634146341]
"b'CfW-088nFNuUF9O7363lwA'"	[1.6049723756906078, 3.5552486187845305, 71.89502762430939]
"b'CiNZmBtZRaRSXKjwun4R4A'"	[1.5555555555555556, 3.316666666666667, 44.06666666666667]
"b'ClQhj49lBHLB45btvX4TWA'"	[1.5454545454545454, 3.4545454545454546, 53.36363636363637]
"b'CqCWN9aBJf8YNJxyel7psg'"	[1.8095238095238095, 3.4523809523809526, 97.47619047619048]
"b'Cs7Zny0ijnyE9nZWSLBnAg'"	[1.5803571428571428, 3.5327380952380953, 69.5625]
"b'D5XFDNEuLQoLbokLeznaOQ'"	[1.6418338108882522, 3.6174785100286533, 78.64469914040114]
"b'DCab_cz7nDDW-IPsnKGb_A'"	[1.6585365853658536, 3.4390243902439024, 77.07317073170732]
"b'DEF77d-_S0UT2OI-njM5fQ'"	[1.5517241379310345, 3.4827586206896552, 52.310344827586206]
"b'DHiXfpd_vSfCCeFXPSucTA'"	[1.462686567164179, 3.6641791044776117, 88.40298507462687]
"b'DIUK7_PjGCOMcpS2fBiALg'"	[1.6818181818181819, 3.8454545454545452, 94.46363636363637]
"b'DQMaUSbKsRtB5lJD3egqxQ'"	[1.8008130081300813, 3.680894308943089, 97.23983739837398]
"b'DTsCHmHjqWXBCzAkg0YzAA'"	[1.5555555555555556, 3.142857142857143, 35.6031746031746]
"b'DWPAFq8HdzGzo2vhKixDJA'"	[1.3461538461538463, 3.5384615384615383, 29.03846153846154]
"b'Dcj69NZJnbJhK-YHP_nULA'"	[1.568421052631579, 3.536842105263158, 53.38947368421053]
"b'DhMshA4a0t5wlOq7u0RiMw'"	[1.5476190476190477, 3.3154761904761907, 44.73809523809524]
"b'DkVmX5Zzx_lvl-2Zzyz3bQ'"	[1.5238095238095237, 3.357142857142857, 19.333333333333332]
"b'Do_mgaoCgrQodPrq4nxRbw'"	[1.5151515151515151, 3.4696969696969697, 52.0]
"b'DpWCY7KPhaL_7jonOTSJyA'"	[1.3832335329341316, 3.562874251497006, 46.958083832335326]
"b'Duy87WN6ajXyErWzStWOuw'"	[1.2, 3.5, 36.0]
"b'Dy99p5bWfr6g0UtlmPjDqg'"	[1.6094674556213018, 3.57396449704142, 75.13609467455622]
"b'E3zvCzX7gquT9srY4pUwLg'"	[1.518987341772152, 3.481012658227848, 53.11392405063291]
"b'E4HlcOykIxIDiJyUKO-eIg'"	[1.0, 2.5, 12.0]
"b'EFOQdRak3K15hIuN2Q3Cpg'"	[1.61864406779661, 3.5437853107344632, 70.66666666666667]
"b'EGgsujG0ycRAnMqMYvylUg'"	[1.6177285318559558, 3.556786703601108, 71.43213296398892]
"b'EKNm59ZMMRvb8N8Cm5F8Qw'"	[1.6434782608695653, 3.618840579710145, 79.56521739130434]
"b'EOlHhLgp32dCdSlsMpiG6A'"	[1.622478386167147, 3.563400576368876, 72.39769452449568]
"b'EP0mnDzQiA_sRTRlYBs4hg'"	[1.507936507936508, 3.3333333333333335, 43.25396825396825]
"b'ERXnerHflh86VOYKAopLMw'"	[2.0, 2.75, 3.5]
"b'EWcCj1D3K1NnEgYD_LjgDQ'"	[1.5396825396825398, 3.134920634920635, 35.285714285714285]
"b'Ec-h5JjXzy-pjfpb7d_BFQ'"	[1.6225352112676057, 3.543661971830986, 70.84225352112676]
"b'Ed5feP-TztmLtc4pRKDvNA'"	[1.1111111111111112, 3.8333333333333335, 49.0]
"b'EgtyW19V-64c6PmRuvzSEA'"	[1.6577380952380953, 3.6160714285714284, 79.78869047619048]
"b'EiHj4zrEOA8SlMO69qSHZg'"	[1.0909090909090908, 3.8181818181818183, 54.90909090909091]
"b'EtFtF_FPvqpeTlbj9zFfmA'"	[1.25, 3.4583333333333335, 22.666666666666668]
"b'Ev142kLmV_ASI9iAl-KfKA'"	[1.5208333333333333, 3.515625, 47.75]
"b'EvT9WywIVoi1p0GaoGteTg'"	[1.5529411764705883, 3.3294117647058825, 44.129411764705885]
"b'Eydky7VulZijOJ37yl8IGQ'"	[1.819905213270142, 3.6966824644549763, 103.49289099526067]
"b'F0Wv3QMEXhX3vknb5SPqCA'"	[1.5151515151515151, 3.515151515151515, 53.57575757575758]
"b'FMMNajth88mWX76QVp6N9Q'"	[1.6149253731343283, 3.583582089552239, 76.22985074626865]
"b'FPunXW5NBaTKgx5uBrdD5g'"	[1.6434782608695653, 3.621739130434783, 79.6]
"b'FQMGUdB4R-nCgQ9luiyinQ'"	[1.4471544715447155, 3.5203252032520327, 54.75609756097561]
"b'FTo64sohiSRBRM9e9NzeAQ'"	[1.707070707070707, 3.8181818181818183, 96.26262626262626]
"b'FUX9h1a37GJn9ge1baiNuw'"	[1.5268817204301075, 3.2903225806451615, 42.03225806451613]
"b'Ff9YHvBxijzhdtYVQU09dQ'"	[1.28125, 3.578125, 36.71875]
"b'FhHD0Y_TPysnHOfB8uS6eQ'"	[1.3157894736842106, 3.736842105263158, 18.894736842105264]
"b'FlPAGqTovHc4mEIKJ7Q8Nw'"	[1.5151515151515151, 3.4696969696969697, 48.75757575757576]
"b'FnTbrBUCuaSOlWnovTgMjg'"	[1.5569620253164558, 3.3417721518987342, 45.87341772151899]
"b'Fr3Dz0_fOSGBroXEUF9BiA'"	[1.6519174041297935, 3.6091445427728615, 80.74041297935104]
"b'G099MT9cwtwgdsR71JLp6w'"	[1.6636636636636637, 3.611111111111111, 82.06606606606607]
"b'GEL7svZLFqx9NWq3aOtz_Q'"	[1.6242774566473988, 3.565028901734104, 72.65028901734104]
"b'GLUwW6rCrMTAX2QbUpye-g'"	[1.6418338108882522, 3.616045845272206, 78.60744985673352]
"b'GRBJc51ofoVZWpLOs16a1g'"	[1.5543478260869565, 3.3206521739130435, 42.641304347826086]
"b'GVSc1akbPBLtpYHSAuI_eQ'"	[1.629737609329446, 3.6064139941690962, 77.36151603498543]
"b'G_DzKLA15CTjq5cOkBp0pw'"	[1.5862068965517242, 3.146551724137931, 36.741379310344826]
"b'GdnLAgRXt43eISMtJEOZRg'"	[1.6201117318435754, 3.5446927374301676, 71.28491620111731]
"b'GeRCq7Y4SI54tDEjIaanPQ'"	[1.1, 3.1, 35.6]
"b'GfYzz2Dnnn0CqeDqROAKTQ'"	[1.55, 3.4, 19.3]
"b'GnODIDJz09LecpudDoynCg'"	[1.479020979020979, 3.515734265734266, 55.14335664335665]
"b'GnSZknS80ioXMziHGy4QFA'"	[1.4285714285714286, 3.4464285714285716, 27.714285714285715]
"b'GqVYiZNJnuLV7I4u3u3PDw'"	[1.5277777777777777, 3.7222222222222223, 95.58333333333333]
"b'GrfaRLXBZ6uB9QGEd0ElFw'"	[1.4178403755868545, 3.516431924882629, 50.375586854460096]
"b'H6Gb3P21h4e_stdjFQO9oQ'"	[1.2, 3.425, 32.7]
"b'H8NK_pWGq4i3L92ZpaUaGg'"	[1.6111111111111112, 3.388888888888889, 55.77777777777778]
"b'HG2lE2sToF7IdPbl0hz34g'"	[1.4230769230769231, 3.4038461538461537, 28.03846153846154]
"b'HHCn1akqIpl_BhdcJoYPbw'"	[1.5666666666666667, 3.3055555555555554, 41.166666666666664]
"b'HNW4P0jAhXYRJ_op7OcWCw'"	[1.68, 3.62, 57.76]
"b'HO2knNxcc_8lFtgGxN8q2A'"	[1.6149584487534625, 3.548476454293629, 70.84764542936288]
"b'HVpwpXneaCWMeEBF7H8jpQ'"	[1.6111111111111112, 3.5804093567251463, 75.42690058479532]
"b'HXkuFF_Rtg2g9rwcBdpB-g'"	[1.6268221574344024, 3.616618075801749, 76.56559766763849]
"b'HY123qqsjVwmurS7hcCSkw'"	[1.5454545454545454, 3.3636363636363638, 36.39393939393939]
"b'H_og8Pdq2ijAx1QrWjCMNQ'"	[1.6666666666666667, 3.361111111111111, 56.5]
"b'HaRB76OqxMZ28snURM9tFw'"	[1.5454545454545454, 3.3863636363636362, 18.863636363636363]
"b'Hc7tSaIHva8WLyBlPDsEjg'"	[1.6228070175438596, 3.6023391812865495, 76.51461988304094]
"b'HeN_Ru6w-T-oJn6T_N1vfQ'"	[1.6666666666666667, 3.6333333333333333, 40.2]
"b'HewGH1vYiZpkCoXeGOsA9g'"	[1.6701030927835052, 3.8402061855670104, 99.82474226804123]
"b'HlYzk84INQaNslFT-lyBFw'"	[1.576271186440678, 3.1271186440677967, 36.45762711864407]
"b'Hty6oLQ1_FSRW5XgZtWrXw'"	[1.476923076923077, 3.707692307692308, 95.04615384615384]
"b'I-7JXoyVi-QpZJLbJMDrgg'"	[1.5862068965517242, 3.1293103448275863, 36.758620689655174]
"b'I0R4EIBhG1_-vKxOKiIbfQ'"	[1.6257309941520468, 3.6125730994152048, 76.69590643274854]
"b'I2BCOAwqJJIfUX-NzPbNjw'"	[1.5151515151515151, 3.5, 53.45454545454545]
"b'I3S2BseRUaSHuTSsYivMlw'"	[1.819905213270142, 3.6943127962085307, 103.65876777251185]
"b'I6e7bj_b8p6lyzu9fNty2Q'"	[1.5, 3.361111111111111, 47.72222222222222]
"b'I6iOdOeu3MxxuG6gIhzodQ'"	[1.59375, 3.3125, 81.625]
"b'ILa-Xv5-h23A9OMrYK17oQ'"	[1.6153846153846154, 3.4615384615384617, 50.57692307692308]
"b'IPZubyVcN1OPwDJ68uqUHQ'"	[1.6253602305475505, 3.563400576368876, 72.54466858789625]
"b'IRfYEXJBQXxIN2d5pD_jKg'"	[1.5396825396825398, 3.134920634920635, 34.301587301587304]
"b'ISE6RcXsgPO1MgxypROEYg'"	[1.8823529411764706, 3.5294117647058822, 80.82352941176471]
"b'ITieHQ8UwKq74FnqTKnPOQ'"	[1.6455331412103746, 3.621037463976945, 79.64841498559078]
"b'IV5uZ0VuLVplxnfkx96_iQ'"	[1.6666666666666667, 3.25, 46.5]
"b'IXXERocY1bqGwRllcy8J2w'"	[1.8238095238095238, 3.6952380952380954, 102.4047619047619]
"b'Ib2-QQytp9eqwaOgY_zeYw'"	[1.490909090909091, 3.7636363636363637, 94.45454545454545]
"b'Ie00N1yErrmaOa44x5K8kA'"	[1.553191489361702, 3.4893617021276597, 70.12765957446808]
"b'IpLvJEjb4AN8eWq5NE2TVA'"	[1.5326086956521738, 3.3315217391304346, 42.23913043478261]
"b'Iq1P8S3--gqd50xoQJxpqA'"	[1.6451612903225807, 3.3548387096774195, 85.35483870967742]
"b'IsADZMYEJKXTtPfN9YsiBA'"	[1.6213872832369942, 3.565028901734104, 72.24566473988439]
"b'Iz8Mi3qXqRW2JMaLJTTlLQ'"	[1.5789473684210527, 3.536842105263158, 55.8421052631579]
"b'JBX0Bd9Va4_MtLPwX9Oosg'"	[1.5142857142857142, 3.5, 51.22857142857143]
"b'JDwEvZq0KCSwgEds3LxgMA'"	[1.53125, 3.15625, 35.40625]
"b'JE3SRhAGqZrAzs0gMm5cIA'"	[1.5862068965517242, 3.103448275862069, 36.672413793103445]
"b'JEoi9ITPZM58EnZBAubijA'"	[1.5789473684210527, 3.263157894736842, 41.1578947368421]
"b'JexI9opGP2n_Xv6IKnN0Bg'"	[1.6206896551724137, 3.564655172413793, 72.54597701149426]
"b'JfGnBe_IGDV0RZjAADp4yA'"	[1.588235294117647, 3.3676470588235294, 38.8235294117647]
"b'JmXYTZcMZpcNINM5ldvEAw'"	[1.5277777777777777, 3.7152777777777777, 93.11111111111111]
"b'JmlSv3iBz3nBEXy5r1yhtg'"	[1.475095785440613, 3.5019157088122603, 52.91954022988506]
"b'JrNMDwyiOGruhvf4coLn2A'"	[1.7777777777777777, 3.2222222222222223, 49.111111111111114]
"b'Jrwc8lczFNNXOMolie1amg'"	[1.6120689655172413, 3.5689655172413794, 74.76724137931035]
"b'Js2cFsdDiLR5yQsfCGFdZg'"	[1.532258064516129, 3.1451612903225805, 35.95161290322581]
"b'JtJnFY3tThBoxpDMxLFLow'"	[1.3333333333333333, 3.75, 23.75]
"b'JtSNHDRRZffnHBEsJudW-g'"	[1.5555555555555556, 3.338888888888889, 42.7]
"b'Jv8Cj0fdN2Mu2uvFVKcGlw'"	[1.5147058823529411, 3.4926470588235294, 53.205882352941174]
"b'JvCSGmN8gS-kNh9xLgLC1Q'"	[1.368421052631579, 3.473684210526316, 33.73684210526316]
"b'K3790-2nF-iHvfPMnthLaQ'"	[1.411214953271028, 3.5023364485981308, 47.63084112149533]
"b'K6LwZagSz-cUrCcVemXrlA'"	[1.6275071633237823, 3.567335243553009, 73.85959885386819]
"b'K6YZd1zjr700Wb5-Ng3Dmg'"	[1.5454545454545454, 3.484848484848485, 52.15151515151515]
"b'K75oPh837az2upKWPS2LUQ'"	[1.6242774566473988, 3.5621387283236996, 71.72543352601156]
"b'K7rmxZmtoE0_U_40459TLg'"	[1.6293103448275863, 3.617816091954023, 77.05747126436782]
"b'KAhavksKQwKbMzZHiNOyOQ'"	[1.6213872832369942, 3.565028901734104, 72.6300578034682]
"b'KB25wVbL7Lk22tN72DR0ww'"	[1.5666666666666667, 3.1083333333333334, 35.3]
"b'KBWpa4uN2ke1t2cp27r9tw'"	[1.625, 3.5450581395348837, 71.4186046511628]
"b'KK5Hvy2JNjXpdO_zHA_LCA'"	[1.4444444444444444, 3.3333333333333335, 46.05555555555556]
"b'KKaImMG2aKPmLpjsdaytwQ'"	[1.4363636363636363, 3.6363636363636362, 84.52727272727273]
"b'KLJmSYpq81fy0gXri-tAAw'"	[1.5681818181818181, 3.534090909090909, 67.04545454545455]
"b'KLvpdtFYUi1I0LNsmIqeJw'"	[1.6153846153846154, 3.3974358974358974, 38.205128205128204]
"b'KNIIl9Uhlsbq1aQjO_HL7A'"	[1.6242774566473988, 3.566473988439306, 72.42485549132948]
"b'KW5qy8mKBpgd2xL_5w7Mzg'"	[1.532258064516129, 3.1693548387096775, 35.854838709677416]
"b'KYdtom3RyDt-3SWGwmJcQA'"	[1.5632183908045978, 3.32183908045977, 44.59770114942529]
"b'KfaeDC-oPE6GTfBvdF9x7Q'"	[1.6426512968299711, 3.618155619596542, 78.87031700288185]
"b'Kntmm6a3qAMSpxRWdFZutA'"	[1.5795454545454546, 3.3295454545454546, 44.875]
"b'L772e6l2Yd0DJEyCBxBNng'"	[1.6231884057971016, 3.5521739130434784, 70.79130434782608]
"b'L7ruEZJO8tGQIHPxGTztAA'"	[1.5681818181818181, 3.3181818181818183, 44.44318181818182]
"b'LDxapKCuUbH-G24O4vjD7g'"	[1.423963133640553, 3.52073732718894, 49.97235023041475]
"b'LG6vpg5Qx_DstY2aT8-O4Q'"	[1.6242774566473988, 3.566473988439306, 72.52312138728324]
"b'LOARujcfx-Ty_RUlcnYspg'"	[1.4444444444444444, 3.685185185185185, 85.42592592592592]
"b'LYpujMCxfrHcSO_NA1BRQg'"	[1.6231884057971016, 3.550724637681159, 70.86376811594202]
"b'LZGqCuTxaCbzgjv3N4xnWg'"	[1.8333333333333333, 3.25, 10.833333333333334]
"b'LZ_R2OLgZQSQMMzlp8uUOA'"	[1.6201117318435754, 3.543296089385475, 69.68715083798882]
"b'Le1fkEFfe5ADbHjqiKgzXg'"	[1.6242774566473988, 3.5635838150289016, 72.23988439306359]
"b'LhU-XsZ2YObJnP-5uiMIjA'"	[1.4444444444444444, 3.3333333333333335, 62.55555555555556]
"b'Lku_keJf44D0LxbRAIZOcg'"	[1.4178403755868545, 3.5023474178403755, 47.55399061032864]
"b'LqEiVAAXdG734Z0YZMrZdg'"	[1.6292134831460674, 3.8820224719101124, 96.0]
"b'Lrn9Yk5dmLrYJMVvQT_CHw'"	[1.5540983606557377, 3.537704918032787, 67.54754098360655]
"b'Lu11ceuxJWh3dgRaPZGbsQ'"	[1.6101694915254237, 3.135593220338983, 36.50847457627118]
"b'Lvg2y48cv7xFUJBqoUXmvw'"	[1.469387755102041, 3.6122448979591835, 82.46938775510205]
"b'M-caugKzJ9qLOmCBfD9Nyg'"	[1.565217391304348, 3.4782608695652173, 68.76086956521739]
"b'M4f1JtOp03-gv8xR5JtV8Q'"	[1.5, 3.0, 69.0]
"b'M7bDZslvnTlud8DfF-cjpg'"	[1.435897435897436, 3.4615384615384617, 45.333333333333336]
"b'M8jR5XMgr2jWrs_EYtaAeQ'"	[1.381578947368421, 3.5559210526315788, 45.098684210526315]
"b'MC32JA-Yv2ChT_q9TgHyRA'"	[1.619718309859155, 3.546478873239437, 70.70140845070422]
"b'MLwVTDhM2DOESvKGcfKCsg'"	[1.5352112676056338, 3.7183098591549295, 95.94366197183099]
"b'MOsFhDVav42shCq9-rgejw'"	[1.5932203389830508, 3.0847457627118646, 36.932203389830505]
"b'MQb3PUxPJKYNQOY7g9bc_A'"	[1.5333333333333334, 3.1666666666666665, 36.666666666666664]
"b'MSrcYJoM9cNLS9-wfTZX3w'"	[1.52, 3.53, 59.88]
"b'MWYJl-bIxhtQ-4Kg3ENUxA'"	[1.558139534883721, 3.3255813953488373, 44.27906976744186]
"b'MkSF0SJUMj2A3ewUhUUBvw'"	[1.4131455399061033, 3.5023474178403755, 47.5962441314554]
"b'MmilEd3oPSD2n6jvBnxd_Q'"	[1.5108695652173914, 3.2880434782608696, 42.17391304347826]
"b'Mp-spZbBtbHkzubDSYPs2Q'"	[1.6217765042979944, 3.5515759312320916, 70.95415472779369]
"b'MuLF5vPE73lGydhv-6xbtA'"	[1.75, 3.5, 55.625]
"b'N3uOrQCnx_n_841Q8EwbzQ'"	[1.3333333333333333, 3.466666666666667, 17.8]
"b'NDZAQuVpv_KZuSjKYpXf5Q'"	[1.61671469740634, 3.5518731988472623, 71.39769452449568]
"b'NJ4S3JX56JEZGWlAfpF9kw'"	[1.629737609329446, 3.6122448979591835, 77.1603498542274]
"b'NKx2a3_PQ9c7Ts_A6JxKWQ'"	[1.594900849858357, 3.543909348441926, 70.41359773371104]
"b'NMXig2HCB_sa0E1OCZj-KA'"	[1.2608695652173914, 3.630434782608696, 30.956521739130434]
"b'NUTVC8LoicZmcsO10Jmolg'"	[1.8229665071770336, 3.7033492822966507, 104.94736842105263]
"b'NVIaU1w3e8KSeaGihSWicg'"	[1.6666666666666667, 3.619047619047619, 74.14285714285714]
"b'NXTsT01IVpKYPpa_1L-Rlw'"	[1.55, 3.325, 51.5]
"b'NYf9TKBKPpa1wkA_uwIlfg'"	[1.648936170212766, 3.851063829787234, 96.36170212765957]
"b'NYxVVeeI-zz2qjPKk6FCwg'"	[1.608695652173913, 3.119565217391304, 39.54347826086956]
"b'Nc0xqiAmS2OTxPrlvQrJ4A'"	[1.53125, 3.5104166666666665, 47.989583333333336]
"b'NiBzh0kHusvH5rdnpm7yVw'"	[1.7926829268292683, 3.6747967479674797, 94.73170731707317]
"b'NiNRA6t16CtUQKopLV1GBQ'"	[1.5454545454545454, 3.484848484848485, 53.696969696969695]
"b'NiYjWteYkFwglnlJEDe2BA'"	[1.55, 3.35, 20.15]
"b'NlzU1RxfXaWF6ir-ZWfrLg'"	[1.5977337110481586, 3.5410764872521248, 70.51274787535411]
"b'Nn5gon8s64jVOZA-2ZkLcA'"	[1.5925925925925926, 3.138888888888889, 38.05555555555556]
"b'NpjFkuhBX-LU-hf_FnJzKg'"	[1.65625, 3.375, 82.1875]
"b'NrpgcAPTAtMNoW4O_G0rwQ'"	[1.6242774566473988, 3.560693641618497, 72.21387283236994]
"b'NsDydu5clpNkiTahn3wQ2g'"	[1.5529411764705883, 3.3294117647058825, 44.63529411764706]
"b'NyGlEmuYcpZSKfk6IwJeSw'"	[1.638728323699422, 3.6199421965317917, 78.79190751445087]
"b'O-GefJqucTHDIYJSxVhEyA'"	[1.489795918367347, 3.479591836734694, 51.37755102040816]
"b'O2OD-ojkZXsSbFyzpuvtIA'"	[1.6436781609195403, 3.6163793103448274, 78.79022988505747]
"b'O2ZnBnTqw6Xi95ogL0hBEg'"	[1.5263157894736843, 3.523026315789474, 62.49671052631579]
"b'O3tT9S9vZixg1iwiKeWfuw'"	[1.5, 3.1973684210526314, 42.28947368421053]
"b'O615O_US381DcvkxwuEz7A'"	[1.4666666666666666, 3.55, 53.06666666666667]
"b'O6bQ22yfG5Q3BAL8pWuaSw'"	[1.5348837209302326, 3.488372093023256, 66.16279069767442]
"b'O75Lh99ZO6HCIqVVR-p9wg'"	[1.6246246246246245, 3.5945945945945947, 76.88288288288288]
"b'OBLv8e0RvwqBl0Gkoj-bDA'"	[1.5444444444444445, 3.316666666666667, 43.65555555555556]
"b'OCytAjNw1jvhfEF7KU43GA'"	[1.1428571428571428, 3.4285714285714284, 34.61904761904762]
"b'OEXe9Rge71Ha3qLKGIK9gQ'"	[1.4638783269961977, 3.5190114068441063, 53.51330798479088]
"b'OGg60MuC7fTlPaepWqB4bg'"	[1.553191489361702, 3.5, 62.808510638297875]
"b'OHlWeG019fqPbvYO5ZDEqg'"	[1.6366279069767442, 3.6119186046511627, 77.36337209302326]
"b'OON-4BXdjJHdk16zhdN4PQ'"	[1.619718309859155, 3.556338028169014, 71.22253521126761]
"b'OQKDN1QxWQvUuambyNHGbA'"	[1.449612403100775, 3.5232558139534884, 51.64728682170543]
"b'OlA7h9oOttqTALudvEUzTg'"	[1.5, 3.4305555555555554, 49.69444444444444]
"b'OnKyFU0FsiPVd8Jwl6st6g'"	[1.6303724928366763, 3.616045845272206, 77.26934097421203]
"b'OoI3WUe4Xl86d53avy3oVA'"	[1.8066666666666666, 3.77, 109.72]
"b'OuKfLByYHVSwL8yTooQOXw'"	[1.6402266288951841, 3.6260623229461757, 79.04249291784703]
"b'P3Nl2QTfUtoe8-alSSh-9w'"	[1.2, 3.466666666666667, 37.13333333333333]
"b'P3pgWKV7j_ea-UqIaOnvvg'"	[1.3333333333333333, 3.533333333333333, 20.8]
"b'PLiVD2blqBDRzAAd1_RxxQ'"	[1.5729166666666667, 3.53125, 55.40625]
"b'PPMBRhovY0dNHCHFzk7pAw'"	[1.2, 3.466666666666667, 34.13333333333333]
"b'PT0N41nUD3CErvn046JEhg'"	[1.5161290322580645, 3.3870967741935485, 45.45161290322581]
"b'PVHC67qH2d6DonAGRxvymA'"	[1.6344086021505377, 3.8548387096774195, 100.24731182795699]
"b'PbeDPF59J-bjBsUxLUGZhQ'"	[1.3448275862068966, 3.6724137931034484, 44.48275862068966]
"b'PqLYjUuzSIUU94emDWxwLg'"	[1.837696335078534, 3.738219895287958, 107.49214659685863]
"b'Ps5mrcu_E17YBC7Tl75X0w'"	[1.4883720930232558, 3.5813953488372094, 51.13953488372093]
"b'Pt4rt1u_5KuS_NSMqerG_Q'"	[1.5384615384615385, 3.2948717948717947, 45.11538461538461]
"b'Pzs43Fkub-6A9hA1zqpF_w'"	[1.550561797752809, 3.308988764044944, 43.258426966292134]
"b'Q3B6jCQQ0KtkqFI6-Z9WCw'"	[1.5454545454545454, 3.3295454545454546, 45.0]
"b'Q5cwBuHfkt3NjnDrxA-h8w'"	[1.3823529411764706, 3.3823529411764706, 55.26470588235294]
"b'Q6_YIK0yUI8HEgqrOIE-1Q'"	[1.5, 3.3333333333333335, 9.0]
"b'QBDwbEEc9uEnn7dzVZu60Q'"	[1.6122448979591837, 3.5830903790087465, 75.26822157434403]
"b'QH2wRpTM0rtEJWgiPWhzqw'"	[1.6195652173913044, 3.858695652173913, 96.21739130434783]
"b'QI-CI9wWRxtw60_aQK1BpA'"	[1.5569620253164558, 3.3227848101265822, 45.50632911392405]
"b'QJOr35t_jz9OPQ6IczMGJA'"	[1.5212765957446808, 3.3138297872340425, 43.12765957446808]
"b'Q_fvIdn5mGAyyJKniY1F7Q'"	[1.4883720930232558, 3.627906976744186, 53.81395348837209]
"b'QfWFxmXqRGixztgaZN0gOA'"	[1.5222222222222221, 3.2666666666666666, 41.58888888888889]
"b'Qiyd2ha1pivmsQhnFZgCxQ'"	[1.5217391304347827, 3.277173913043478, 41.82608695652174]
"b'QlAPX3c0Vm2dU_w3puIAIw'"	[1.4878048780487805, 3.6219512195121952, 54.19512195121951]
"b'QlBh1ACRTx-4ePTgIRPMeQ'"	[1.6169590643274854, 3.603801169590643, 75.80409356725146]
"b'Qn2uD06olrxL_43_4G_Hqg'"	[1.0, 3.25, 12.5]
"b'QvpH6e7_1Tdlflk_yOj4NQ'"	[1.6253602305475505, 3.547550432276657, 71.18443804034582]
"b'QvvcftkmPXdsBMbhGY293w'"	[1.4375, 3.5729166666666665, 82.70833333333333]
"b'QwGV_v3s9eOMzfWrFLUf6A'"	[1.6097560975609757, 3.451219512195122, 76.58536585365853]
"b'QxqMKO5IZCQUUWIx8nTDJw'"	[1.6217765042979944, 3.5530085959885387, 70.93123209169055]
"b'R-9gUTN8BJIDqGgzXEmq3Q'"	[1.5208333333333333, 3.3072916666666665, 42.5625]
"b'R6QCy5sVlySKgqvHb-HhTg'"	[1.6296296296296295, 3.8703703703703702, 75.18518518518519]
"b'R8L9VLO5jHfzPA5rHiujIA'"	[1.4444444444444444, 3.462962962962963, 28.22222222222222]
"b'RDQ_812x82H72J7C6jG36Q'"	[1.4444444444444444, 3.3055555555555554, 34.111111111111114]
"b'RG2IGb4LwbxUwCW3iooYDA'"	[1.53125, 3.3203125, 49.5]
"b'RGCiOM52mBI6_Wyfx2xO6A'"	[1.75, 3.375, 49.875]
"b'RGLC87HVaASIYLxh2RL4hg'"	[1.4583333333333333, 3.2708333333333335, 39.416666666666664]
"b'RIT-Y8d0qEZ3ORv0Ts5JDw'"	[1.1666666666666667, 3.4375, 32.333333333333336]
"b'RJNAeNA-209sctUO0dmwuA'"	[1.6408045977011494, 3.6192528735632186, 74.66954022988506]
"b'RJdV7djZZeH3jJadPhgVvw'"	[1.6111111111111112, 3.577485380116959, 75.03801169590643]
"b'RMEzxhYfpnEsWlfozit_xw'"	[1.8666666666666667, 3.2666666666666666, 41.46666666666667]
"b'RMkBZDwEbcv5Ctd-a2A0Lw'"	[1.3333333333333333, 3.75, 22.0]
"b'RRiKkw7WN4ZcpR8iQvFcOQ'"	[1.3333333333333333, 3.7916666666666665, 26.583333333333332]
"b'R_wOzSC7CWl38RLtbf-rQQ'"	[1.6289855072463768, 3.6072463768115943, 77.57391304347826]
"b'RmwfJrR4__hd5Scae5qsTw'"	[1.6666666666666667, 3.888888888888889, 79.85185185185185]
"b'Rn9FfZqjIU1oy8XaST9qbw'"	[1.8477157360406091, 3.728426395939086, 106.44670050761421]
"b'RpJJeDl84FKx4-FwwY2w0w'"	[1.6311239193083573, 3.615273775216138, 76.70028818443804]
"b'RxacBKbziwvC5afDcZS5zg'"	[1.5778443113772456, 3.535928143712575, 69.69161676646706]
"b'S3-JpB5dBhMXmauMqeoN-g'"	[1.44, 3.58, 49.76]
"b'S4NHg4GZD35HzzibJAxXDw'"	[1.6332378223495703, 3.6174785100286533, 77.16618911174785]
"b'SBnpT6JDbah-5l_52GM5sw'"	[1.7967479674796747, 3.6666666666666665, 93.9308943089431]
"b'SH1c1aFJl0uHVnVPEF-fTA'"	[1.2, 3.375, 33.25]
"b'SHoUzvH_XnVzU6i_YR48tg'"	[1.448, 3.52, 54.368]
"b'SMtnQ_KdWUL36t3nV497uw'"	[1.6246498599439776, 3.5406162464985993, 70.9047619047619]
"b'SPFu6EgRI8PwVuoHEzCgdw'"	[1.25, 3.75, 26.75]
"b'STX8NfaW_xP6YZq-wERHYg'"	[1.837696335078534, 3.743455497382199, 107.43455497382199]
"b'SaAIh36XncqFQanBhSQlEA'"	[1.6285714285714286, 3.357142857142857, 77.54285714285714]
"b'ShGGqJ0ugPw9N4yL7QlO-Q'"	[1.411764705882353, 3.426470588235294, 57.61764705882353]
"b'Sh_c-UZ8Tk_H1porVieNmA'"	[1.6318840579710145, 3.6072463768115943, 77.32463768115942]
"b'SpCVf25ya5jsHItdkpBpUg'"	[1.5185185185185186, 3.2685185185185186, 41.46296296296296]
"b'SqkJxRXxn7K1s6FxEQhYsw'"	[1.5294117647058822, 3.8308823529411766, 98.8970588235294]
"b'SxC7gGLEZ8B3ooj1Qtjz5w'"	[1.5084745762711864, 3.3983050847457625, 44.220338983050844]
"b'SxuD7iY8QO88PNbSdNmNKg'"	[1.435897435897436, 3.448717948717949, 44.82051282051282]
"b'T-LEmkUd0PEUC0R_eUb7Ng'"	[1.6416184971098267, 3.6184971098265897, 79.56647398843931]
"b'TAetQMOQ0MCHAZ4hacJrPQ'"	[1.6434782608695653, 3.621739130434783, 79.7768115942029]
"b'TBh4lRgZayACZKK02suaSQ'"	[1.5056179775280898, 3.303370786516854, 42.26966292134831]
"b'TETUKvUj73hzn6JpkJ4_QQ'"	[1.4193548387096775, 3.693548387096774, 45.16129032258065]
"b'TLTawnc8rVosRV9z5-8oOw'"	[1.6231884057971016, 3.5521739130434784, 71.30434782608695]
"b'TQSgOs4gahJ9g8Y_-whMsQ'"	[1.4594594594594594, 3.3783783783783785, 52.2972972972973]
"b'TQqhfjlPVEz41K_wAogQSQ'"	[1.5, 4.0, 57.25]
"b'TTVXY5vOJDqC0_Je8UhK8A'"	[1.0, 4.25, 18.0]
"b'TXiEgINSZ75d3EtvLvkc4Q'"	[1.55, 3.1333333333333333, 34.53333333333333]
"b'TdBC5PlJleNyfABjsPt00w'"	[1.6418338108882522, 3.616045845272206, 78.63896848137536]
"b'Thbnk3uDJ2PPCCluUdqfEg'"	[1.5348837209302326, 3.4767441860465116, 66.6046511627907]
"b'Ti73jdAF8zrVEkSLyzfOag'"	[1.6111111111111112, 3.3055555555555554, 54.22222222222222]
"b'Tiy_skxHMvNCpyzAIqv6qA'"	[1.5319148936170213, 3.3191489361702127, 43.09574468085106]
"b'TmzUG5kgxezUsfNYu5Z5cw'"	[1.53125, 3.46875, 55.0625]
"b'ToHFgQaDd_wJ6tAvVJHgoQ'"	[1.5625, 3.5416666666666665, 55.958333333333336]
"b'ToNd6fEn_SvcQc1Fulsidg'"	[1.546875, 3.1640625, 35.984375]
"b'Trs4cEYdP6AX_KihTk9kWQ'"	[1.6189111747851004, 3.5530085959885387, 70.8567335243553]
"b'TvhpG74DvdoF4MA0vLlOLw'"	[1.4090909090909092, 3.5681818181818183, 30.181818181818183]
"b'Twcjx4ofM9GWwXN6LVGSzw'"	[1.6453488372093024, 3.619186046511628, 78.54651162790698]
"b'U5pW5iuYdB_8NxEopCnpqQ'"	[1.6153846153846154, 3.5754437869822486, 75.42307692307692]
"b'U7Ag9oPTjWinwcnGH20tcg'"	[1.396039603960396, 3.51980198019802, 48.31188118811881]
"b'UAGZsl9ul16iDHmFNDLj4A'"	[1.4912280701754386, 3.56140350877193, 69.45614035087719]
"b'UFyzcr1y2r3y-e_tNpA9VA'"	[1.8333333333333333, 3.1666666666666665, 34.833333333333336]
"b'UNPkYPoR-zPfnpTL6GVgzQ'"	[1.3880597014925373, 3.514925373134328, 48.38805970149254]
"b'UROWdKGa1IQ19Jk4tExvVQ'"	[1.5473684210526315, 3.305263157894737, 43.36842105263158]
"b'UidScb9HFDSD3NBw8MLuGw'"	[1.6176470588235294, 3.3529411764705883, 76.41176470588235]
"b'UjmVsSLDD7GQRTcLkJ9mfg'"	[1.6122448979591837, 3.5830903790087465, 75.12827988338192]
"b'UuezOzEBemKWDOrZFjM1BA'"	[2.0, 3.5, 118.0]
"b'UyTYTtyZWym-7u84XMgSOQ'"	[1.5617977528089888, 3.303370786516854, 43.49438202247191]
"b'UzSXgaJjOrtdWATtzgPWqQ'"	[1.5352112676056338, 3.7253521126760565, 96.69014084507042]
"b'V1JEkeAem05hps5ZCmMIgw'"	[1.6434782608695653, 3.6202898550724636, 79.64927536231885]
"b'V1MTfnI-1T7lqZO-Y_qXAg'"	[1.5510204081632653, 3.5, 69.0204081632653]
"b'V46DbgV5cTnYAwpBS70owQ'"	[1.3529411764705883, 3.7058823529411766, 33.11764705882353]
"b'V5K2K2U0JaBL5UPaZYJkSQ'"	[1.5454545454545454, 3.4696969696969697, 52.84848484848485]
"b'V80NaT5ZnfuA31yW3Y5Pdg'"	[1.6332378223495703, 3.6146131805157595, 77.19484240687679]
"b'VD358OTsTLFuxOZJTOInKQ'"	[1.7733812949640289, 3.629496402877698, 91.33812949640287]
"b'VDvcxFhe3NttPUzftJmHjw'"	[1.6358381502890174, 3.615606936416185, 77.74277456647398]
"b'VGKq16vCdPPHMoryy6XTHg'"	[1.6627218934911243, 3.6153846153846154, 81.68047337278107]
"b'VLM7exTU8wRmPVxI4uKi1w'"	[1.5277777777777777, 3.7083333333333335, 96.27777777777777]
"b'VMPSdoBgJuyS9t_x_caTig'"	[1.6595744680851063, 3.8351063829787235, 98.43617021276596]
"b'VO2WD2hE1jLyNFCja3XlGg'"	[1.5692307692307692, 3.746153846153846, 101.96923076923076]
"b'VRTrhsYKSJo1kGX5RqBlFA'"	[1.638728323699422, 3.6199421965317917, 78.95375722543352]
"b'VS6cBZIOm1-8GjS2aGG-iQ'"	[1.550561797752809, 3.3258426966292136, 44.73033707865169]
"b'VSu7GYn-Zln5TLZh_fMtvQ'"	[1.5529411764705883, 3.3176470588235296, 43.705882352941174]
"b'VTJIw7e4s5MSkg4OdNer6w'"	[1.6296296296296295, 3.8703703703703702, 76.74074074074075]
"b'V_2YX2rW_l5N3UwwifokCQ'"	[1.5434782608695652, 3.3315217391304346, 42.23913043478261]
"b'VbRT8CJlnCO9_rd0zW-rUw'"	[1.8444444444444446, 3.7583333333333333, 110.21666666666667]
"b'Vbkb2shDxUE8H3PzrFnypA'"	[1.4090909090909092, 3.5681818181818183, 63.59090909090909]
"b'VfWX3UCKvUnVktdOuR8TwA'"	[1.6176470588235294, 3.3088235294117645, 73.94117647058823]
"b'VgGO13Fx7dQj4zg3IuVDLw'"	[1.4901960784313726, 3.5784313725490198, 59.627450980392155]
"b'VozM1JCr5ymSambcvx0TAg'"	[1.469387755102041, 3.5816326530612246, 62.06122448979592]
"b'VrE8b5u-ai47W__Diw_mKg'"	[1.6242774566473988, 3.5635838150289016, 72.63583815028902]
"b'W4CG8pZC9d9PjysCrzUOug'"	[1.5835866261398177, 3.5364741641337387, 70.34346504559271]
"b'WCMt5LU2NnkmzjKNhTB7UA'"	[1.3478260869565217, 3.5652173913043477, 30.347826086956523]
"b'WMpXWa8iiEaDzb4vLTZjcw'"	[1.6104651162790697, 3.571220930232558, 74.03488372093024]
"b'W_9ophRRWO924hn1S-y2Hg'"	[1.435897435897436, 3.4358974358974357, 43.743589743589745]
"b'W__CejafuHBISqg1LkwLHA'"	[1.5625, 3.5364583333333335, 55.125]
"b'WacrAWdXzZywkQU-u_Qf8w'"	[1.5538461538461539, 3.269230769230769, 45.13846153846154]
"b'Wc1TtSuRgHXW8CLR7Rs7TA'"	[1.6228070175438596, 3.597953216374269, 76.36549707602339]
"b'Wcw-xq_c89e4AaRsUtkaLw'"	[1.8407960199004976, 3.716417910447761, 105.636815920398]
"b'Wf7AV7JbR52qABil0bU8NA'"	[1.6306306306306306, 3.6066066066066065, 77.09309309309309]
"b'WhUaO6USElivcM-xxlsscA'"	[1.847953216374269, 3.783625730994152, 111.02923976608187]
"b'WkHVtY5voeLCvv61klhUnA'"	[2.0, 4.0, 110.0]
"b'WnUYubIggifyyDFTm4QHlw'"	[1.4618320610687023, 3.519083969465649, 52.599236641221374]
"b'WoFTWkoOrciT0TEvRJcSTQ'"	[1.622093023255814, 3.5552325581395348, 71.39244186046511]
"b'Woqed5Fw95J6oEZxIHiBgg'"	[1.6416184971098267, 3.615606936416185, 79.28901734104046]
"b'Wtp0Pfnhd7NvUIEawiIjTA'"	[1.5, 3.5775862068965516, 80.60344827586206]
"b'WwQ0sr3wDk2jCMre_3mS7A'"	[1.6229050279329609, 3.543296089385475, 71.45251396648045]
"b'X0UQortyd6N6zFBVisY_gw'"	[1.3333333333333333, 3.75, 26.333333333333332]
"b'X0siHN0KchBjGKn9QsEAFg'"	[1.6235955056179776, 3.542134831460674, 70.89044943820225]
"b'X2Lb7fTmuyXwU3O19F5aZA'"	[1.5571428571428572, 3.835714285714286, 99.78571428571429]
"b'X4w6_iAqN8ZqZ15a7YWPgw'"	[1.6, 3.12, 34.64]
"b'X5oaz9_MVz-1ng83HuI4ZQ'"	[1.629737609329446, 3.610787172011662, 77.06122448979592]
"b'X5valo7w5BVwFn4lZ2P3Sg'"	[1.4615384615384615, 3.423076923076923, 45.333333333333336]
"b'XFuNeVTGWZ-UOYO58NNmKg'"	[1.626865671641791, 3.608955223880597, 77.4955223880597]
"b'XKaEQFtKnU3_Gaduje4Nhg'"	[1.0, 2.5, 6.0]
"b'XMEGoJVtQ6EgVox1yTsO8w'"	[1.565217391304348, 3.108695652173913, 31.47826086956522]
"b'XO9oHMxyT0fklifbmED5LQ'"	[1.6207865168539326, 3.5463483146067416, 70.80337078651685]
"b'XSpEeRqe1CeIBrDoC-wEzg'"	[1.6198830409356726, 3.546783625730994, 71.46198830409357]
"b'XXNGKunbVfgCJhp7XrkU_g'"	[1.6011904761904763, 3.543154761904762, 69.80357142857143]
"b'Xc3Y8_cWBnMVXvoJmGCh4g'"	[1.82, 3.776666666666667, 111.89333333333333]
"b'XggUqVcri5eth2_ZqILqqA'"	[1.5529411764705883, 3.3117647058823527, 44.258823529411764]
"b'Xl6I0-JmFE_6w28bku2idQ'"	[1.6129032258064515, 3.5791788856304985, 74.55718475073314]
"b'XmsBtCykUtObXg4Q1mYpvg'"	[1.6397694524495676, 3.618155619596542, 76.68587896253602]
"b'XnFPzFiLZ8wKWZsmzGjvCQ'"	[1.6484149855907781, 3.6195965417867435, 79.93659942363112]
"b'Xrqd7hdpa5HYWdIegacTpw'"	[1.630952380952381, 3.605654761904762, 77.5625]
"b'Xu6mEU7IbKlWic1ETgUOeA'"	[1.6184971098265897, 3.566473988439306, 72.55491329479769]
"b'XxnQKE9jTD0bTE3LZ5NOtQ'"	[1.5138888888888888, 3.7222222222222223, 90.91666666666667]
"b'XzMOmLWmCClAgJMgCi9YRQ'"	[2.25, 3.375, 50.25]
"b'Y2TCGnkXJ1BmxMKLR1r8Jw'"	[1.608695652173913, 3.0652173913043477, 37.17391304347826]
"b'Y2Z1Ig5I1E3PSU_GQQUW9Q'"	[1.5625, 3.2578125, 43.28125]
"b'Y5Vbtaj_pkrhb99V4Q-53Q'"	[1.5473684210526315, 3.331578947368421, 42.72631578947368]
"b'Y9Lsu_1dVNarV2wt1t5Cgw'"	[1.5396825396825398, 3.1666666666666665, 36.492063492063494]
"b'YDjpFw_K46BW9Wf9c8izzA'"	[1.6031746031746033, 3.5, 52.26984126984127]
"b'YHCseOJ93wJh0gBcii_2qA'"	[1.2, 3.4, 34.2]
"b'YK6XFE1SbLZGGXIKZmrQ-Q'"	[1.396103896103896, 3.574675324675325, 44.493506493506494]
"b'YLqO9xm5s0KJ9JzWukAk8Q'"	[1.558139534883721, 3.3197674418604652, 44.104651162790695]
"b'YLwXQbMN-4NvUs_U8brP-w'"	[1.4893617021276595, 3.5851063829787235, 60.744680851063826]
"b'YSUPAkyni4qpcHfrMOAEww'"	[1.375, 3.5833333333333335, 29.125]
"b'YUjiBKnlvfLkjFmUCqZf6A'"	[1.6133720930232558, 3.5697674418604652, 74.7936046511628]
"b'YXd7yVn-dvbPTYAgQ0V0LQ'"	[1.4603174603174602, 3.6746031746031744, 86.9047619047619]
"b'YXe8DxId7IpkW-bUCdfGIg'"	[1.5853658536585367, 3.5060975609756095, 54.353658536585364]
"b'Y_wVqdHHkmfxdaHGOPffqQ'"	[1.5666666666666667, 3.1333333333333333, 35.06666666666667]
"b'YcRaEZaqXmrBjDYjGIHYvg'"	[1.6538461538461537, 3.519230769230769, 57.38461538461539]
"b'YgBQEX8dB27FdYj7PaPhPw'"	[1.7857142857142858, 3.7857142857142856, 83.07142857142857]
"b'Ylw5xdTfPN5L6Uhd54pzmA'"	[1.25, 3.9166666666666665, 26.916666666666668]
"b'Ym7IdoJMPHaAm3JB8mqMYQ'"	[1.1578947368421053, 3.263157894736842, 33.526315789473685]
"b'YnysIH0yvgMLtlsBdOSecw'"	[1.4492753623188406, 3.5253623188405796, 53.210144927536234]
"b'YohEZMYpKrf-3fyPASKLew'"	[1.58, 3.16, 33.66]
"b'YpsMG1_Vf-rEVjl42Nw8hg'"	[1.5783132530120483, 3.5180722891566263, 54.0722891566265]
"b'YsxyAYrg2LdMvf7nhp39Ow'"	[1.5681818181818181, 3.3125, 44.48863636363637]
"b'YycuwgvTtOG7HBYW_cwvkg'"	[1.6726190476190477, 3.6160714285714284, 84.22619047619048]
"b'Z8SXv1u_6rKicQy9P7G6fw'"	[1.4532374100719425, 3.528776978417266, 52.39568345323741]
"b'Z9wnRnSvmt7PeMo69x3s4A'"	[1.6296296296296295, 3.8703703703703702, 82.11111111111111]
"b'ZCiKZMT1kce5Gxbwqcbrmw'"	[1.5666666666666667, 3.311111111111111, 44.08888888888889]
"b'ZS9nhMMn6KdvdaB4L4G3vw'"	[1.5835866261398177, 3.5395136778115504, 70.3161094224924]
"b'ZjMNad9hCvBJficJA0bFRQ'"	[1.574468085106383, 3.4893617021276597, 70.65957446808511]
"b'ZliwQrjUnAosBLM8W_bsGQ'"	[1.6136363636363635, 3.875, 94.13636363636364]
"b'ZoZWONMz3tzxRLOSQEJosQ'"	[1.4439834024896265, 3.524896265560166, 49.92116182572614]
"b'_6b9CtXi4fQqiu2VjCVpTQ'"	[1.5689655172413792, 3.1206896551724137, 36.06896551724138]
"b'_9oVB-ICuyxfnK8JGpiwKA'"	[1.8387096774193548, 3.725806451612903, 106.2258064516129]
"b'_DpnhekFOZDPNBDekWpx4A'"	[1.55, 3.1416666666666666, 34.65]
"b'_Ejjcg6V2sHb_W8CyIUtXg'"	[1.6229050279329609, 3.5460893854748603, 70.73463687150839]
"b'_FLNxsJ6T9WLkAdjwCLEqw'"	[1.629737609329446, 3.60932944606414, 76.80466472303208]
"b'_VG3IAIbXdends4ATxlEiA'"	[1.3043478260869565, 3.608695652173913, 18.91304347826087]
"b'_euNvs0P14284FXN1vZ_Pw'"	[1.2608695652173914, 3.608695652173913, 24.347826086956523]
"b'_j0xNyOAtLI7iRF4GStBgA'"	[1.5051546391752577, 3.2989690721649483, 42.27835051546392]
"b'_n7WS5jqFs89WHOINineqg'"	[1.4666666666666666, 3.6, 53.75555555555555]
"b'_tJ1mf_KEL4sx5fh9DTtTw'"	[1.7142857142857142, 3.0, 19.857142857142858]
"b'_xcDTH9G4LDqADfpmok6SQ'"	[2.0, 3.5, 10.0]
"b'_y4zRzQloskP7IsEBhdNDA'"	[1.484375, 3.703125, 90.984375]
"b'a4I6hTqQwL3Px1aXfHD4Aw'"	[1.5666666666666667, 3.327777777777778, 44.2]
"b'aKXzSFBrAoC_5kWUvjKGpg'"	[1.5, 2.125, 23.0]
"b'aLZTOa5e2ON9mmDQcw6GtQ'"	[1.5425531914893618, 3.3138297872340425, 42.09574468085106]
"b'aLf_bFRNxxGdte8GrIAN4g'"	[1.5478547854785478, 3.536303630363036, 67.46534653465346]
"b'aP2L6aSpQEIKAS1sx3G8Lw'"	[1.55, 3.325, 17.95]
"b'aPv_Hk2yh0A-AceqCuTO9A'"	[1.462686567164179, 3.671641791044776, 90.23880597014926]
"b'aQYLi9BmN0KcLmK4OB_-SA'"	[1.4587155963302751, 3.5275229357798166, 53.8348623853211]
"b'aRIZPbrHwnM04TTXLYrFMg'"	[1.425, 3.425, 41.975]
"b'aRbUf7je5wv5ihTrB4vDhA'"	[1.4444444444444444, 3.5238095238095237, 52.80952380952381]
"b'aS4t4ee3xqQXgNHNxi9gAA'"	[1.55, 3.175, 36.61666666666667]
"b'aUrOyWFKxKeVXiFzwbTXSA'"	[1.5138888888888888, 3.7222222222222223, 91.48611111111111]
"b'aVBFKYoF0AHuusNssaQpJA'"	[1.6326530612244898, 3.607871720116618, 76.28279883381924]
"b'aWYWNfHuQJyRwDHaHq8X1w'"	[1.5138888888888888, 3.7222222222222223, 90.56944444444444]
"b'aYjZc-3aVbPIPaJgGiUK_A'"	[1.6289855072463768, 3.6072463768115943, 77.0695652173913]
"b'aYoeWXcFXu2BsWuYIMd6Ow'"	[1.6418338108882522, 3.6246418338108883, 78.64469914040114]
"b'aZgOdGn3O_fP2OUr5ATqiw'"	[1.626086956521739, 3.5608695652173914, 72.74782608695652]
"b'aaEdLuaBvgNZWdc_I5O82g'"	[1.3333333333333333, 3.1666666666666665, 18.833333333333332]
"b'adU58x75VWjbsyFdoO_m3w'"	[1.5425531914893618, 3.3351063829787235, 42.01063829787234]
"b'aiI4CxuCeIj_BnGaJyU1dg'"	[1.6379310344827587, 3.6206896551724137, 78.69827586206897]
"b'ajNgLG4Eev8GQYZeMBPpdA'"	[1.5689655172413792, 3.103448275862069, 36.8448275862069]
"b'alUQ8F8tom1kTsk4353I2A'"	[1.5625, 3.375, 57.1875]
"b'apDt7MWwZVmh_R1t_WVBzw'"	[1.6169014084507043, 3.545070422535211, 70.53521126760563]
"b'aq1rdvfvT9_tleKI8OzRaA'"	[1.7377049180327868, 3.624590163934426, 86.04918032786885]
"b'arWSu95pE-EV4bZRTd-lTQ'"	[1.42, 3.61, 58.02]
"b'asAHqgKQtCWiBbC3XriSIQ'"	[1.5529411764705883, 3.3117647058823527, 44.023529411764706]
"b'aw5axrPRdJu56obiSZ4d8w'"	[1.6418338108882522, 3.6203438395415475, 78.60744985673352]
"b'azJAJh8oivpsU9HzlLS6EA'"	[1.5952380952380953, 3.392857142857143, 45.42857142857143]
"b'b8u5AasAkEcqTwKlSjcHIw'"	[1.3333333333333333, 3.75, 25.0]
"b'bCosDkhWzMJupoRV2be-VA'"	[1.6666666666666667, 3.5, 41.0]
"b'bGAweH0aQRfqNx59BIAOaA'"	[1.6434782608695653, 3.6202898550724636, 79.59130434782608]
"b'bJo_-dEqQKdJKQJaa9hK7g'"	[1.75, 3.3125, 50.625]
"b'bLh4ysq5RsbzCNSjqHhwyw'"	[1.4538461538461538, 3.519230769230769, 53.58461538461538]
"b'bObysWCWZqc_rqSC0U83Yg'"	[1.65, 3.65, 82.5]
"b'b_PiGpk0PZyBpckb1TFITg'"	[1.844311377245509, 3.7904191616766467, 111.07185628742515]
"b'bqNV9FU60H9BVPJ4kWptOA'"	[1.4638783269961977, 3.5190114068441063, 52.73764258555133]
"b'brIaz5gTzBX6fgJNQZbUCA'"	[1.622478386167147, 3.561959654178674, 72.13832853025937]
"b'bt0ZUJWmAJhjYmfPCzgRmQ'"	[1.4, 3.7333333333333334, 49.13333333333333]
"b'c0mV9byVqQMERBojaFmuWA'"	[1.629737609329446, 3.616618075801749, 77.37900874635568]
"b'c26Nbb6i7OeMCvg7Cs4QSw'"	[1.6180758017492711, 3.5466472303206995, 71.50437317784257]
"b'c7ZTyqSG4v4ZVwK3vuDklQ'"	[1.6229050279329609, 3.543296089385475, 70.42178770949721]
"b'cCBySJPR4i7WFfEt8gjArg'"	[1.8133333333333332, 3.7733333333333334, 111.57333333333334]
"b'cDk2no09g2JBBxBotOuZow'"	[1.617391304347826, 3.5898550724637683, 75.24927536231884]
"b'cF-QXCQw2yLALLRTkH2Rrw'"	[1.5529411764705883, 3.3117647058823527, 44.23529411764706]
"b'cFxGP_IC4REtJspMNQ3vLg'"	[1.6253602305475505, 3.548991354466859, 71.0749279538905]
"b'cJLx99fsYPM0SlNfWLb4Ug'"	[1.6296296296296295, 3.8703703703703702, 80.48148148148148]
"b'cMybOpJd352Cb6y9SeVhPw'"	[1.6379310344827587, 3.6206896551724137, 78.25862068965517]
"b'cPfnF9PAvVjamEdZM3wTzA'"	[1.8235294117647058, 3.588235294117647, 80.70588235294117]
"b'cRDEkJWuXpKzuSYUpmyX5w'"	[1.558139534883721, 3.3313953488372094, 44.616279069767444]
"b'cTPdZ9Va0HCLESf5gNnXwA'"	[1.6434782608695653, 3.618840579710145, 79.12463768115941]
"b'cUy8ww2wcqW-1RJLNSvBkA'"	[1.6111111111111112, 3.361111111111111, 52.5]
"b'cVPUJEJqjSR1oHjl2JPHqg'"	[1.608695652173913, 3.572463768115942, 74.64637681159421]
"b'c_-0jkr-MkK2EdlbJaXgyw'"	[1.3333333333333333, 3.2222222222222223, 63.77777777777778]
"b'caMVCmuEG4rIV8HtTdU9jA'"	[1.5, 3.0, 17.5]
"b'ccVFmV2l3xPS4CCcLPwpkQ'"	[1.6397694524495676, 3.621037463976945, 79.21037463976946]
"b'cenEs8pZINlsu1fSpzHizQ'"	[1.626086956521739, 3.563768115942029, 72.83188405797101]
"b'ceuvH6NpDhpT1p4q1w93pA'"	[1.4678899082568808, 3.5137614678899083, 52.73394495412844]
"b'cf0LXwdYZ_9y0BVK-un9ow'"	[1.6484149855907781, 3.6195965417867435, 79.84726224783861]
"b'cgoS2M0ghmdAQM1fvf-I9Q'"	[1.430327868852459, 3.5040983606557377, 50.32786885245902]
"b'cjFFnWEVH4F62861vJeq3g'"	[1.0, 3.6666666666666665, 25.0]
"b'cjKl-UhaBcqAMN-fPAlA_w'"	[1.595505617977528, 3.539325842696629, 57.91011235955056]
"b'cprIQ1e2be5LD7jpPEyiSw'"	[1.457142857142857, 3.4857142857142858, 60.8]
"b'cqJBTRVx614nqlLEkzL7Uw'"	[1.8571428571428572, 3.5952380952380953, 100.95238095238095]
"b'cugTYtxVL2Q6Kkd8w4xMNw'"	[1.4823529411764707, 3.3, 43.07058823529412]
"b'cxyDANKI4ptp9VdbgEtCtg'"	[1.6311239193083573, 3.615273775216138, 76.70317002881845]
"b'd4JTF7OUIMpxpIHVl9wPJA'"	[1.6213872832369942, 3.566473988439306, 72.17630057803468]
"b'd6VYQbeTZ_WdD8Uuhh35dg'"	[1.6576576576576576, 3.6171171171171173, 81.69369369369369]
"b'dC2yhxxVUSmjW1Db7IaKWQ'"	[1.4137931034482758, 3.4655172413793105, 27.03448275862069]
"b'dEty4GN0TJIbdIlMioW8cg'"	[1.62, 3.28, 57.22]
"b'dK7sFWvfEQ0Anuz7ch4t8A'"	[1.379746835443038, 3.579113924050633, 44.45569620253165]
"b'dSDl5LGJCU8R3X8lYDU7tA'"	[1.4583333333333333, 3.6145833333333335, 82.66666666666667]
"b'dTtMrvC0UoDV-3-8diJYLw'"	[1.8, 3.776923076923077, 105.4]
"b'dUtSIQouki34zUC2Se-NzA'"	[1.3870967741935485, 3.725806451612903, 45.064516129032256]
"b'dV6AHcexEq-3joH6j-C17g'"	[1.8333333333333333, 3.744047619047619, 106.99404761904762]
"b'dazGlP4Rk4nxlyMtlvkpvA'"	[1.6104651162790697, 3.5755813953488373, 74.67151162790698]
"b'dcfh1BEj4EXKqA16zi0TiA'"	[1.4444444444444444, 3.638888888888889, 84.88888888888889]
"b'dfHA5n6e3f58nMCNHt589Q'"	[1.617391304347826, 3.591304347826087, 74.99710144927536]
"b'di6TE2800MRMLomLFsmfrg'"	[1.5543478260869565, 3.3206521739130435, 42.69565217391305]
"b'di8-ZPAvExDPfttxMs3_JA'"	[1.6242774566473988, 3.5722543352601157, 72.72543352601156]
"b'dk5D2jHEK7IoXEFf6zvQfg'"	[1.4453125, 3.5078125, 51.35546875]
"b'dpblBM884TnUQQ5xusFMlg'"	[1.3333333333333333, 3.75, 26.416666666666668]
"b'dsvLqlcYaD0QbVGjVKm-lg'"	[1.25, 3.40625, 36.3125]
"b'duG7f4gq2hS-QW50s-g4zA'"	[1.5862068965517242, 3.1120689655172415, 36.5]
"b'dyJK_XniS782sIhzWS7z5g'"	[1.3461538461538463, 3.5576923076923075, 28.384615384615383]
"b'e-finkL51hroOJ0GZ8jcXA'"	[1.5617977528089888, 3.3258426966292136, 44.73033707865169]
"b'eI1n8YoS2xKCCpkLQp-CYA'"	[1.5254237288135593, 3.152542372881356, 31.406779661016948]
"b'eJYvivWUp4Hdc9Tc8SaZPA'"	[1.6189111747851004, 3.5515759312320916, 70.810888252149]
"b'eQL6UKYvkWERh21rF0Blnw'"	[1.6311239193083573, 3.618155619596542, 77.0086455331412]
"b'eRGTss9r2Et8s_1UiPBKOg'"	[1.3795180722891567, 3.5572289156626504, 46.8855421686747]
"b'eYE7zd30ltLAS1V3ssdtrQ'"	[1.4857142857142858, 3.4, 58.02857142857143]
"b'eZW0M_4K_139Ii6i1YLh0A'"	[1.5106382978723405, 3.2819148936170213, 41.5531914893617]
"b'eZiDoYkp9-OARMpamfljIw'"	[1.7391304347826086, 3.6153846153846154, 87.51839464882943]
"b'eZkD1yUKQA6mAfBJTJPD6w'"	[1.4583333333333333, 3.625, 82.64583333333333]
"b'eab04KSBbf30FqB4cH8erQ'"	[1.8407643312101911, 3.78343949044586, 109.94904458598727]
"b'ecM2lSLuZhxZKQdGZWMOFg'"	[1.4893617021276595, 3.595744680851064, 61.04255319148936]
"b'ecXP80GWT6zZ2qqZHpUCtQ'"	[1.6416184971098267, 3.617052023121387, 79.57514450867052]
"b'ewEDv_q-K0fV0FepkHB8sA'"	[1.629737609329446, 3.610787172011662, 76.00291545189505]
"b'ey27rNqT2dqBqCP36iCNpQ'"	[1.6397694524495676, 3.6195965417867435, 79.0086455331412]
"b'f-Nk4rNCmJhYom1_6RdWqg'"	[1.631578947368421, 3.6140350877192984, 77.41520467836257]
"b'f1loh_1c_zp6P1Zv9KSaPg'"	[1.5555555555555556, 3.3222222222222224, 43.733333333333334]
"b'fH-udnxBjJ0ldqMeaMAoSw'"	[1.4206349206349207, 3.5793650793650795, 45.84126984126984]
"b'fNhp7o7RhmKhdBFTsJyyxw'"	[1.3970588235294117, 3.5220588235294117, 48.004901960784316]
"b'fQ1sYWuXtVVOFWhrC9bTrA'"	[1.3333333333333333, 3.0833333333333335, 17.333333333333332]
"b'fcQDwASYxBGQHiMIJadw-Q'"	[1.608695652173913, 3.572463768115942, 74.77101449275362]
"b'fdX_eu-dCaKsDaK_itNIzQ'"	[1.6133720930232558, 3.5872093023255816, 74.72674418604652]
"b'ffUCy7Gd8Gr28oK5mHOjsw'"	[1.5454545454545454, 3.484848484848485, 53.39393939393939]
"b'ffUMyqLvDLcsed5p_7wy5A'"	[1.6818181818181819, 3.8454545454545452, 94.87272727272727]
"b'flCF_Vp9NOpTVeGv673nSg'"	[1.44, 3.54, 57.68]
"b'fpwMWuKAR8joNW1B4N3e5w'"	[1.6202898550724638, 3.5492753623188404, 71.20289855072464]
"b'fqeHgAtcUxp2ocf_RLErkg'"	[1.5, 3.4444444444444446, 48.97222222222222]
"b'fxiZpl88oIrEU_nyLCKWVw'"	[1.5151515151515151, 3.5, 53.484848484848484]
"b'g0h7RSrFyNYbxWz5m8ScMQ'"	[1.6296296296296295, 3.9074074074074074, 82.0]
"b'g3xzSAq_IcF1HeB7yd_LBg'"	[1.6218487394957983, 3.546218487394958, 70.44817927170868]
"b'g6aWPjcKukfK1-Po70Lhyw'"	[1.6428571428571428, 3.4642857142857144, 38.57142857142857]
"b'gT-BU_GVKDsYAFSxkbZm_g'"	[1.837696335078534, 3.74869109947644, 107.58638743455498]
"b'gVTna38clthQRSd9doGYjg'"	[4.0, 2.0, 22.0]
"b'gWsWtppVufrGfGWw1HcjOA'"	[1.4074074074074074, 3.3703703703703702, 21.444444444444443]
"b'gdXfiX8gRpe2TeaWZJoOHQ'"	[1.4365079365079365, 3.5198412698412698, 50.41269841269841]
"b'gtHH0BgHFSXc-Z1seIWJ1g'"	[1.507936507936508, 3.3492063492063493, 43.6031746031746]
"b'gv47gtyCkw_8OyexHrqdDA'"	[1.6253602305475505, 3.6138328530259365, 77.13544668587896]
"b'gwKOawUNlVvt-b38LNgpLw'"	[1.6225352112676057, 3.545070422535211, 70.99154929577465]
"b'gyDTYm_NDWXEHBPGnL-oRQ'"	[1.6198830409356726, 3.611111111111111, 76.53508771929825]
"b'h7hgUiuQ9vSczhKdV5YgGw'"	[1.517684887459807, 3.5209003215434085, 57.67845659163987]
"b'h8k9AFDqj7fJGjRUZkJkYw'"	[1.625, 3.65625, 68.40625]
"b'h9ELiqDfwNktCvLEu1DDNg'"	[1.6268221574344024, 3.60932944606414, 76.66180758017492]
"b'hDhQvwpLWSzSgZQSKUSOqQ'"	[1.6253602305475505, 3.5561959654178676, 71.95965417867436]
"b'hEUAUdG4fBdYWvPeEASnng'"	[1.600550964187328, 3.556473829201102, 71.44903581267218]
"b'hII_nAeCvz-qlyuvbNI1Ig'"	[1.5517241379310345, 3.1206896551724137, 37.01724137931034]
"b'hLnWXojm7NpyXeqlhIL-lw'"	[1.6228070175438596, 3.603801169590643, 76.66666666666667]
"b'hM48axj9twnf7A6a5f8cjA'"	[1.5263157894736843, 3.219298245614035, 41.26315789473684]
"b'hNpUT1RRuE6rj-QvnZvVqQ'"	[1.6385542168674698, 3.8493975903614457, 94.83132530120481]
"b'hNuDWMtu56NLz4L1Ghm0aA'"	[1.6344086021505377, 3.8655913978494625, 98.2258064516129]
"b'hOxNKZJ8wWg8Q165U7CCqg'"	[1.7517482517482517, 3.617132867132867, 88.8986013986014]
"b'hVzRXGGhRJfTXIasO3bq1w'"	[1.6242774566473988, 3.566473988439306, 72.59537572254335]
"b'hXCoi8OuvdhIA-zXJiPvfg'"	[1.6242774566473988, 3.5679190751445087, 72.66184971098266]
"b'h_UvnQfe1cuVICly_kIqHg'"	[1.6395348837209303, 3.619186046511628, 79.22383720930233]
"b'hc81y_5FQjTiZcgqnY8vfQ'"	[1.5263157894736843, 3.4210526315789473, 20.0]
"b'hgdJyNg58p1It_b7ElAxgw'"	[1.6213872832369942, 3.5621387283236996, 72.72832369942196]
"b'hgktkdzUUvKfx2XITRn-Kw'"	[1.6104651162790697, 3.572674418604651, 74.81686046511628]
"b'hisaMvsxMzo08xigPIwXiA'"	[1.125, 3.375, 24.625]
"b'hoqk5SFvERVDJVXUaFLpLQ'"	[1.6434782608695653, 3.617391304347826, 78.65797101449276]
"b'hpqfvUCTTstmCFoUg7q_pw'"	[1.4074074074074074, 3.537037037037037, 28.555555555555557]
"b'hvazqoUUIZEISCu5CiWKPA'"	[1.6666666666666667, 3.1666666666666665, 10.833333333333334]
"b'i60v66vwf1A13YqcIqGD_A'"	[1.507462686567164, 3.708955223880597, 90.83582089552239]
"b'i7MSJP4JH9yoNpbUsaV9_w'"	[1.6195965417867435, 3.5662824207492796, 72.6743515850144]
"b'i7NqPkLgLEBApeoBsPNvyA'"	[1.6111111111111112, 3.3333333333333335, 51.94444444444444]
"b'i7PG3pFaBLy9MHM_RYzKAw'"	[1.5454545454545454, 3.4696969696969697, 52.63636363636363]
"b'iFlr0eG_qH-cgXFhji7gbQ'"	[1.5714285714285714, 3.357142857142857, 26.0]
"b'iIok1p4qnpGAa07xoaXRQA'"	[1.6329479768786128, 3.617052023121387, 77.47687861271676]
"b'iRHTFqobTR2mQaDg2-Yojg'"	[1.6104651162790697, 3.571220930232558, 74.77906976744185]
"b'iSOaf_-deg1nIlCm3cuzvg'"	[1.6498516320474776, 3.6097922848664687, 80.79228486646885]
"b'ibVJ52iBKcheyLNOPGU8jg'"	[1.546875, 3.15625, 35.796875]
"b'ih3ddtApyqb6W3T1mkdrag'"	[1.65, 3.4625, 80.0]
"b'iiEjVLb4JDLE2xl8YGR-Gw'"	[1.448, 3.524, 54.2]
"b'ikDVOD9Ypyestcw63_z_dA'"	[1.6140350877192982, 3.5804093567251463, 75.34795321637426]
"b'imBVeP4aA-aLTdPD-t8_WQ'"	[1.5303030303030303, 3.8333333333333335, 97.84848484848484]
"b'itthpAROLKuP8oks3AaycA'"	[1.6326530612244898, 3.607871720116618, 77.32069970845481]
"b'iy-t6CyVL2g38wPFY4ac4g'"	[1.528735632183908, 3.2873563218390807, 43.06896551724138]
"b'izNAs4Ya2NWKppUgKnQ04w'"	[1.5714285714285714, 3.1160714285714284, 37.375]
"b'izzrCdvwa1TT8rBsE7Ch7w'"	[1.6585365853658536, 3.4634146341463414, 78.58536585365853]
"b'j1i7s55PmOFzJC3l6O8PiA'"	[1.381578947368421, 3.5592105263157894, 44.91447368421053]
"b'j2TKvVKLMgfJKe_UPtGOVg'"	[1.6506024096385543, 3.855421686746988, 94.3855421686747]
"b'jCAoPzq8naXIgW4F3_wVTQ'"	[1.6187683284457477, 3.6070381231671553, 76.7565982404692]
"b'jDooRCbkYH74g5Tnw-SwrA'"	[1.4727272727272727, 3.5454545454545454, 43.127272727272725]
"b'jE5lfHPvsuNCJijXWaPqTw'"	[1.6449704142011834, 3.6094674556213016, 80.71005917159763]
"b'jLpufKQL0CF79vBrKwiMjQ'"	[1.550561797752809, 3.3202247191011236, 44.52808988764045]
"b'jM6YI5V4fYM7OCA1BLKwqw'"	[1.6666666666666667, 3.4722222222222223, 55.5]
"b'jP6xmjbQRfUitOmv5PKuJA'"	[1.6426512968299711, 3.618155619596542, 79.38328530259366]
"b'jaHKCpllY6Vb_kgQ4DYFkw'"	[1.6133720930232558, 3.5697674418604652, 74.27616279069767]
"b'jaoFwU5mqxtw2JpZrM73Yg'"	[1.6213872832369942, 3.5679190751445087, 72.63872832369943]
"b'jb6yNcKwUDsIQOLYmJCcyA'"	[1.6463768115942028, 3.618840579710145, 79.76521739130435]
"b'jc8yrgtHvcNwdhc5HWGQ4A'"	[1.5198675496688743, 3.533112582781457, 58.0364238410596]
"b'jgh9iT5k7JxkeK9gu4VJAw'"	[1.6213872832369942, 3.566473988439306, 72.50578034682081]
"b'jqNfrXF4e1JjxU3WNj73SA'"	[1.5595238095238095, 3.3273809523809526, 45.035714285714285]
"b'jte_XM9Zo7TX86jlKwq5gg'"	[1.5108695652173914, 3.277173913043478, 41.33695652173913]
"b'jux9zFaGcIRjrMIBaVJsHQ'"	[1.3043478260869565, 3.5217391304347827, 18.869565217391305]
"b'jz_q2_QTq_CdDbOtY2FSXg'"	[1.6111111111111112, 3.4444444444444446, 80.33333333333333]
"b'jzr6jW5cQ0jpPhEo4kGMBw'"	[1.5319148936170213, 3.3031914893617023, 41.659574468085104]
"b'k0sfr75fgFpwwf_BBdnm9w'"	[1.5421686746987953, 3.3313253012048194, 44.65060240963855]
"b'k1mNR7eIi-UWVmj_t23Yog'"	[1.8220338983050848, 3.6758474576271185, 99.71186440677967]
"b'k4AzyNM7a9gtg7-Ig4ZsWg'"	[1.6239067055393586, 3.5495626822157433, 71.47521865889213]
"b'k7-UuMFIGcbgmP6RY0Gn_Q'"	[1.6122448979591837, 3.5830903790087465, 75.36151603498543]
"b'k76zkFY6PbIW4T_Riq15pQ'"	[1.41991341991342, 3.5259740259740258, 48.85281385281385]
"b'k9RUMKASTB6QZ-NkfnN8Fg'"	[1.64, 3.617142857142857, 79.29428571428572]
"b'k9wv5-0u8q4S75MIaTX6aA'"	[1.6106442577030813, 3.5672268907563027, 72.33053221288516]
"b'kDCmjSgYGn8MbQsnO5UJnA'"	[2.0, 3.75, 44.0]
"b'kDu6EvknXAygJf1KSfwhUA'"	[1.5368421052631578, 3.331578947368421, 42.757894736842104]
"b'kEIe_lyBKdFB6Hv_wsUYaw'"	[1.6388888888888888, 3.4305555555555554, 79.33333333333333]
"b'kGmntPru09mK3w8uD8oI8g'"	[1.3928571428571428, 3.4285714285714284, 27.25]
"b'kM0RJz-fyNaGk_EH765RKA'"	[1.4285714285714286, 3.511904761904762, 68.30952380952381]
"b'kMn3BMwhyi_kG8pYRGqUtw'"	[1.6242774566473988, 3.5679190751445087, 72.71965317919076]
"b'kOUnvmGamiw90BfmthoQGg'"	[1.626086956521739, 3.566666666666667, 72.29565217391304]
"b'kPr9rYEkGwbRLgUHvKljQQ'"	[1.556701030927835, 3.536082474226804, 53.134020618556704]
"b'kUtQT0IgfJaBE-5uP0r4sQ'"	[1.6253602305475505, 3.564841498559078, 72.44668587896254]
"b'kVXyz0mYd7NaGuGdM_VMeQ'"	[1.42, 3.59, 56.44]
"b'kWItkhjHRuzfC11CP1E0ZQ'"	[1.75, 3.375, 53.625]
"b'kbJsnDn5GWNMC1XsXpJ5Rg'"	[1.6418338108882522, 3.621776504297994, 78.64469914040114]
"b'keQlXWfz2K7GukqaReVyow'"	[1.45, 3.5125, 54.175]
"b'khHxKm1_x6syS5W2LTX0lw'"	[1.59375, 3.4140625, 47.296875]
"b'kjV76iCWwQedixbRIvC9gQ'"	[1.6119402985074627, 3.8208955223880596, 107.67164179104478]
"b'kjs2IutpZINFnTWx4r6j0Q'"	[1.1666666666666667, 3.8333333333333335, 41.916666666666664]
"b'kqrhy8kaxvqqbsGpVKRyAg'"	[1.622093023255814, 3.553779069767442, 71.46802325581395]
"b'krsjoEks-XF-PLKjOJW66A'"	[1.5, 3.5, 35.0]
"b'krysT2aEJWNoEUYFF7JmkA'"	[1.6421052631578947, 3.8684210526315788, 98.6421052631579]
"b'kz5UANVmPxpllcoLnZBNhg'"	[2.0, 3.25, 5.5]
"b'l40bwGID1swnFoX-PvmTEw'"	[1.5344827586206897, 3.163793103448276, 36.689655172413794]
"b'l6ChWz5fwhkvuEmThuFl5w'"	[1.7739130434782608, 3.8043478260869565, 95.48695652173913]
"b'lCWebOwMT2T5WKyA_xb8HA'"	[1.4448979591836735, 3.5387755102040814, 50.73877551020408]
"b'lFZathO8GnCiB7KtkeDsNQ'"	[1.6229050279329609, 3.548882681564246, 70.68715083798882]
"b'lJDnML8EVAc_muLXhN32Yw'"	[1.4854368932038835, 3.495145631067961, 54.95145631067961]
"b'lMeWUHAkBUXwcuX1tGTdtw'"	[1.5, 3.0, 12.0]
"b'lPsT-Rmmf6333z6h6ANHrw'"	[1.6242774566473988, 3.566473988439306, 72.48843930635839]
"b'lUBlgJ-rDDdwpi6d38L2tg'"	[1.6129032258064515, 3.5747800586510263, 74.9882697947214]
"b'lYbyy6TTmpk_mlYuYAWkDg'"	[1.85, 3.725, 105.55]
"b'laERkVWfXVeQcjMSNe65SA'"	[1.6211699164345403, 3.5473537604456826, 71.5292479108635]
"b'lbFkq0Ac2nXeeWBCJ0jZRA'"	[1.5769230769230769, 3.1153846153846154, 36.76923076923077]
"b'lc9RZgA1FYbaJp4JQ4gm0Q'"	[1.835978835978836, 3.7142857142857144, 105.55555555555556]
"b'lk9FXwKCOxIvXAWF8zr_Zg'"	[1.6436781609195403, 3.617816091954023, 78.76149425287356]
"b'lqtybK6_GjSqhK8U55Mc7w'"	[1.565217391304348, 3.4782608695652173, 69.65217391304348]
"b'lv_ngvbgwcP5pd2hauMOTw'"	[1.25, 3.7916666666666665, 24.583333333333332]
"b'lwGYjicqmjZqbPq_ZPS3_w'"	[1.55, 3.275, 52.75]
"b'lw_vRdg4qUprQEgWDG6czQ'"	[1.5789473684210527, 3.1403508771929824, 36.64912280701754]
"b'lzD08INl2DDUcDGHXsMkmA'"	[1.6242774566473988, 3.5621387283236996, 72.5693641618497]
"b'm305DapBPrW4zwF20KbFoA'"	[1.6434782608695653, 3.6231884057971016, 79.74202898550725]
"b'm3Gjw27yTlmNYG1cuTWlBw'"	[1.6171428571428572, 3.5514285714285716, 71.04285714285714]
"b'm9ZzN90XEU36YnoPIFzkmA'"	[1.6666666666666667, 3.3333333333333335, 54.611111111111114]
"b'mCtkHCPp7OFZtqO4Fzlp1A'"	[1.4545454545454546, 3.3636363636363638, 28.272727272727273]
"b'mEuXIK4Njq37DBLmMlz_0g'"	[1.1666666666666667, 3.5, 31.166666666666668]
"b'mJAhCy5XbkaeQqMN05h4Yg'"	[1.5568181818181819, 3.3068181818181817, 43.96590909090909]
"b'mKT30qU_MlLj4Ps82JAZ8w'"	[1.588235294117647, 3.1911764705882355, 30.352941176470587]
"b'mOzxFBAHWwpuH7u5xP0oHw'"	[1.6124260355029585, 3.576923076923077, 75.13609467455622]
"b'mQBYABs6w5h3BLcsxn1YuQ'"	[1.608695652173913, 3.5739130434782607, 74.77391304347826]
"b'miiptVrDH-qHT4wmI-Lk8g'"	[1.569767441860465, 3.3197674418604652, 44.56976744186046]
"b'mswIIlZm3ji6lLAjI3mKBQ'"	[1.469387755102041, 3.6122448979591835, 82.44897959183673]
"b'mtjvQctnZEB-c__x5LXCvA'"	[1.6189111747851004, 3.5530085959885387, 70.96561604584527]
"b'mzq_UgBRWsxTjb7oBNajWA'"	[1.6176470588235294, 3.323529411764706, 74.97058823529412]
"b'n28_5ElTCVkhP-9BTgQGgg'"	[1.5862068965517242, 3.1379310344827585, 36.672413793103445]
"b'n5BPR_prEPB4B3lxUpoX4g'"	[1.6183844011142061, 3.5473537604456826, 70.66573816155989]
"b'n8tzdLv8oREwZF6e8u7Hkw'"	[1.5576923076923077, 3.2788461538461537, 42.92307692307692]
"b'nD_SylumoZnWevDlWcyGcQ'"	[1.638728323699422, 3.617052023121387, 79.34971098265896]
"b'nFWrKmBJvzbHZT090D-Mtg'"	[1.388157894736842, 3.5559210526315788, 45.16447368421053]
"b'nJClfvVwSrr2uuo_y2wO4w'"	[1.5416666666666667, 3.2569444444444446, 46.22222222222222]
"b'nM2Jl9GS7IGlluey8ieivg'"	[1.546875, 3.15625, 35.46875]
"b'nOThVrdk5atLvIEC54pBOQ'"	[1.819905213270142, 3.699052132701422, 105.40284360189574]
"b'nQNjtPpAHw0A8FZj1hPajQ'"	[1.625, 3.613372093023256, 76.61337209302326]
"b'nTj1Yi5TyRErrP8k8H3C3g'"	[1.7, 3.625, 73.5]
"b'nVw5MK7dBw_JzoH82DCfJw'"	[1.6311239193083573, 3.6138328530259365, 76.6657060518732]
"b'nWP6dgMGmihB7yMsIRmcPg'"	[1.3928571428571428, 3.4285714285714284, 27.535714285714285]
"b'n_EdZHrdiLSaO6IMr5RyWA'"	[1.5783132530120483, 3.5180722891566263, 54.28915662650602]
"b'naPGOTVEpRZavvn9-sFg8A'"	[1.8383233532934131, 3.7934131736526946, 109.96407185628742]
"b'nfxPOAs7FxnLZHKBpP6S5A'"	[1.7331189710610932, 3.6141479099678455, 85.85530546623794]
"b'nnGqETrosXjIcqP4CFUK8A'"	[1.6666666666666667, 3.0416666666666665, 22.583333333333332]
"b'npqc1DO90A5TzavGmYyGhA'"	[1.4897260273972603, 3.517123287671233, 57.54109589041096]
"b'nsfOIWfXpJVylXvryjEcNw'"	[1.5476190476190477, 3.2261904761904763, 47.714285714285715]
"b'nsgwXdmlWimq9zQ-E3mfMQ'"	[1.5729166666666667, 3.5260416666666665, 56.0]
"b'nsw3tlB-hwz4KbPYcuaSww'"	[1.5, 3.46875, 49.75]
"b'nzUA0vgcta7OPwpWPbe7Ug'"	[1.5166666666666666, 3.55, 79.2]
"b'o-D37YVIe0-ravg2HBG8Jw'"	[1.368421052631579, 3.4210526315789473, 32.89473684210526]
"b'oHcGE5r2k4GgtIFqgZS2GQ'"	[1.5666666666666667, 3.316666666666667, 44.3]
"b'oKYUMYQI7AkjCJdRsKlqtg'"	[1.6666666666666667, 3.613095238095238, 82.01488095238095]
"b'oS-xaHI0FLjfEzHuuL4GKw'"	[1.1538461538461537, 3.9615384615384617, 48.53846153846154]
"b'oSrTdvRGrJ24ofcquIFoPA'"	[1.5238095238095237, 3.142857142857143, 32.857142857142854]
"b'o_nzVUVvwBYl3itDdzMddw'"	[1.2857142857142858, 3.8214285714285716, 24.714285714285715]
"b'oezMXnkdUQMuMH7RuKaiyw'"	[1.622093023255814, 3.5494186046511627, 70.95930232558139]
"b'oglIZt5mg2nErhpTH_AakQ'"	[1.736842105263158, 3.5526315789473686, 73.10526315789474]
"b'opdNlNy2oGE2mxuS0SXR1Q'"	[1.437246963562753, 3.5040485829959516, 50.441295546558706]
"b'ovB8CTMCU6RTB9xTrOT_kA'"	[1.8284023668639053, 3.7514792899408285, 106.38461538461539]
"b'ow93ue9XJa0uesCmdnRhEw'"	[1.3333333333333333, 3.75, 25.833333333333332]
"b'oyoMj4yTMybdMRADjFPXiA'"	[1.5257731958762886, 3.5103092783505154, 47.56701030927835]
"b'ozAb1TjLJqRH_3pb8TaPTw'"	[1.5769230769230769, 3.144230769230769, 38.55769230769231]
"b'p43Do6Lc9zdUMBFIVT3c0Q'"	[1.4398340248962656, 3.5228215767634854, 49.93775933609958]
"b'p4h2-y4muYzTr94pBT4mZg'"	[1.5483870967741935, 3.1774193548387095, 36.096774193548384]
"b'p4qvXkb34X8hgidxEZ33Gw'"	[1.6136363636363635, 3.8806818181818183, 89.17045454545455]
"b'p5LmGtCNBI74xmwhSmyo8Q'"	[1.5166666666666666, 3.5416666666666665, 78.81666666666666]
"b'pH9HF3GfJKJAdKDHcoUI4w'"	[1.6202898550724638, 3.5652173913043477, 71.88985507246377]
"b'pNgDhHaeFkWQW71NzT9wzg'"	[1.2222222222222223, 3.4166666666666665, 34.388888888888886]
"b'pTvL6Upfp91J1ryrCZpzgg'"	[1.46, 3.64, 52.82]
"b'pUmECN5N94AQAe0DtptuYA'"	[1.8133333333333332, 3.776666666666667, 111.07333333333334]
"b'paNjgpMDRhNzBj6xzhHPVQ'"	[1.125, 3.4375, 21.0]
"b'phrJCsa0I_OEWExpiTET8A'"	[1.53125, 3.5, 54.03125]
"b'ppyUsjr_baAojLKyAAO1uw'"	[1.6331360946745561, 3.6050295857988166, 77.40532544378698]
"b'px2hJjx46o5OoTud_AdUHw'"	[1.5909090909090908, 3.3181818181818183, 52.36363636363637]
"b'px5h245j44u_a2bRjDpBxQ'"	[1.415929203539823, 3.5287610619469025, 48.49557522123894]
"b'q7O9lH4PaBZj3FTIhRYnkQ'"	[1.5595238095238095, 3.3214285714285716, 44.29761904761905]
"b'qB5m-TgJx_zeWKLLxKRfUA'"	[1.519736842105263, 3.5279605263157894, 58.5625]
"b'qLYNdv7bgA7OOOKTxu0giA'"	[1.6436781609195403, 3.617816091954023, 78.63218390804597]
"b'qW3PBsThG4A3bXz4YnPvIw'"	[1.2222222222222223, 3.462962962962963, 29.40740740740741]
"b'qaa9M_pUfOv0BPRcnulk4g'"	[1.6421052631578947, 3.8684210526315788, 98.94736842105263]
"b'qkDlRkNfrXE_4t2vMrTo0A'"	[1.6404833836858006, 3.602719033232628, 77.19335347432025]
"b'qnuBmj3lL_S_QQOmTI9cfw'"	[1.625, 3.6119186046511627, 76.72674418604652]
"b'qv1GkpAHu6FszLnWt-kojQ'"	[1.6135693215339233, 3.5678466076696167, 73.12979351032449]
"b'r4RCtOZxp0nXpuoN_Usd1w'"	[1.542857142857143, 3.2642857142857142, 48.97142857142857]
"b'r5qUfdiSL2_hHfdqXBJAMA'"	[1.5396825396825398, 3.1507936507936507, 35.476190476190474]
"b'rECtpzeqtOdR5gIWiXoGfQ'"	[1.6344086021505377, 3.870967741935484, 99.84946236559139]
"b'rIgbi8lCr85UIKSQDVetZw'"	[1.5, 3.5, 34.25]
"b'rK07YAIZJBFrvx7Z5k39_g'"	[1.6213872832369942, 3.5635838150289016, 72.6907514450867]
"b'rKUyL4Bbgd_ipQI3F9i3tQ'"	[1.5425531914893618, 3.3297872340425534, 43.670212765957444]
"b'rLJsrXyY61bouCfH58PKIA'"	[1.6666666666666667, 2.9444444444444446, 25.666666666666668]
"b'rLwxan_oYkL-m8ldqsHuiA'"	[1.603448275862069, 3.1379310344827585, 36.08620689655172]
"b'rQl6EuSaEfFLJhMw9lR0xQ'"	[1.7857142857142858, 3.7142857142857144, 93.07142857142857]
"b'rU9pDF4Ir0GlgEbx6cXSYA'"	[1.5473684210526315, 3.3210526315789473, 43.26315789473684]
"b'rZRxuGOxTaf11VcsMviQwQ'"	[1.403755868544601, 3.539906103286385, 48.38028169014085]
"b'rck304cyCwAxQbUAOuuMwg'"	[1.5396825396825398, 3.142857142857143, 36.15873015873016]
"b'rcqcUiO5vw7nBcmpJ7Y8Wg'"	[1.489795918367347, 3.795918367346939, 100.55102040816327]
"b'rdXAuI2fKilcf65W-QoASQ'"	[1.5555555555555556, 3.311111111111111, 43.233333333333334]
"b're8VPkZFSdkj1TvDKtCWYQ'"	[1.75, 3.5, 54.0]
"b'rmNTGiMG8NH31b88tUNNfw'"	[1.629737609329446, 3.60932944606414, 77.1865889212828]
"b'rn2uglsCXkHq5eWppZkjGQ'"	[1.5965909090909092, 3.5454545454545454, 68.84375]
"b'rnCmWkRXSWNgwC6TYGxp5w'"	[1.6408045977011494, 3.6192528735632186, 78.6896551724138]
"b'rnx0KHHTD9Yvr2BWAWwQ4g'"	[1.3877551020408163, 3.642857142857143, 79.06122448979592]
"b'rr-8WQv7TWFP3c83ypc4Cg'"	[1.5454545454545454, 3.3484848484848486, 51.54545454545455]
"b'rvsye09KiUNW_Xa3mygo3Q'"	[1.6585365853658536, 3.4634146341463414, 78.2439024390244]
"b's-2MJj4o8SGOKGcNjmfx6g'"	[1.6160220994475138, 3.548342541436464, 71.15745856353591]
"b's43P_mLoOI348Ts_O3kTTg'"	[1.6242774566473988, 3.560693641618497, 72.72832369942196]
"b's44Pr0mXmAtxiRqz_m9CPA'"	[2.5, 3.0, 67.0]
"b's8sAe29mA8q1eQwdC1qAKw'"	[1.6242774566473988, 3.569364161849711, 72.70231213872832]
"b'sBoifVfW-caU7Hq05QMJgw'"	[1.6938775510204083, 3.826530612244898, 95.83673469387755]
"b'sPd3E7lFzd_yooiq-ekxtQ'"	[1.5, 3.3863636363636362, 42.72727272727273]
"b'sPtBFklthW_Eq-SAAp068w'"	[1.697674418604651, 3.8197674418604652, 93.97674418604652]
"b'sUGlSS0AF2xPYFEjvKJbSA'"	[1.550561797752809, 3.3146067415730336, 44.38202247191011]
"b'sWWMidrpQmXOhCTrs6xAZg'"	[1.6528189910979227, 3.612759643916914, 80.97032640949556]
"b'sXYkjcuGhtaYP8yeQPaHgA'"	[1.6389684813753582, 3.616045845272206, 78.63037249283667]
"b'sbOlgkiKttP4Cq_p6Z-f4w'"	[1.622478386167147, 3.561959654178674, 72.04899135446686]
"b'scCQqfGfHipwVV43opvMJw'"	[1.5, 3.35, 20.1]
"b'scLsLrgdvccvkPZADAj5Qw'"	[1.6229050279329609, 3.5446927374301676, 71.56145251396649]
"b'sdfmHavBrOZMMsiBv2sg7g'"	[1.6296296296296295, 3.888888888888889, 73.96296296296296]
"b'skJ-AlN0DT9pmBDz0ixeJw'"	[1.6162790697674418, 3.5857558139534884, 74.78197674418605]
"b'sqOoaTxzCS6w2T-QNKhUiw'"	[1.6160458452722064, 3.5687679083094554, 74.34097421203438]
"b'svPjZWp4Pa32fwI2gNlxJg'"	[1.3846153846153846, 3.4038461538461537, 26.653846153846153]
"b'szUlmJA4MfIhi7xbtsQPYQ'"	[1.6275071633237823, 3.5702005730659025, 73.88825214899714]
"b't-LnJne10SHAWATKYdQdJQ'"	[1.4722222222222223, 3.4583333333333335, 48.25]
"b't-NF_3LecjuOlwiK-Gx2KQ'"	[1.588235294117647, 3.1372549019607843, 34.80392156862745]
"b't1w-AqAHPL-apnKtoboodQ'"	[1.5853658536585367, 3.5060975609756095, 54.18292682926829]
"b't5fosfj3K4SXi20u5tSOIw'"	[1.8402061855670102, 3.7422680412371134, 106.33505154639175]
"b't67GMPZ0cv_ItKlID-JFiQ'"	[1.558139534883721, 3.616279069767442, 74.44186046511628]
"b'tAsTOl-mrPX3kiiyz1a1TQ'"	[1.625, 3.546511627906977, 71.42732558139535]
"b'tMfGHhwGZDXuWZQHd1a0OQ'"	[1.5116279069767442, 3.627906976744186, 54.83720930232558]
"b'tORH_LDga3t1bbuluhuxiQ'"	[1.5952380952380953, 3.4166666666666665, 75.23809523809524]
"b'tSzIHI6ioblP1WEQAQNbhw'"	[1.6213872832369942, 3.565028901734104, 72.4971098265896]
"b'tTjXkqN-XVLIP3Vk9EozJg'"	[1.6138328530259367, 3.5720461095100866, 74.22766570605188]
"b'tZOMMBJEzkJo6okIwG1Pmw'"	[1.5, 2.125, 19.5]
"b'tiaSRKBTb7edKIB4V5qFKg'"	[1.7346278317152104, 3.6100323624595467, 85.97411003236246]
"b'tnRZmWnVnq25S0Hd4h-L_A'"	[1.6430594900849858, 3.6274787535410766, 79.6685552407932]
"b'tr7wv-dDSQBdMzEqEJILQA'"	[1.6597633136094674, 3.616863905325444, 82.14201183431953]
"b'tsDdetbc4qtzgAPtcLH87A'"	[1.4019607843137254, 3.5294117647058822, 50.955882352941174]
"b'tt96sjIQIKgtGEvRHhLfBg'"	[1.5617977528089888, 3.331460674157303, 44.73033707865169]
"b'tvESBMlJsaARw6hXoRCdjQ'"	[1.5573770491803278, 3.1311475409836067, 34.868852459016395]
"b'tyo6QzKpnUVTjXoq91FBuQ'"	[1.0, 2.5, 9.0]
"b'u5YFVrxuifUxuMRbRVC6AQ'"	[1.5936599423631124, 3.537463976945245, 69.23342939481267]
"b'u6sbx5j-06KmPxUwY_mDqg'"	[1.6198830409356726, 3.6008771929824563, 75.79824561403508]
"b'u84eyOBILlFQIc8fMFCoig'"	[1.5416666666666667, 3.3125, 42.822916666666664]
"b'uC3qwaxsOkdJzpOc0v1Mog'"	[1.6333333333333333, 3.3833333333333333, 75.3]
"b'uGCAHzEcSXAhRxtDv0M2dA'"	[1.5853658536585367, 3.4939024390243905, 54.426829268292686]
"b'uSANDilamc1QSiCinFSKYw'"	[1.511111111111111, 3.2777777777777777, 42.18888888888889]
"b'uTGV1_Bu-B26_RoHAMi2BQ'"	[1.5384615384615385, 3.3333333333333335, 44.205128205128204]
"b'uWZKPQs_TVi5qHeL0jIOCw'"	[1.6345029239766082, 3.6067251461988303, 77.50877192982456]
"b'uYoSb2rNi77LMQZ-Nn1Epg'"	[1.6094674556213018, 3.576923076923077, 75.55917159763314]
"b'u_A58uX7x7AEOKOboFGFpg'"	[1.5365853658536586, 3.207317073170732, 46.68292682926829]
"b'ubEa6XiMt6gOJ9xsUkbpEw'"	[1.6340057636887608, 3.61671469740634, 78.63112391930835]
"b'ud_eRNQafA2cW2ZFqfTeww'"	[1.6122448979591837, 3.574344023323615, 73.8396501457726]
"b'ues2rFe_hbRC7s232PX5QA'"	[1.6389684813753582, 3.6189111747851004, 77.99426934097421]
"b'ugdUuApH3pYXggW5qpbALg'"	[1.5714285714285714, 3.380952380952381, 18.761904761904763]
"b'uoUa8ugZLrly0bA268IqEg'"	[1.4649122807017543, 3.543859649122807, 40.780701754385966]
"b'uoV4aDfXbRmvyHSezdn--w'"	[1.6, 3.25, 49.35]
"b'upI-oDFUBr_P9Q_waV7rmQ'"	[1.4439834024896265, 3.524896265560166, 49.90871369294606]
"b'uqnFLc-1MxWw5f4SIyEf4Q'"	[1.3928571428571428, 3.4642857142857144, 27.5]
"b'utC9M5BetVY6GECRyZeLEw'"	[1.540983606557377, 3.1475409836065573, 35.78688524590164]
"b'utQbhURq2LEPZX7XjmYB3g'"	[1.8246445497630333, 3.6966824644549763, 103.70142180094787]
"b'uteI0OIVarN_qkmORgPPgg'"	[1.5818181818181818, 3.109090909090909, 36.81818181818182]
"b'v14P9-vB1yjxFfFEYEWudw'"	[1.631268436578171, 3.606194690265487, 76.89380530973452]
"b'v2AAGuPuH2QGGwosWZw_qA'"	[1.5238095238095237, 3.2261904761904763, 43.88095238095238]
"b'v3AS5LGeV2Si4nOHZ7lgxQ'"	[1.4, 3.611111111111111, 81.24444444444444]
"b'v3Ec04i6x7NC1B7YFoA4GQ'"	[1.4615384615384615, 3.5384615384615383, 70.82051282051282]
"b'vKlfioFE5L-ZSUIbg0NY3Q'"	[1.6094674556213018, 3.5724852071005917, 75.5]
"b'vL2XhH5KWVY9ZV6SCjmwCQ'"	[1.475, 3.45, 47.55]
"b'vR5Hppx__U_VXObK8VPLOw'"	[1.630057803468208, 3.6083815028901736, 76.53757225433526]
"b'v_2mB4t9m8DpIb_aM-qXLA'"	[1.574468085106383, 3.5106382978723403, 70.44680851063829]
"b'vahVdHsH5HjThT0Sa2mThQ'"	[1.4696969696969697, 3.696969696969697, 88.27272727272727]
"b'vn5f16PcHU-feucWgK7r1g'"	[1.4427480916030535, 3.5381679389312977, 52.396946564885496]
"b'vzqzoa-plufwTsQUwW_s6Q'"	[1.5, 3.4305555555555554, 47.77777777777778]
"b'w53wITixOgDFWld-X1mMng'"	[1.6132596685082874, 3.552486187845304, 71.67127071823204]
"b'w5eLKjDBu8N_tHtXKe4j-g'"	[1.6124260355029585, 3.5724852071005917, 75.48520710059172]
"b'wEisic-u9Yj543iYzfpAhw'"	[1.525, 3.3125, 43.7875]
"b'wGPZCNenq5HYb50Ip9NXAw'"	[1.46, 3.6, 81.16]
"b'wGh7BXk_Yg7VXgb-_VObGQ'"	[1.5689655172413792, 3.103448275862069, 36.98275862068966]
"b'wL4xGOaJcpsWxbd8OIS05Q'"	[1.4285714285714286, 3.6020408163265305, 55.57142857142857]
"b'wNdTKpis6nxehbaZP0XwJg'"	[1.6296296296296295, 3.8703703703703702, 77.92592592592592]
"b'wOZUfs_p_AO1zXGkBcX2Bg'"	[1.3793103448275863, 3.5172413793103448, 27.344827586206897]
"b'wPRMHVXKndQZj2Or2mCz8A'"	[1.4333333333333333, 3.6166666666666667, 89.1]
"b'wQgY7CdljLdCJm6XIk1HuA'"	[1.619047619047619, 3.546218487394958, 70.5546218487395]
"b'wUqqq1nUFA8Fn-3vYYFyWQ'"	[1.6142857142857143, 3.5557142857142856, 70.59142857142857]
"b'wX8btbqgyFh0yHgmyR8ovA'"	[1.5211267605633803, 3.7183098591549295, 94.92957746478874]
"b'wbia2cGn5pUSCZGLYTu0kw'"	[1.61671469740634, 3.5504322766570606, 71.4178674351585]
"b'wj98N3Jc8uZLiEML_J566w'"	[1.1538461538461537, 3.3076923076923075, 42.76923076923077]
"b'wjGIbeYiciz3ynYIEWCRHQ'"	[1.6122448979591837, 3.2448979591836733, 53.02040816326531]
"b'wsmVIHJEi9J_38dXx2qLKA'"	[1.4, 3.609090909090909, 85.34545454545454]
"b'wt6SJHPEknFUWjn67_wKoQ'"	[1.2, 3.05, 28.9]
"b'wvCU61bSTtO8Cj7dhyrfMw'"	[1.5473684210526315, 3.3263157894736843, 41.95789473684211]
"b'wwnuIvnVLgpEZOKzcdfDhw'"	[1.6666666666666667, 2.6666666666666665, 33.0]
"b'x7WmDyWVYUy4sPfT69nk5w'"	[1.6225352112676057, 3.547887323943662, 70.84225352112676]
"b'x8EXXJpcbrIeaVefej2aJw'"	[1.6111111111111112, 3.361111111111111, 51.55555555555556]
"b'xI8GXDAdJcPX5dIP0acBvw'"	[1.6179775280898876, 3.556179775280899, 70.45786516853933]
"b'xStWlT67YUdrdhfrNP0eQQ'"	[1.6067415730337078, 3.904494382022472, 98.42696629213484]
"b'xVpE01l6ZXdEtVf5PkRpDg'"	[1.8229665071770336, 3.7057416267942584, 104.5933014354067]
"b'xd94CG9wqwLQvPsrSC1l9A'"	[1.411764705882353, 3.6176470588235294, 78.19607843137256]
"b'xhc-bSw2Cz2Inskzjve3Rg'"	[1.5108695652173914, 3.282608695652174, 41.57608695652174]
"b'xkF-0GL_TKkU51xWpItBTQ'"	[1.5526315789473684, 3.289473684210526, 48.71052631578947]
"b'xkdgCrkgfbI80Htst6-Lbw'"	[1.6111111111111112, 3.361111111111111, 52.27777777777778]
"b'xtDZdPaHwhAwoo77QV9Oeg'"	[1.588235294117647, 3.323529411764706, 77.02941176470588]
"b'xzGUXMDKa2xw_TJ2n4WrNw'"	[1.5675675675675675, 3.27027027027027, 47.62162162162162]
"b'y-1sMhUMubrHWdIW4FaE8w'"	[1.2, 3.7, 36.2]
"b'y1H7Q7rN9JmySXvwDVYD8A'"	[1.5, 3.486111111111111, 50.888888888888886]
"b'y2I0Yt6yr48ZgUvR3Pe7Fw'"	[1.3333333333333333, 2.8333333333333335, 50.0]
"b'y2YHddCEO-OLukNppajGIQ'"	[1.5625, 3.5364583333333335, 55.65625]
"b'yLH9mFFwOlzFB_fYKpSyLw'"	[1.6329479768786128, 3.6098265895953756, 76.83526011560694]
"b'yLrCSSrSnpxB-0ZEPt19jA'"	[1.6153846153846154, 3.5754437869822486, 75.23076923076923]
"b'yPgUkQxj8CYPKF89HV65kg'"	[1.4893617021276595, 3.5851063829787235, 58.680851063829785]
"b'yYgeUm-8qXhZiqTrVyQrKg'"	[1.7346278317152104, 3.6116504854368934, 85.72815533980582]
"b'ya6BOrPTHYLKo2ectBd1EA'"	[1.5324675324675325, 3.3376623376623376, 44.103896103896105]
"b'yfvldEvsIfzcvWqmU8un3w'"	[1.55, 3.35, 19.75]
"b'ygjJmeiGoO--QpTqJ_kZjA'"	[1.6176470588235294, 3.338235294117647, 77.55882352941177]
"b'ymGn0eZHFM0bI8Ig0EVXWg'"	[1.5833333333333333, 3.2916666666666665, 49.833333333333336]
"b'ytX-rw4wwOgmzr1n5RuxpA'"	[1.6876876876876876, 3.6036036036036037, 85.1981981981982]
"b'yvqMh9kTv3Kx-tocc0DFBQ'"	[1.8412698412698412, 3.7142857142857144, 104.91005291005291]
"b'yxj0P4O-ydn2KTzOut86QA'"	[1.5360824742268042, 3.314432989690722, 42.97938144329897]
"b'z2Etq4K6YwbV7P5ENVYEgg'"	[1.5405405405405406, 3.4594594594594597, 49.729729729729726]
"b'z9DkYC3QDQ-Bln94sYGdsA'"	[1.6585365853658536, 3.426829268292683, 78.07317073170732]
"b'z9lOfnUorcbWR_xS0DSeHw'"	[1.6213872832369942, 3.565028901734104, 72.28612716763006]
"b'zEGAtxktaC-r5IvvZVgjoA'"	[1.6311239193083573, 3.612391930835735, 76.7406340057637]
"b'zERyZLsAyB47bMZlfUV-SQ'"	[1.6228070175438596, 3.608187134502924, 76.48538011695906]
"b'zINKP9rtvo2IUKTZoYJUvQ'"	[1.628654970760234, 3.608187134502924, 76.86842105263158]
"b'zRPAUz1Y2pF9GAKyaGdBlw'"	[1.6239067055393586, 3.5481049562682214, 71.45772594752187]
"b'zXb5pP4zMHvmusweYfr9TQ'"	[1.5473684210526315, 3.336842105263158, 42.85263157894737]
"b'zY5Y1rYbS_6zrs1s5Ea2SA'"	[1.5416666666666667, 3.3333333333333335, 42.84375]
"b'z_2Kc8bPWv0cGEO_jZzxWw'"	[1.5543478260869565, 3.3206521739130435, 42.630434782608695]
"b'zi_qqjCzkerE2dT-ViE2JA'"	[1.6686217008797655, 3.62316715542522, 83.4574780058651]
"b'zjkZ0apVnRKpF_vSyGNkQA'"	[1.6169014084507043, 3.552112676056338, 70.63380281690141]
"b'zjwdU1OdlbKTGjm-IfD4TQ'"	[1.7597173144876326, 3.6236749116607774, 90.0565371024735]
"b'zx_eg_zbs2pyDU4QmCXE1Q'"	[1.540983606557377, 3.2295081967213113, 40.22950819672131]
