"-0DET7VdEQOJVJ_v6klEug"	0.3782763874654888
"-0T0jfPnuBRdpNTXpOQZcA"	0.463070815749842
"-2lSbNMhXKYu7URjEE59qA"	0.44835916345093274
"-56TP_w4VG2oNGpauDMOOQ"	0.4888074662487995
"-7EwIdxcRC5McO35DVfeSQ"	0.3561446544532483
"-DtaPJJ-beogNkDKusGhlA"	0.5333905362459064
"-I7Vz5eDjc63xKmmt4Qx4g"	0.35053692764834543
"-Lgj3gdQZiVngAEc1yALzw"	0.2590794465095408
"-QOz-2NrDkXjgKYEGBQZhA"	0.4344310276578392
"-WE0z2uUAajXvd-fRmHS5w"	0.3957179266351294
"-aXiRp2vp8Ax3BWQsk8hpg"	0.3413420060102217
"-e_LJpqkw3Yrb8CamUIEPw"	0.47033607280962997
"-iJTY1Ni2XKzSERbMP5kJQ"	0.4319332599856216
"0-8DTqVaY9RJU0PAWD2l6Q"	0.31258108670164775
"0-jZq2P4eN7fRdt4Ls1QZQ"	0.054146958479451925
"00idQeDRVoL8WN4J7TnEJQ"	0.4928633451649018
"08BzkGvs4Z3c-oFrk3AqTA"	0.5059783354775479
"0Bv0vFPdBs_E_5r1s3tHCw"	0.47765865566705995
"0C38ezzbBX-dWxpnnwYAzg"	0.22765796689947268
"0F42T07SdUQY24pidn9QwQ"	0.46612832263765497
"0KQE_-HWEAL_eBKIsEFf3Q"	0.5472872817229547
"0M3KCmdY-_xlIu5vEqVq4A"	0.3152611434388296
"0MCXyrNQGaqdYBcAwh3anQ"	0.47050780833961264
"0OQHtON0BsQPL0235RC5xQ"	0.26367337448990613
"0PM5oFKO29sZmL5efmHxug"	0.4279206459696679
"0R87tcWUqkWXAD5z0vZcuQ"	0.3568115552444129
"0VtWeDkqzj9CE3MF0geWYA"	0.1656387095142197
"0XlbdDkYzC14SZF_bUGeXA"	0.2965927238210824
"0Y9iJRZO0fKEPKGKKzNoxA"	0.3520335143867708
"0YCu9KDTnYq0GlZegh9XPQ"	0.3312305740270083
"0ZQCJO-btoKOk3mErTYKwA"	0.4488717882633403
"0tAbgK3TT6bNHtT4KOHZCQ"	0.28457480476208846
"12ZacUSAi2ApUIJuNL_S-g"	0.38099048443079564
"1CeWMRJwyFkQ-fc3MR1Dmg"	0.3887593663016823
"1Cylq9rdQ0JUgXsvvGtDBA"	0.5343510357026968
"1JsD-_kMCC3jZOMzJIaigg"	0.2868743397196726
"1PMwRG0uWGxk2hIVEQj62A"	0.24982305007001784
"1_rqZz1K5Uoq2RvZlINfgA"	0.19572766307116723
"1cGgVvEbuBlW2GDvJ112vA"	0.18991546916150603
"1lReBAd4iLe0rBLKiurw7Q"	0.34537374701646006
"1oD3ndgNI997hTEqkEh8EA"	0.5216575216067878
"2I855MSdyM6IEIcO3H3-HA"	0.5156562218137754
"2PrumlGyBhyqzS4m96FYtQ"	0.29463305152509256
"2affqR8mmNPuW1HdnFUAng"	0.44372793125726473
"2bYIP52sBrmZoVzziH2kfw"	0.5460271433455862
"2iSXzsmucGHn_NM51y29bQ"	0.43765790978223557
"2pHvdKA1J43-85mfVPvAyw"	0.37705377283773994
"300cN_XaArNzXKYrXYdr1Q"	0.3789061362531306
"3AWtQN1iX9n9DjRfvxMEWw"	0.4151638219934485
"3Wk0eWZKyw7oSFwIUhAf2g"	0.32314487095399924
"3fw2X5bZYeW9xCz_zGhOHg"	0.21156739701582855
"3phfrYKI1_vjlmJ2zQPAjw"	0.24202701839830196
"44a_evCaWZ63cPA1kWPJOw"	0.2654239534984955
"4Yi3mOofceLVKxiGDPBqMw"	0.25618112820888767
"4_knkqKbb0ZUYusiEzk2hQ"	0.5379335938691616
"4aqLu8WlKqrFlUiUY-vXMw"	0.3663836098252861
"4eAKvnILoB8n4wUWd3uy3Q"	0.39416850262949527
"4vLaHphDBWOy1aI7URQ75Q"	0.49725379320971796
"4x8N-KO2TFJFVveefrQiSw"	0.30854890639815663
"4yDbirWYY2WXPG4xC72rQA"	0.3362018738389904
"58OIHWEqadNaPPhbqtXX2A"	0.3094584357846328
"5CdMd2cmONeVqkWx_DNfAA"	0.26560895477899854
"5H4coiGpvG3XdnU1Nde2xQ"	0.39978783693213793
"5Qr0XNS4UPLoA22rY0ph5A"	0.32614518809287074
"5UNKDcEJC1FziV7uBczzfA"	0.3222171020049176
"5XVabANkehj7oH-Z7YZkwg"	0.42765558286908945
"5ubokMNw8qfbX2WtxgJG1Q"	0.31078603144934785
"63l89u6B9fHWdzY0RXUXqg"	0.519303905043535
"69opA0U-zaMsIOqyavMq2g"	0.23062309213455054
"6Bmq3b91hqTwMFn5cpPWzQ"	0.3956858057876221
"6MomUPA3w0JicziqJLumQQ"	0.44328625891890167
"6NWdAJFfW3w-CqUQAcH0uw"	0.30471084490889644
"6P9Vznv5XpaSYfUrefEcQw"	0.4716233941975381
"6ThiBVRWO3alyc7WJ9TMmw"	0.41943540797598633
"6ZsiLiSWGK2pgw6t3LfzNQ"	0.515677680402382
"6gMxIRoEMWDg-HqibN9aqw"	0.32532425660156855
"6i_EXDHikHWhhDipzMt8rw"	0.3917867398642782
"6mAyUJE0DI11jH-k7MX80A"	0.3269446012402844
"6p4Cu__KMSpDUqX4qVpCMQ"	0.2900892921633298
"6rv2q1906KMiJTW2QpXv6A"	0.2511252402086245
"6sATfFam9_q9uod0I2aCsg"	0.22262056598188976
"721zzieREzx5WBxY3khmmA"	0.22042266820415168
"7CHr-klnXenyow0H8b2Cyg"	0.35567198841820774
"7P0po-W1w7lKqJGG8UfPgg"	0.4878157259333466
"7RY6ARllxXFXYTTXtP-8Eg"	0.464108160501244
"7U5-h997PyWX4B8uMk4Tcw"	0.47651663754114615
"7Ym8NVxTO9b1FLGeWGp_Fg"	0.38661373669121885
"7n23TATDkmVVo6UzNI5UQQ"	0.5087393682020797
"7tzXkDX8HmpzRRoJyLBKcA"	0.1893944481428899
"7wFdubzWH4ig08AcoibXeA"	0.371145787770125
"7wi0yczEe3OC3P8CpkZz2g"	0.5859738539421089
"821Xtr_wwXqDc_ljjy5p6w"	0.35374379421928664
"82_uBRv_DfOIQi98KP52MA"	0.4896825114937709
"872bhARqHoDEljyEboTDew"	0.3296193365568188
"88TztTRS7K80OvWpolm4sQ"	0.4688542513899419
"8JvnGSxZAw-1qvw35xLyPQ"	0.4543310833271429
"8Moo70rNhVb8Ji9PQNS3iw"	0.4363238958544028
"8gzRJEmYJGTCdahRKcafXw"	0.5754873936503891
"8igSEuGdCMLFrwwXgU38kg"	0.43894762775872903
"8jl0zzTGajfSDpdVDPYn6Q"	0.3822730836404954
"8lPxiYChdJdTV24NJvOB3Q"	0.451669082561524
"8v7nrjG5K0cMleIP4Kit-w"	0.45912820381891634
"8xPmlVJy2o6x0J04CBpEMQ"	0.360538466849597
"9-lGjghZUEPmKyviTyYLUA"	0.44415849557100917
"941AKOPQOAu3POXoDL7pSg"	0.2822456660383779
"98mGyxngGTYlQvohB83eKA"	0.2098664722493175
"9AVuEdSl85ZEd49zrdsK5g"	0.4692219536257387
"9CJGlFmrHBt9htRv6on32A"	0.19148242996896384
"9b-rXZbHAAxv_0sSWlcyEQ"	0.37257491302745743
"9fKYo_6qLPofBbts0JAnSw"	0.2946964465216535
"9gmBTYCBC0uM6uCJdwK2Bw"	0.47988809670476246
"9nMoCP27LfPGo2Yu-6z1bg"	0.5464366817679152
"9ok8nLK-8emYWbt6kwd-HA"	0.5378771866699251
"9q_O836mXia6Lqkirl2Ynw"	0.3558014665895339
"9v9cMGBpUm_IzTuPfXXEOw"	0.4534479707726612
"A2aOwMcP0DxGPr2El7eifA"	0.43143683740015504
"A5lD3y2eREchEdMcvWPXBA"	0.3961785991747583
"AEDMHHsQ9FWb6hiv_RaQMQ"	0.3492856640753934
"AKO9zpHbyskr_E4TDMpRHA"	0.45506358868098895
"AL_dmG-SSeykB0X5SpDiwA"	0.4023837931220424
"ANbBHDf1PZp5bQCkEa8YsQ"	0.4629837329864565
"APLfzC4bgq7wVwq3aoDE9Q"	0.2486138380152782
"AY97dZLFOzhXyAKsQuEWLw"	0.3453296950297355
"Ac0kKKfYGM-vKORWCg20eg"	0.37805359960734564
"AhQ8vvgBOPJ4iFMC8ZbdNw"	0.4442547539815331
"AipRYo2T9Av3Tr0pVV_adA"	0.4701593049771178
"AnooUWnq68nDpMjXf2n4_g"	0.21749793691472513
"ArMzv0oa_-UndTK3o3HHWg"	0.4198991262365306
"AtUtG-oQp1rkk6ZdYcfSzw"	0.5114132673439389
"AuKKWh7jc1G7G_P_l8fd-g"	0.3759004232395258
"B4SQCxWWvOLlyqHBFrNlSw"	0.28556122414466484
"B9c_0pMFuDN6y6934MsmZQ"	0.39321786044750806
"BCa9j5GEo5lnEPywu-TiFA"	0.43961937224681763
"BWnVdK1W8i9kYU75u0DMHA"	0.46059919009421524
"BmSLyxm8b86dtzwuT7LqBA"	0.4414810668102
"C2C37kwDZ332qwlx_Cg4nw"	0.38404663888587204
"CAhoEZPcAEvBSoCxn_fAjQ"	0.04497004439183779
"CC8AIB3g1d88YVpmaUsVgA"	0.23444491197519146
"CG4KapQ-CXygjnqlN9ytLA"	0.260094952192399
"CMkayuNDHPcd1dxO32kJyA"	0.36335286956430257
"CP6huld0HBwnDMoH5YWSig"	0.3911564386863177
"C_MKyyEaJVUTldNujrnTZQ"	0.33983747839958117
"CbAZZVel3mXEUepuqtn_0w"	0.42364216862891335
"CbXrSVThJEIGYWKOwNzBUA"	0.2699541810021311
"Cgv6synb6E6XFp0wAS8oTw"	0.4412666688432784
"CkDonyHqcSw9b-mXgNc4TA"	0.310729392359449
"CmD8Nx5DW7eaFAax47Wlnw"	0.3990414644468573
"Cs8BaiKkyNU6mzxq9nTsmg"	0.42303102281093424
"Cx0wkl85Xdw9OCQkbXMjzQ"	0.3790907459954663
"Cy1bPenka65T2AUBAn-WkQ"	0.5070025385400009
"D84t4wCarKR7h9lbWZDFmQ"	0.42550201196814114
"DZtCOjxk8o3spThN215Gbg"	0.49579441113180006
"DaYA84gx1p7TvtsW14NuAw"	0.48284728192270326
"DbTpQB1BSi76naw2aHXouQ"	0.09257502075306333
"DeyZIjeRaVMVm2ae2YUkyg"	0.38186433225769684
"Dl-hhPCjRJM221XSwiuTbg"	0.4697020399591688
"DoZnn9iFwXglLs8Smmvd8A"	0.3423004818991862
"Du199LbeUS-oVmld_dcq1g"	0.4034225041850277
"DuUt446iZMHowlt9AQ5kNg"	0.3417420517549772
"Dx-Af02_QGi0dzItv4ANTg"	0.5161775560106716
"Dxh9o8B6EP3QWMKs3STXbw"	0.4024328502972186
"E4I_MLoRNwLCZ8mHr4fRpQ"	0.23779634185596515
"E6ZQcz49HADpQh2b7GNgrw"	0.37351546077191056
"EKnbQlntPX0FsgAC94XniA"	0.2969242114137068
"ELWg-1ychqYD0XtM-2IRDA"	0.2930963662099671
"ERjDXFk2J7RprGrOEDR0LQ"	0.030870301243720973
"EZUhUW3S8qG9kEfnkWlZxg"	0.4568412363044231
"EZrkg2mrQLGaXdsiuRnBgQ"	0.315266761767904
"Eaxf3bmxnMljIylk_2ZW2Q"	0.4919439555211533
"Eecewruq14ycZwV--OdOSw"	0.5479388669755021
"EfCokOBABzEFRlnvKr6-tw"	0.3827599432551778
"EhTYPpGzs2MfDspt1nU7Hg"	0.11183380770903863
"EqJRslgHFfw3DcKMdFtaNg"	0.47091399952386315
"F-N0K6LemPp8RTxiqup8WA"	0.29535327444112924
"FfA7BYSEc46Y3lKHOiqn4g"	0.4110165751707513
"G2ZP40c11X5ZZh1xHaJVMA"	0.3618384643092958
"G8yK38PuRB6H9c0M0gJedg"	0.31488055350101773
"GDiSja9Y9yJSeROIeApyEg"	0.2874735853441725
"GIbMEsayMK8nFb5OAHLJWA"	0.4582404726412535
"GPGgN0_7xFdB6gqwaMabOA"	0.49249789524849774
"GQ9JTpWWJuN4PFRXLbKFUw"	0.4470233279092169
"GddF9NCklDiGDk-d9xtTNg"	0.4473073036342309
"GjI8vHV8cAsZlhBpogoUEw"	0.4962646494820984
"GkY6UWWn0Fz2ehcuBp66pg"	0.4417506231674419
"GmNXmd_UAtG5FEnlEFfkkQ"	0.38251260922600105
"H-GwatUcZ-lrnfWFH3S4IA"	0.42261179330272636
"H2ljOK6pDHJ-iQzHkijW0w"	0.4593034001544271
"H3k_f3eDxUfLvTInwRpM0Q"	0.2171382910894912
"H6JDm2bkdGmWVEm5K9N2pw"	0.45104280601927954
"H97gae0HLwN876RhZ2q3Ng"	0.43155083585396736
"HA9VtwOCvBEYqRxuJfa6Xg"	0.33486851568190945
"HAzqPzwxiSu2-XhJkz8ntQ"	0.31627274162369745
"HG9m9eldYtnX_UeMt4Yy2w"	0.40111073415944687
"HGZh_GGToep5AMb9TikrmQ"	0.3353473159067571
"HT_eV18wKa8WzCz8UsTVZA"	0.40108935594341016
"HTipzqMegyxUfzlrXHvY-A"	0.3475344253437731
"HTkY1GABYTivk-DKWyrlEw"	0.36524492074713916
"HV25Suwkzd-roRc63sEmtA"	0.40747809087854187
"HWf16iMb2fsCDl9krQd5EA"	0.28566789566538603
"Ha9NESQKMD_jFydpP-l-bw"	0.49637850540823686
"HcqI_ONIaXwzYR7cxFpdUw"	0.49404927519345343
"Hk1Q874UqawFXq0XzIIBYg"	0.35625746961420396
"Hl8xRv7rV7O2eSJelGis_Q"	0.38897300209176433
"Hm2YntlJzqP4reNZRlkCEA"	0.18083054204747373
"Hrbwae-MS_7JlS27uoigIA"	0.3209884375588593
"I-mDBT0rs1ReKpyO4t0ciA"	0.4683223513454914
"I1pLg_ZjLMcie3g58I_GZA"	0.4875515540585037
"I8cCdp3q_5oCEykzZgPkQw"	0.3615134689666034
"I8zlwb9gynj3RSuRKmP0rA"	0.36265293305154617
"ICy-YxFn_DD86_LV0ye5cw"	0.42548284466197417
"ID7WUBLnhkdxp8QrjsssZg"	0.5440668177285892
"IFexdgbWnmsnhfZsJwe9bw"	0.5433525861097609
"II44-On32pZWqzfpke7zhg"	0.331997349483955
"IOn53O75uac_cTjHkQkkJQ"	0.3521450576692698
"IRzY7yoBqoHaZNNo8WiWQQ"	0.3981908827848512
"ITIqv6QzRV_tE-PS6Brw6A"	0.0450167799773439
"IU9tdRwepU5P8wrZ8rkWAQ"	0.3780554986579891
"IUHv7Jm3GdCSYyz1A_7VVA"	0.3078046761665089
"IVycgW_eRmCpIfVN_eiPIA"	0.3369894428357715
"IZ33QKVggRtHdMdWoDPi6Q"	0.5024834834598046
"IdVoDto0eqtzzH5B4bpvsA"	0.3914348119990274
"IoUtQRoXPuDcAsfp-Q7CLQ"	0.2325531707513366
"It6NGNfebuF5j3KrXoi-IQ"	0.5055899035595061
"IvFdi-vp823dTAWwHMT6xQ"	0.41973984527180314
"J255D4FdBCZYEhFr3z8_kA"	0.4562371917104731
"J6x28YX3K7ErHU0uPMSfyA"	0.26079449671601507
"J6xRU44NIJzkPq9CPGTLeA"	0.49424838295552015
"JDWhkcJHNGX-KY0bOLcodQ"	0.34215345471364966
"JEglRPwON2QUi8vlxbFlRQ"	0.5134395841784248
"JHTzeOsZse-g3xkUM20nxQ"	0.4480322186029644
"JJys4pp5xmf3bB4E3lmxRA"	0.39480558123118004
"JMRJxV9PxIT78ticltqm9g"	0.45702411818150673
"JNHtdEWCOreJ_S_Fj41bqQ"	0.345116743267112
"JlH2ftC1583N5a8EIvUcMw"	0.36144110707818683
"JpyHiBZtQel1b0OuvRz_pw"	0.29720309097717923
"Ju6GKbZn1HlCyyQr8D-psg"	0.2887379480672265
"JyRBZrkZCu1gouIZHolBMA"	0.3846439529371323
"K1nwSvx14on6eVBbu5E9rA"	0.2995995664842094
"K4-J1A_ZIzG2yNkee0KOaA"	0.39265673850651955
"K4amkYh0AkUJwBRVLNDLrw"	0.2782875917753671
"K7PNQYgHhM8rVGDl3DGsdQ"	0.2854247141940667
"KQTMXyC90UPz6vspdspbeg"	0.4511078096304017
"KRoJhHyPWORMJn1UO5kAkA"	0.4341687016936493
"KapTdGyGs7RK0c68Z6hhhg"	0.039903545114680014
"KbjdEA6SRrjrwiFBtsD93g"	0.4214099165637282
"KbtUNrTfQqGlCFVnpk2JAg"	0.5440405093753788
"KjuvzMveMCyUqbQy3dBuBA"	0.48357618922131107
"Ko41Hk0oKpHaWYTMigISUQ"	0.4969584883041141
"KsaVx2E63ZMXUQfrxcp_XQ"	0.47066367832120093
"LCvbdVqfIZkxHwWwN4uisg"	0.30189023996628345
"LDZL1lr2VqJaspKroDqZHQ"	0.36803998786553327
"LJEoHxM8wow4nSaObqXzSg"	0.4026824756117146
"LKDGDUiDKTuo93gwF5guPA"	0.4187116333066471
"LPWMKKcGeWmJgf8t_TIcYQ"	0.3889121486697837
"LWAhvkjQZgHukgmgXto95A"	0.4712458355283707
"LdOSw3VbUZOmqup0jeU_Dw"	0.4357638735106344
"LlcElqJnuQeol36TS2EiiQ"	0.4157832308004055
"Lv9wzkvPrVG-VdPGcw53_A"	0.4710770573284638
"Ly48L1qSRdLpCSWcs_DWIw"	0.03364172116032497
"M-rqZ56wTGSNoIIsBSlhDA"	0.2791267030867797
"M8Pl5qAmmrODfHeX6GOjsw"	0.23151728617659834
"M8_C-be43AQsH_sEgLPFPg"	0.3107410670182522
"MCXLDCA9F9Ui0VA9kuHlbA"	0.2637126482443492
"MDtMV0ld7q0BsQPKNIxGrQ"	0.3506162731297613
"MLYy937DjHHtE5Cwpg3NEQ"	0.3490380274436037
"MNIo7-VytIE7INkc83GmXg"	0.42880182096464015
"MQLnw9COMm2wOvjKI9Qn5A"	0.37574672584604674
"MSA9WlcVCjlektkeDX5keA"	0.27998247344411886
"MVBCWXTDtU8C1Qh5mMNSKA"	0.47170193843571806
"MWffCS7UkTUj9yDMy4jaLA"	0.3533377045465007
"MZ4EEf4VtkeSJURIGgp2AQ"	0.24498671149347692
"MdS6EHt2RZFpn9fQXZc9Ig"	0.3966135506042132
"Mj453xsWDpBpCxMWkfE7Cw"	0.3141813620692145
"MoX-OXOMuOrxikH5fwuybQ"	0.19278703192277558
"MrLmI5f5fythtRDR3X7XKg"	0.40497115676536094
"MwI_po3xC40QUnoak-0Wgw"	0.5355244453923301
"N8Ct3JmR0AF_41G9OOF1QQ"	0.4847040000694853
"NI_4CRkYsvPTh_FvC35F-Q"	0.5201162279280965
"NQEN9FoxUrUPWtmTjBRvcA"	0.31776067514762707
"NQF7wgb3mHfMPzy5owzxxQ"	0.36301043031860103
"NbaP_lZTns_GbTSkQz_KIw"	0.29265826250115956
"NdPbp-3uQKGnOpPo3s2Y8g"	0.4292255664828669
"NdpvGGF4cLrdnA6ydSZz3g"	0.5114021586371167
"Ns1BTbRzP-fH1VdAfe7A1g"	0.5067656357313506
"NuGZD3yBVqzpY1HuzT26mQ"	0.4637364138143586
"O4S3FeO_YM06AsUln5YXxA"	0.3879039774630178
"OAtG5YWSfqR10OmhHmDBBQ"	0.4729860695666012
"OEB6connD7XFIyvq_rjI4g"	0.31865035227030974
"OEfvfMCJyC5kRWeRQQYQMg"	0.5057859416297098
"OOBSQF72cl3jBBpLQWhyzw"	0.4002276369466154
"OR13v_9zCWGstIV_JwvFHQ"	0.37161101721061685
"OYfXGMEwcMKj_gty5e_Udg"	0.5309693335185732
"OiE0TLzbEATzIW8CbGWigA"	0.4337735971848628
"OpHAlSbQLZEztoaRMJnuAA"	0.2650249695729773
"OsB_ZtFAaLDCPzvlAjHQ-w"	0.4749019580788783
"OygJyqypKFZJIZ6r9dML7w"	0.4635486447663855
"OyutYVBEA505HnCnMEaXMw"	0.504031491851744
"PJZWfs8RSn4A5nvJ3Wzl1g"	0.49441849434049584
"PKtGDWdu2xcuzVzq9j6ZyQ"	0.4348030765493243
"PPkMZMS1Ogdrm4NhyxgpFA"	0.4521264786158004
"PS5ghm09F2km76m4sQNJAw"	0.49988190462944754
"PTPd2xamYtUCH00NqML-YA"	0.28022497322462003
"PYiCDIzavQ6XjIYaEjfLqw"	0.3903506455369358
"Pg12K0aiPMz2FpmkzxQnaA"	0.3464318293719003
"Ps-m4xYjx1dydW9EFIpi-w"	0.3233122219002173
"Q-eUzUjOwRlAXkwN8qDXXg"	0.49232119461067153
"Q6ql-vhEfkUiry1r0XoDTA"	0.43898368725533
"QB_KRwMlC-AtWdqWQ_Q_mA"	0.4772839301378719
"QCaAoQkiu6qYodoFrTbHAQ"	0.5213113960651979
"QGTqGNLZbBA1QD8L_fO9ZA"	0.3281258496526622
"QHZw2L6LV1qmExNJbfhIsQ"	0.4504377657076845
"QJg8AuqITB4t_iKrLI6tOw"	0.23680167046213754
"Q_BMz5zeWFWW-2OuJGZ1yg"	0.032481443052425736
"Qayz6avNEPNS6Q5UThYHCQ"	0.37340198263753677
"QfYePNeb1_VVXHOAan5P9A"	0.4354656669557709
"Qh28hjL2t6BMcge0B2mstA"	0.33605665747535823
"R5lMkibJ6cJWSDSz-nniww"	0.4987538788661846
"ROM3mR48w9Ljy0SJeBHiAw"	0.4359246552304173
"RQ_sx6lNGVjSTtasK3wlQg"	0.41806491571787185
"RUS5xdYjwstuNkKO8honsg"	0.2634355099347602
"RYGWTRVTC4_ZrfsJwpE5VQ"	0.3601575572547195
"RleTq9ZOSE2ymZwxtRkEtg"	0.4149790237434124
"RnyuG8Ngt1rr3mFD3oYicw"	0.4065298444454435
"Ro-_PAzq-Rdxl5JhM3WmoA"	0.5020718100601994
"RyTKm8McePjwsL8ggEHOYA"	0.49085765653399227
"RzmVoc_cmKiWANYC05tt7Q"	0.26405098207421585
"SCSDDqlCT5Lfzs1T1OH9gA"	0.33550149656286155
"SEURrw7032BR15PKZ_aleA"	0.5020345726817854
"SJtbwP4_ed2B1AvIXd-EVQ"	0.3357659530445685
"ST0hjnNVHHwGohN2514HIw"	0.31246900126312327
"STKP9Z3dMFj7cFtIWXtldA"	0.5037711415636792
"SbwUKzeMlSZs-mQt0lOGQw"	0.4615731546053246
"SdUBFhIzwpN5IZfcr9jc-g"	0.37877744538834196
"SgEw4eNGSeP96OzfXf_79w"	0.2760785702757099
"Si_gSXVFFD8MxjtQhlIGdA"	0.3925799012764258
"SmYGe2qXVsP8zXjhwJkNBw"	0.04239749065510565
"SoHUx_IhzWEZH5sAsTQDYw"	0.49552079844577235
"StRX1019jguRr9XuGX2FZQ"	0.36611737734647404
"StjoUqNzKRRuPAdMFfoVug"	0.0880489583943593
"Szb2I5CMW-vndUF_KS8H2A"	0.3878382169734089
"T4QPQ4M8fBL8h4LjDmZ_hg"	0.38520727566453217
"T5f2zlczcS00W70e_omQ6w"	0.018974849774837016
"TBvxW3d96m2p6uinwaHTtg"	0.3274202628729845
"TCr7O2v9L7sH-CZbtpz0KQ"	0.4937812581871287
"TFXI1fbhrs_kHU-jTKRYCQ"	0.26120810905109454
"TITY-kzuk2hLumFrPnVlgA"	0.27467168537494746
"TMEtXIh1PXsIryjTOmZWPQ"	0.31194884912092086
"TPdaLEGufV5JnONni8u9fw"	0.5016009590921239
"TQSHiH6KSCd2TDYEDTYRMA"	0.47755138491348414
"TV0RuDOX4PwI3oOQ5FJ9cA"	0.47460761822154895
"TVqlHgjFdd9vuYZLbu9S9Q"	0.5558729335117871
"TZOiMROeIalOC_3Atb8a8A"	0.542247436845485
"T_twaySigcc-YTdSAdmzVQ"	0.5259849876276126
"TbjAR4JMgBuPXiMUKsO9RQ"	0.5185830195854695
"Te1AgNKoqHaO5Gesn-oAlA"	0.396772820643647
"TetRSApdg8YUcQ-WvDyU8g"	0.03942868709773331
"Tf1zl5szY-u8C3J0AcygDQ"	0.4900609407080759
"TnPNs12weH1gxBHOThVqfw"	0.49664732420533453
"TqZk5nsqYBOa62XYQ7bXvQ"	0.41813278739870713
"TvHC_I01Ilvd5_fFi4sqIg"	0.4821726409106938
"Ty7IyZN721l6VvBfc_zRVQ"	0.3545967202725041
"U02TVsrHqwTrbvyjDuNaRA"	0.29839736456980603
"U4iTt02LLOg-zR5p0a0THQ"	0.5314300693021502
"U5DRVX1usSJzGFCM2-ZdKw"	0.5560435584551716
"U5dh8ojrtLAqe9zSKmGkjA"	0.48011823412002014
"U5rfxvnZUupaWT_SgIV79g"	0.4518744500225842
"UDZMTxC_5wa_kdh0gbG-cQ"	0.45165777476171187
"URk3CDgSM42E2PWPKKFhWA"	0.3974775749049556
"UX1pAKQtRHX5fejaWbIy6Q"	0.4623557775894255
"UePWfaUMDNrcL4oreTtiSQ"	0.13482963511790289
"Ugkr2hV3J6sXdpF48G42yg"	0.24754087517062198
"UkWme3kwg6L9rd4tCNB15w"	0.4611352297417776
"UnWWyBzpo6L1tT3_5mUqZQ"	0.3294867354547473
"UpXigk3SzQR9v4xct_xEVQ"	0.4100084807940571
"VC-S7T5aSOP9HTKu_TNHKA"	0.24596682342146528
"VFkOmTy0o1OPuO5OfRjNEg"	0.4665870761042839
"VGZ_MJ7P3vSQMYyQf-mNjw"	0.4266412489601801
"VJaHTx4eZtWNpDrAbGzR4A"	0.3987826357500665
"VRYeIWCo4JPpEG6-Hm9RKA"	0.43793330353146426
"VU5btOpyINHmCfGajZJe0Q"	0.5349931227236453
"VVUL1lzBOipXJlOG1wURMg"	0.4315579560590687
"VW33YWpe_zPGDEHN0cNQfQ"	0.15563210165328994
"V_fa8HiyVDebFLbym--npQ"	0.2583863193749891
"Vi5TwzEsoo_gaG1cvc1zdw"	0.5088523608287707
"Vji_YCoJBoDTPkKy_Dmq7g"	0.37768748152543746
"VkNdl9wMvsz4xFu7bqQrGg"	0.430707486549299
"VqZG8rMYPKa5Cr5yi3AR_w"	0.49187320709484267
"VsAx_YduvuobBKl2Ep8mhw"	0.411772384271621
"Vu_BoGOSL70odzqCBr_vIg"	0.2662116891340756
"Vzx5hH_qZ9Uf2O7COjdfFg"	0.5178451448132882
"W0Ouw8EAczv9C1nS4ENwFQ"	0.4586611014647741
"W0ei3b-a5hhHyh6C1yRcqQ"	0.23691633145210073
"W1pj7OeYz5oF42vACSoxmA"	0.3847641108770896
"WF0I9AwErfaqkPPXM98ywQ"	0.26028973186721704
"WFLl7zdzeLj6S37Hc_6lKg"	0.43553669785423454
"WM7Ckyt1oh2LaQPdkYhMwg"	0.48039077569428396
"WNiQtCdlo7pEb8PnYqKxmQ"	0.3574519891331863
"WTuBrN0z2h7xvTaP7eN_XA"	0.4100622927007648
"W_nU2qtu1AEDDCgkCo0gJg"	0.27639307973603033
"WaPPcti0ZoGTDQzQqsYDfQ"	0.2588929205447227
"WiLKkmQu_dlTaAxEObG7lg"	0.5198689104821359
"Wqa1JjkSuviehZ7OedhPeA"	0.2522361611823915
"XAKZ6ADzAvK_IaFojW4wpA"	0.17137554567726895
"XBRMRpb9aqCLRLBPbI2n4g"	0.3226035499759172
"XCxxPZ3Lu5mwmIo7IQRf1g"	0.4475915915048426
"XGX5LW0s-OpjmOpVXXYshg"	0.42348844958355697
"XNVUXM8xY-slNbcPAr-w8Q"	0.253614256886056
"XQjcN_irExWzMmglH6Nc9Q"	0.23312540738098353
"XSGSWu7Q4_IiJ_Zzsi-atw"	0.4544541461420551
"XZPaPZUk-WSTPvN20svsCg"	0.33502211443572716
"Xk0H_s_DNo9bsmHFAXjNqA"	0.045798488001785605
"XlZ2Row0pszDilc5WmXiZQ"	0.4187222277960205
"XlqnI6vcZUJ2tRFwjYKzcg"	0.39662757536300136
"XuZ9pksVQBIpmVQm6UO2YQ"	0.35559219969847683
"Y1wzvTTI_rSAJOF1224LCQ"	0.4855060853982927
"Y2jzZLuaLZXby00Nv_BtGQ"	0.22829008981926427
"Y3nnWbotYR0hyQPMjXcyvQ"	0.4988218214450419
"Y7p6zjpZL6wKRWLZTzxu3A"	0.45166012330528793
"YAgoRzc92vC3cHc-RrlSSA"	0.37324867530508327
"YDRnoQr8UyxPEXi-5ZrVJg"	0.391886982000356
"YEHWvvwcunakP4CyteM82A"	0.45311672209788156
"YFvnkR2XXeU6Qz9dY4ZaEw"	0.4380050731846741
"YGU2RnqsJO7Izs1GLDhMLQ"	0.27405420849144985
"YNjW13ls0enqM2Lep2cCsQ"	0.11461933025465405
"YNpwfdqBeP6j8aFrJp2sQw"	0.523032484218654
"YdYaBff_a50rNEI8tXTp9g"	0.38229728498770527
"YfeTH4jtz_gpWz0QRYJFnQ"	0.47354517342871405
"YwDZUnYeWyNFgBelSdE-Fw"	0.3253749407316211
"Z4GRRhxLpHqXiiHeV99ARQ"	0.48832642748574995
"ZBSVDaDTI-WQsYzGxrq7ag"	0.31554322568103055
"ZDPlCSHN2hdJSFVXFkaL7w"	0.4431727902899136
"ZMCxAECs6KOhpcWpt8HBiw"	0.2881131586579771
"ZOAid_xX3q85wAkBWtFDPg"	0.2589519854778956
"ZS4aj6VUb7A-pIJdYfL9-A"	0.30808769056379304
"ZUd2Bx-fidHVCf_WzJHY1Q"	0.32213277984908245
"ZeEKKLja4xeGuy2nApMpsw"	0.4838278619225328
"ZlxJI_JSDJTUC-1atHRZWQ"	0.36842361513320576
"ZqTXN4qh0Ta1Lp8Z3v-dKg"	0.29903225779704795
"_72dMXdWbVAgwB-Bxwz-mw"	0.3359212895665424
"_GxIYv74MyV0pEZ28ZHSlQ"	0.5142338675497289
"_ONkRPvpIYdCuj9u6cIPeA"	0.48466245548970666
"_Oz6jTG9hZf0yGnBBmcUGw"	0.2607697878895176
"_PKXarw3GjlbwbXhjdpUMA"	0.4000018545099042
"_VPprqqmGb276dJfwPDLaw"	0.30975511403033595
"_W_qYeOmM52rg-g5XbCaLg"	0.3556811116084519
"_YoPC6DmYegxbPiKIoAKoA"	0.35719999955988596
"_Z3uT_S66jD9Pr9jFVEZmw"	0.29044691889437935
"_itQAuwxJQx4zwRp1Qc31Q"	0.31284706983986876
"_jT1b-OdicvJ9LyKj_M1Ww"	0.48061077200248853
"_oFeTg8lIbmH1cVTt0x-rw"	0.2555016101284264
"_vVV9WMEQa7G2dutQgmhJw"	0.535627037165002
"_xavJB9Uia1CsPDlGFw5Qg"	0.34500566691136164
"_zHnHfNhURaDJiZdBb0-iQ"	0.40689194335382933
"a0epECkZLIs5TkKtDNuyAg"	0.2940265328629906
"a60ZJVSe893i_Gl-ym_SIA"	0.3457556888648437
"a7-LY8FhQovF-_6w-mHClQ"	0.46602967819192276
"aE_InMCFg_6htbySiMd75Q"	0.12876536548728346
"aKoDe5WZ-dgo6gD76kgNxQ"	0.42644733614144836
"aR0dWZeGyDjVpgJfBqYdpQ"	0.3918828332496705
"aShNnWaEy8QfXpgRAMFfjQ"	0.32050174121197444
"aWndhjjBzYgk5OOYflbK4A"	0.27303096573620655
"aa0uz1y1-ziTOveuE34HTw"	0.39722961453731725
"adaYhaXJR2TeU7UGZbJ6tQ"	0.412609656271268
"ae95XSsD37OQfOWF92GjNQ"	0.23553341955382054
"akt3IzE5eVTyNJY9RKarJw"	0.3596208534511471
"anhLhbtprJ2QkjRxmLRqsw"	0.42347562959971213
"asLLCsmEx3PNZo1Xa83ppg"	0.48597339137603407
"ax4ztJvW28xgGvI0OPqGcQ"	0.2335807154212686
"b-eShxKvQVUyBpUGKcc7VA"	0.3212960641042676
"b1fiN3A2fmsuQzNvIRtiPQ"	0.43166427683202474
"b2mVQLlc_beZP-Iop8JgFg"	0.08988599388261671
"b4_KfL99W0Hv_5HhRJbPdg"	0.030295980952458914
"b8buqCiXOQUrPcye8W0YEg"	0.5051736899306357
"bNQVXqWpsToBDcJg_4aWYA"	0.48027050724181597
"bNqBMZ00lnhhfxzV8OhLfQ"	0.36918994005801525
"bPLyOh-ul8azUSgZmyR2vg"	0.35951918317870896
"bR_fM_J6CHT_iOV75GS7vw"	0.5186446911736814
"bbs_Kv-f_1QnkJ0jErguDA"	0.5083509783010247
"belFmmu7TtTX1vcX9VGQCg"	0.4365566990971133
"bnhwQZPmTghs8fynQtQiVQ"	0.4373018763422217
"bpXjVgy_XkTnySLMlvSg5w"	0.18775594762315817
"cAni154peOBRMsgVFLVnCg"	0.20603492884628993
"cBpQ24_CQxZq2F3GRp35zQ"	0.5325948699466735
"cFoVNSXvCtqRXkQyEXfx-w"	0.4248118939600236
"cKG42eNhcACwgXcqAyhjRg"	0.22604639048686648
"cWZl0jdkJI8O7XBRIWPOPw"	0.4958547891699217
"cc-u2OVJOMYQQKJEaAkcpQ"	0.32537882458544454
"co5IBdTsoNWCRch-UzmXCg"	0.20846251618053263
"cqUky5KFtMlqKaAUYiOnLA"	0.4508874313651777
"d7ZqJlSbyZHETKzj9XhJAg"	0.3466126866186346
"dAhhbaNVeEjiE1z5PGSxaQ"	0.24764130981419663
"dC60NKVSKNMaymlp_5wuyw"	0.2197511221072593
"dHWUfXcWVfO4NeV7r7dq0Q"	0.35676975913791614
"dPVCSAu8xVIDXD-C3s6c5Q"	0.42651803831496904
"d_ROFxj7n27aJb6CxJesAg"	0.4041910338469921
"dgIrIkCBiHtAHZ86_-awFQ"	0.31100329886477157
"dnL3yOplcB8x7-aVOpWD_Q"	0.032716476318590634
"dnNjNkcYSjFudOLcOFkxlg"	0.26305917002868373
"dumO6I2X9g6dv_70NDWkmw"	0.38544037790828106
"dwIu9LOUccHNe2nSpG1M3g"	0.4841549408478614
"dwgeEOAcPuR-GhpMBaJmjA"	0.45647550593940794
"e3D-zDL66uIaTFOdjJv8SQ"	0.376140227973405
"e4BSPTPc5DLjvdJY18EaVA"	0.352363213788514
"eOvNqnu9CZDCHe26sqj7bw"	0.5405732252669766
"ea3kF5zspg4eNmxSbZixsA"	0.5516446340905136
"eetlD3KXlb8cTwgrQVfquw"	0.46707600925678844
"eh9e2wfsXNRa4BgVSXUu7g"	0.48500857184321017
"erRdoBvb4ywWky3KMjtVdg"	0.0393727703391625
"euPZCtrFKTRWYsd8qJVkRA"	0.41048175658304803
"f1ekudjT4wtVZBcI_GIcFA"	0.35908075678498447
"f1iTkj320DVn4TyWcvsUjA"	0.4087187190396114
"f3gE6ZZFd7jRBjTVgt-mAg"	0.4862080774543347
"f5xm2RiwLv0gbmXU4BkrGA"	0.396112826036981
"f8R1qFYugdhQRR-ym8SUxg"	0.4644458887962167
"f9OqUyBsY4wCfsnrcIj_Xw"	0.3883431675759442
"fMt-wU8Topyja7u9qPJaqQ"	0.33633199130970015
"fRNxnRKvoruMZzsQ8Ey1nw"	0.2906647597912365
"fTkbO_-v88Ldn_cJwxHYQQ"	0.448518692861683
"fh-hCT2esNJEocdBdggWoQ"	0.4093028553097796
"fnLiPkJL0ur4-pS99bgqGA"	0.3204846133404664
"fp24IseF5LGD1Iev7d0PVA"	0.3832188679561193
"fpuyZ31OpX11UlJGFWKoNw"	0.5324804674837454
"fzHBvd0HZm1yB3UIMqZ3bA"	0.25429104463669877
"g-nzfTvso3-4c4gkhkmGbQ"	0.40361463010223
"gCr_bfJG-c8Al3UADWBClg"	0.4454966891290456
"gIVjdDWRnS1yDVpPF3oUeg"	0.5150628761392897
"gN9HmM5Ga0C_pYASHrYWMQ"	0.2192050012674409
"gdAzvrNVrVClYMONc__SvQ"	0.5177383492115862
"gh0mBl_SBZ6kX9mYMq-R5g"	0.40129687855980883
"gnkyosoOepBUqog7iDdggQ"	0.29158780052362293
"gpn9-HR48SA4iS1PqF4bIw"	0.4349278126922995
"hC347DqIh44f_lk8AGGmgA"	0.28803472074334063
"hDO8bWV_Ua8NxtfpStuuZg"	0.4980108968978613
"hHYG2qoMId-y-HRkwNHoWQ"	0.24983217244973493
"hPTx2Y5e4Czbr21XcbDN8g"	0.340768040820423
"hVcLF8DLi3BUMDH5lwDVFQ"	0.32870262520554294
"he_aQrSoqOUTBVEe8yPkQw"	0.5300674329124909
"hfeu3UZ-OrCgf5mp6RBjvA"	0.23575170336398746
"hhodrH4h3lNTATfKvm_Ocg"	0.4283010695434063
"hlwTMF6p-iCZKY89YcBTXg"	0.41727916767727063
"htQgj-ANQpZGpIpkkrEmyQ"	0.36000833438756136
"i-NdezhBkAP2zoZGwwariw"	0.3658787780033579
"i5KUubey8dD1M8hj6Srj_g"	0.2961994966782121
"i5VbbQTbymMPMtktQklYsA"	0.17421847201468363
"iRr1dmdbRAqrFg9aX8dkUw"	0.42596606062102216
"iZtv9s9lBA6DviQ2Mbm-SA"	0.33136742999411917
"i_t_UJTSScw4srpb8aHUiw"	0.3665127976622419
"ibPjt-h9NC7OEzpj7IL83Q"	0.2640236250331044
"ihk6lWFPuVi___DSucNelQ"	0.4839204946173133
"irCBE0vRZ9oQZ26qMR-5HA"	0.3474728856690591
"ivHtwEweB5TtnupGXriTOQ"	0.3408446847718708
"j1QfFrTE22PAak7rzD8OoQ"	0.3751186060800234
"j1fyIuQwrJWHJwR38UMysQ"	0.3493843326212784
"j5csuLCDZOVoWhhjT9Yo8w"	0.3138971542064112
"jNiZgCwZj4CNw1noxiC8PQ"	0.04749843730676428
"jTEiG6zrL3WXfJhj-T9k1w"	0.5202556676982383
"jWrnT-VNIsTKjHCTyj2hdw"	0.2277592368152479
"jX6Gzr6WdoPxiRLKDfcVrQ"	0.228983319419509
"jdyM1DAiA7EzuYz1WDhjeA"	0.3643907763003242
"jfdUtdkXogP2kjK5KTdc8g"	0.3839500380514259
"js0ZzxVEDAkTdczCMT1emw"	0.20300233308868082
"jtC1InrFV8gK2NRSCto05Q"	0.2849763463746335
"k-zr3rReFvYWz8vNyDpJMA"	0.13500387486332627
"kE7BXayByJplaUZ_0r7QSA"	0.42077567878594757
"kE9nB1Ym3ZMTU-BE5sZGUQ"	0.46327614764628977
"kExyUZCLPoqwtrKOorQSZw"	0.4792434597166163
"kJL5YIQJJCp03RtLQvbf0A"	0.497400106125295
"kNZJMnTNXj42EfUGX3eRcw"	0.45500553070674815
"kRIPB7GPTHRj3cktAKAgsA"	0.12482293800603987
"kSp9lWgQJrE9nsX7OS-x8w"	0.2802279450595187
"kX5oJ5flS_QWcx3YaWQktQ"	0.5322750665642524
"kXdHyRxXF1yxkEG6GTQ4CA"	0.4093422954348008
"kYNlCSoJOVgAeu3QqS9ayw"	0.5315921889350397
"kchDx0ej68wjE31J4_jFbQ"	0.5378323754593513
"kqBvmhAupwNTZcGhxqL2CA"	0.046700548952212255
"kzMj-vVZTGewPCZnnzIlJA"	0.5126727295737828
"l9RbdvFj3d5SPtyKfobyVA"	0.47661635763821375
"l9vx-OTdDPU-oHZ17aVxdg"	0.4203297022832021
"lDbqs6yNGC5gRtbvvP9amw"	0.3925082538211898
"lDukJgkL2acR_yPDkvnwjw"	0.33591272856026383
"lTIt-3zKyluCPFwdu78JSA"	0.34234573183753225
"lX553YVMOt46NAaQyhNf7w"	0.37406903851161594
"lYP2k_0RjFAHXoVGnMna1g"	0.40338637943572564
"lh9ZqHBodHoHkRZzshaXlg"	0.4678228234986852
"lrm8hNDtwd5Wd0tVjOgCyw"	0.2338130267595744
"lsopUiYOltljpfYcPq9Sbg"	0.3371103033530011
"lsqO3nJh11JPIcjwvu4YoQ"	0.10545988285533017
"lu6IAy3HQaQytbKIAPh2EA"	0.35035544392428314
"lv3h7WwuxPyJNLTeWeL5LQ"	0.4956682336068053
"m03KaikWJrdeQ1URZPG4dA"	0.460275698350902
"m2OL7kEeI8O7yfZuzLLPxg"	0.43269762775538506
"m2aDEL1d5lLf-v1UNvXc9Q"	0.05469924007902482
"m5TwCxoYp-JcDsbepb7few"	0.3604544577108389
"mCi6_rVAYZUqJQeMXNRlJw"	0.444307418824939
"mDtkfwIp-GQKAwVfqIGVbA"	0.30911609374386545
"mJmsppNPPupwDzJ9QRvoNQ"	0.4220153579861273
"mPKgBVRNkdeZ2-SaXi6uKA"	0.40589710579186006
"mVtV6vSMMMxLk_zIWYWG0A"	0.4514863373549815
"miUmZ27vC-gHoyEmUQMYuQ"	0.29417591341126315
"mljVLg3inB8h2L6wKC-szQ"	0.3553498476275078
"mmVBy53hWnbQQVT_QRXSmA"	0.08474111248494719
"mnJ0WX9qTS9CxZWFioaFMQ"	0.5357348430966662
"moZAQFO776KIBe38WjiTJw"	0.46699824151597097
"mspZuHQ8rVXpyVMqQIKw_A"	0.35273916625556134
"mwTFXgCTO58Rk6KTorV2sA"	0.2104479388427154
"n0JifoI1yWxaBiv7VLRc4Q"	0.21532075524400232
"nDfKGbSGIsPv-q0-s-GrVQ"	0.3219550021656112
"nJ71XaqT27UzIIzSQDHqOw"	0.35766905985632524
"nOykFBuMLOuw3ZB2WTk50g"	0.28126844082194624
"naYlngFbak0alEsjlFP4pQ"	0.3127535073811879
"nghPxiuQQW2tUdE4R0ytww"	0.4530167528914023
"niywGbCHhVV4V7-lLbCrXg"	0.4177170591588887
"nt4V7wbnqEL7omkH5LXeFQ"	0.3286032373790067
"nyLHFPxEoMfzrs3g7hAsVg"	0.26840772593163315
"o1bF2ZBMw8Vep67NlECmxA"	0.040951120068771746
"oDBz4UnpaAVkBFGEAUaQPA"	0.4702675215674724
"oEXk0ygEurbAiodWP6BmfA"	0.2556910515155995
"oJYqV8s_Y5y_mNC-38KELA"	0.4832021083501099
"oLS0qczitIoiYSpfKOZ3jQ"	0.26405117626979413
"oLTPdss2n5ug4B-RvNbTSQ"	0.4212219030042246
"o_TPuqXuH-O_FbEkFNACUA"	0.313474795430623
"orjS8GtlcTRTod-y6cHwgA"	0.34113654959876927
"osvcl7Fh_J5VwUikh5Vskg"	0.52825106474393
"p1qikz--GQonzyIyIsgssg"	0.43280605827244667
"p3RUmQhsTjErcorfD6zunA"	0.3046098584185568
"pAQwza9U8OLY65Q73pAnxQ"	0.3993160155889922
"pC-yxosWB_wg-acCjjsKhw"	0.4244363487640813
"pDMxIQoqkZJeUe2r8XIVKQ"	0.18664833063433095
"pKEN0m5B6BNMJRX5ax10BQ"	0.4412750170192142
"pOvTYClFgMm-wAXPW1CnhQ"	0.46085342360310977
"pP36B7aQh39jwBzHBs40ww"	0.13171965671407654
"pQUjQZgOzUX-KUXYHZKpng"	0.5300793720587414
"pROG1SLxBsWlrmyeOoA0-A"	0.43519503251434366
"pw09B1aBMNi7eYQnSR0UiA"	0.2777280569969778
"pym03Nj6-X1Of3xa9mfPWg"	0.3409303928527499
"q1IxHtEyuYLk7hNnMPOm6g"	0.3873730851085313
"q4QuS-MaVSXbIFkUZlxZ9g"	0.4597565842733599
"qEe0mdIax3pz3DH4RPj3sQ"	0.49385366119879287
"qF84n4A5j1oj65I6kQsEJw"	0.4051080524007085
"qGC_GE-1fnjVvfzpu_Lbkw"	0.3942059749632634
"qNnd-4bG1hm2NFMaOHj1kg"	0.5253819471238247
"qOuoI7hvzBAzF1Y43J7yKQ"	0.43618631621028814
"q_KQbgnaYDlPx8EHTydcBQ"	0.28358524271852775
"qfa4p28aOu9-VQ30mwQzUQ"	0.5378172211124584
"qiZ7t01x0xqqB0RIvO3yuQ"	0.41580975130129855
"qwlsGR-pJb6xMWJBqiNIQw"	0.23965612670279124
"qyLjLT8WqUQWRyUKeSxu8g"	0.3670654681505849
"r1SfvWKoRQcoMoGy9ou-JA"	0.4172186978169158
"r6Qth5yqlCVJMQtThylXfw"	0.46328731293288067
"rEa4g6c2EJr2UvZe0hVegQ"	0.47890979127422256
"rMT1Dc2IMjihHz-gDBIHBQ"	0.42918256026220614
"rTJDssEcvPnq5jjGzKLTlQ"	0.3189604109729813
"rXJyCT9XqWD431B1lp4Thg"	0.4992030128481315
"rXVLgV4Og3l98OTy6N2dJw"	0.08773217567667568
"rkTFLIt_Z1bYMIuXfSyAqg"	0.315490346562054
"rmOZm59ahqMJlfGhNg0thw"	0.47759216214135036
"rsKfxeIuEFqFVA5gj87_og"	0.295903803701821
"rtYKSdUHpQO2Nyqy1-uAsQ"	0.2705815878717567
"s38vKr-DGXMXuTkUic2qoA"	0.1623132965534076
"s4vsTPW-JfSuwGBL8VAzUw"	0.36153963184282006
"s68jDt3gdVMTG5AfSiSLTQ"	0.481884754510542
"sDQDMrb5xez4aASZ8U5qTg"	0.2739165462421183
"sTPdrChccIZ-37G9CNUvSQ"	0.45295730256684935
"sVEE_Mp3EbWW1UIhfActVA"	0.4165638706900257
"sZ1v8adjdMVq7En88x6wtQ"	0.043543151633977296
"sePTDv1dGHPID7kwuNzXaA"	0.45651503814037947
"selkC1dzd9aZusu8lE4yNQ"	0.28378586274636886
"sk_ukei0s48FBIirQLpXfw"	0.2666722518830946
"spDZkD6cp0JUUm6ghIWHzA"	0.3994983361765242
"syRPwPqdV6h3eenuV1d6rg"	0.4365440589335638
"t7wcfSi4yOLXGW6FBq0W8Q"	0.3534457285678097
"tCYknqUdD-4TnEn8RtxBjw"	0.38129302838794354
"tH_ObhULoHCb1n08pbHgHQ"	0.41613566843088967
"tJ3Y8chfwruslf5TTNuTNw"	0.2551592870585882
"tNJBD6CleWS821Y024GTqw"	0.422245650139655
"tOsvHZpxmyIK4Ngk8FaLJg"	0.07448257061769709
"tQ9BtMUHFr8rdpmjmayUcA"	0.4626049266042484
"tQH_DyUIWYOHMD7CYg6-jQ"	0.2105300119071219
"tTC2xUWC5UOqh_zuIEAYcg"	0.3636090368629158
"tUxOHYVW6e1l2frBQ7pAtA"	0.4283211266947776
"tZzWHN84ifO5T7aiLFzLAw"	0.2517670728953685
"tc00Tp6qahI1vH1ZjQ2XLw"	0.19666500603877538
"tm2sScuCKHnzpDvXdDQ7BA"	0.4793206836142121
"tnGlFBxlYnYS8JyXrBWyLA"	0.5201528199358687
"toHDiu9Jk856aBx4jgsU4g"	0.3205172068573702
"txAKid34IUd9spo6MLF_Sw"	0.051613215218280634
"u23C6gXl83XN7rzCTwtFWA"	0.3493325775143816
"uAPGFNU16g4A2FjDLok4Iw"	0.2840674941424532
"uD5sNIRgl1MKUKtydL9kkA"	0.35432540102299714
"uFKQkN2MI1VfcW7tG7uL5g"	0.2531543515673567
"uFiGYsAWSLpmVIMgDgN9mA"	0.38582164304976113
"uP2-0N59oW5lggIyvdfWkQ"	0.2947069055518293
"uVxoH84VOroNq9tR3d_48A"	0.260368198876686
"udieC6Fa-XMlZhGTTF_RPQ"	0.524275462478769
"un0IeQuLvXoftV9IQ_V5Nw"	0.4952059403715326
"uvWcsnk8cnSzQg9_SQaFsA"	0.39300797708268537
"uwlQWhtrqm8k7CZwrNtRsg"	0.31280832619568927
"v0QLhufExBeb-DoSteAaww"	0.2693530962595965
"v95ot_TNwTk1iJ5n56dR0g"	0.40644273512220463
"v9D2W4ahqX98jTsXsqPYXw"	0.38979069349398204
"vBIugbXbkxNb5tCtck1tSg"	0.5120018386501919
"vFYvsI5KK_XGWCifg8LvCQ"	0.4214620428941324
"vGpRVpq_UzXNw2UiHP_1Og"	0.40747424484031275
"vGxrs041ENPaRWH435C2MA"	0.49177521051644113
"vTlIUtYXdPxCk6UB746w8w"	0.26716814472352146
"vTuLwoEpZF6Rxnj2O1Pq5w"	0.34809042268604745
"vUqIE5La92aMJrY8kGgwsw"	0.4289616808458639
"ve4v2ewMRPBmFVF5Nhno-w"	0.06680069748411749
"vfjPOe9bzErPTq3OLMXLfg"	0.3517769381772228
"vfxgy-NJlpd6mrMTZTMSBg"	0.26130226634947606
"vokkwUsJoKk8PamOSs-JKA"	0.36954060486613916
"vw4n8QbM0600MNsyauulHw"	0.3661332624797964
"wP8yCVWN2sC5_fYMMVvpDg"	0.4283348943288493
"wR71mnXAJMVmgMBrHevndQ"	0.21128736704186982
"wRwEAAXKW6wsD6s2wBjFKQ"	0.43942469296460257
"wfCNNMkeJcpWr9jj1hcdAA"	0.2223982874103195
"woeN9aLmohpUYu4NSn7IDg"	0.2606904501445898
"wvCDmaEIFTCruexTLn3jXA"	0.21770589404206675
"wxROV-EDUPJ71nnAlxRA0Q"	0.308162529780679
"x689C95HU7UPfPXNL4txKQ"	0.33169571930402925
"xI4IId1ZXfSflFvfbAtTVQ"	0.3899283483577449
"xLhO9n3lE23RCSoo_7d21w"	0.5081907083762419
"xaqW4NkmUCGRRjmLxiFJ6Q"	0.5243924441170513
"xeSE3ct_V9U3_ibcrpb3_g"	0.4750274750402647
"xeo2II3qgZ0MjwnmEjCK7A"	0.4902875372915058
"xiCJPHeXVaxAW4ZEt-Y0mg"	0.45879141863215284
"xjn4s7PzMw-OrxLSXdc7KA"	0.3155124990221982
"xrFL7DL5SisPMWDarg52pA"	0.4023973609205529
"xsx1UD5hw4XnS4x_QKcWrw"	0.2711442652462592
"xtdvq7ILYR99zj5VRIzDcA"	0.47658603946082606
"y1uN3Tj97O9u2xCVhJuaLw"	0.4941759696462069
"y5OFXka4tt7zHQB6KkFYjQ"	0.5071832028127339
"y6HUE8dzHU-PWZ1mkVfSnA"	0.3686597391977074
"y76Gvmb75VdhOoxWIvUSzg"	0.4292692772834137
"yHIm8z6U4MAVRurRb8BuyQ"	0.2033718229172695
"yIE9RYGHEk8A9RxrSVgbdQ"	0.29590626982446117
"yJ5rA9U6nmSEUV8_j_jYHw"	0.38733220433225196
"yU5IGuiwQq9QeIHF8M75WQ"	0.31752628809639616
"y__uQsz_5q-3yXKeMRFU9Q"	0.4204581741657742
"ybKhwymik8zofQTJnhGifw"	0.44361485810481105
"ycOoopjieoy3nxq0iRP8hQ"	0.38547237444639165
"yefjEAyoNfHj43tz_5hhHQ"	0.46022095287001447
"yehWNKDC0fXA6-nNogVTaQ"	0.4006147726789188
"yiVv6EtyjrIJ34BgB_O4vA"	0.36285395437378437
"ywczsfJ5mTSIAL2PnIAKog"	0.4883423037635105
"z5V7wTtLB2QYCUWlB4rNLQ"	0.5391843504695862
"zBd5JvFWuMGlnCYLaGsXZg"	0.1830075515531359
"zCiQ61Z2Gra8TKM65qJueA"	0.3604997286742833
"zEp0CsZSd4tDuA1AezfPvw"	0.2805876376533399
"zLPs4wSjtfZxVy3WByt00g"	0.4614975703304222
"zdqvzYtIZYMCRAQRNfcKIw"	0.22437272084144957
"zg7otDgxE3P0CPTzS_C9cw"	0.31355274872757544
"zhE9euD7t-RlXmWk50rCxQ"	0.36676168089266037
"zicAwxhq82xVIPgbRIsmNg"	0.3521101749110083
"zkU-WMio8g6dpRJ2Y2xqvQ"	0.3310631260611859
"zs710LuQ8y10YsQHIjxjyw"	0.21200929870259527
"zutMSVmRLPjEbeF8aFtSnQ"	0.30863001732646794
"zxy7kNPVHsqmKKn7fmGnQA"	0.46396622552670047
