"b'-0DET7VdEQOJVJ_v6klEug'"	[1.6923076923076923, 3.2393162393162394, 49.7008547008547]
"b'-0T0jfPnuBRdpNTXpOQZcA'"	[1.5625, 3.125, 19.0]
"b'-2lSbNMhXKYu7URjEE59qA'"	[1.6935483870967742, 3.2419354838709675, 50.83870967741935]
"b'-56TP_w4VG2oNGpauDMOOQ'"	[1.7227722772277227, 3.207920792079208, 40.21782178217822]
"b'-7EwIdxcRC5McO35DVfeSQ'"	[1.6774193548387097, 3.225806451612903, 49.61290322580645]
"b'-DtaPJJ-beogNkDKusGhlA'"	[1.6981132075471699, 3.169811320754717, 40.77358490566038]
"b'-I7Vz5eDjc63xKmmt4Qx4g'"	[1.7659574468085106, 3.202127659574468, 54.04255319148936]
"b'-Lgj3gdQZiVngAEc1yALzw'"	[1.7010309278350515, 3.231958762886598, 41.77319587628866]
"b'-QOz-2NrDkXjgKYEGBQZhA'"	[1.829268292682927, 3.182926829268293, 50.58536585365854]
"b'-WE0z2uUAajXvd-fRmHS5w'"	[1.5, 3.5, 27.25]
"b'-aXiRp2vp8Ax3BWQsk8hpg'"	[1.7033898305084745, 3.2203389830508473, 49.36440677966102]
"b'-e_LJpqkw3Yrb8CamUIEPw'"	[1.6774193548387097, 3.2338709677419355, 50.983870967741936]
"b'-iJTY1Ni2XKzSERbMP5kJQ'"	[1.5142857142857142, 3.357142857142857, 30.257142857142856]
"b'0-8DTqVaY9RJU0PAWD2l6Q'"	[1.7094017094017093, 3.2222222222222223, 49.12820512820513]
"b'0-jZq2P4eN7fRdt4Ls1QZQ'"	[1.7064220183486238, 3.197247706422018, 38.85321100917431]
"b'00idQeDRVoL8WN4J7TnEJQ'"	[1.6428571428571428, 3.2285714285714286, 31.114285714285714]
"b'08BzkGvs4Z3c-oFrk3AqTA'"	[1.8055555555555556, 3.125, 54.19444444444444]
"b'0Bv0vFPdBs_E_5r1s3tHCw'"	[1.6890756302521008, 3.226890756302521, 49.705882352941174]
"b'0C38ezzbBX-dWxpnnwYAzg'"	[1.75, 3.201923076923077, 42.73076923076923]
"b'0F42T07SdUQY24pidn9QwQ'"	[1.542857142857143, 3.4571428571428573, 29.2]
"b'0KQE_-HWEAL_eBKIsEFf3Q'"	[2.0, 3.857142857142857, 107.42857142857143]
"b'0M3KCmdY-_xlIu5vEqVq4A'"	[1.6, 2.8, 26.6]
"b'0MCXyrNQGaqdYBcAwh3anQ'"	[1.605263157894737, 3.3947368421052633, 38.23684210526316]
"b'0OQHtON0BsQPL0235RC5xQ'"	[1.7171717171717171, 3.207070707070707, 39.04040404040404]
"b'0PM5oFKO29sZmL5efmHxug'"	[1.696969696969697, 3.2196969696969697, 52.39393939393939]
"b'0R87tcWUqkWXAD5z0vZcuQ'"	[1.7128712871287128, 3.207920792079208, 38.336633663366335]
"b'0VtWeDkqzj9CE3MF0geWYA'"	[1.6923076923076923, 3.2435897435897436, 50.05982905982906]
"b'0XlbdDkYzC14SZF_bUGeXA'"	[1.8035714285714286, 3.4910714285714284, 43.660714285714285]
"b'0Y9iJRZO0fKEPKGKKzNoxA'"	[1.6935483870967742, 3.2338709677419355, 50.95161290322581]
"b'0YCu9KDTnYq0GlZegh9XPQ'"	[1.8214285714285714, 3.3035714285714284, 35.535714285714285]
"b'0ZQCJO-btoKOk3mErTYKwA'"	[1.6938775510204083, 3.2142857142857144, 38.642857142857146]
"b'0tAbgK3TT6bNHtT4KOHZCQ'"	[1.6935483870967742, 3.2096774193548385, 50.91935483870968]
"b'12ZacUSAi2ApUIJuNL_S-g'"	[1.9473684210526316, 3.263157894736842, 43.973684210526315]
"b'1CeWMRJwyFkQ-fc3MR1Dmg'"	[1.8205128205128205, 3.1538461538461537, 47.87179487179487]
"b'1Cylq9rdQ0JUgXsvvGtDBA'"	[1.6285714285714286, 3.2357142857142858, 31.042857142857144]
"b'1JsD-_kMCC3jZOMzJIaigg'"	[1.691588785046729, 3.2476635514018692, 48.25233644859813]
"b'1PMwRG0uWGxk2hIVEQj62A'"	[1.9491525423728813, 3.2288135593220337, 41.728813559322035]
"b'1_rqZz1K5Uoq2RvZlINfgA'"	[2.1, 3.8, 60.2]
"b'1cGgVvEbuBlW2GDvJ112vA'"	[1.9318181818181819, 3.215909090909091, 47.11363636363637]
"b'1lReBAd4iLe0rBLKiurw7Q'"	[1.7083333333333333, 3.2291666666666665, 48.666666666666664]
"b'1oD3ndgNI997hTEqkEh8EA'"	[1.6415094339622642, 3.19811320754717, 40.0]
"b'2I855MSdyM6IEIcO3H3-HA'"	[1.6944444444444444, 3.240740740740741, 47.101851851851855]
"b'2PrumlGyBhyqzS4m96FYtQ'"	[1.8032786885245902, 3.30327868852459, 45.950819672131146]
"b'2affqR8mmNPuW1HdnFUAng'"	[1.7064220183486238, 3.2018348623853212, 39.12844036697248]
"b'2bYIP52sBrmZoVzziH2kfw'"	[2.142857142857143, 3.9285714285714284, 14.285714285714286]
"b'2iSXzsmucGHn_NM51y29bQ'"	[1.875, 3.5, 45.875]
"b'2pHvdKA1J43-85mfVPvAyw'"	[1.6666666666666667, 3.2083333333333335, 39.260416666666664]
"b'300cN_XaArNzXKYrXYdr1Q'"	[1.8222222222222222, 3.5555555555555554, 47.31111111111111]
"b'3AWtQN1iX9n9DjRfvxMEWw'"	[2.1, 3.8, 80.7]
"b'3Wk0eWZKyw7oSFwIUhAf2g'"	[1.7017543859649122, 3.1228070175438596, 38.21052631578947]
"b'3fw2X5bZYeW9xCz_zGhOHg'"	[1.6916666666666667, 3.2416666666666667, 48.975]
"b'3phfrYKI1_vjlmJ2zQPAjw'"	[1.6285714285714286, 3.2285714285714286, 30.82857142857143]
"b'44a_evCaWZ63cPA1kWPJOw'"	[1.853658536585366, 3.1707317073170733, 48.80487804878049]
"b'4Yi3mOofceLVKxiGDPBqMw'"	[1.7142857142857142, 3.2071428571428573, 53.142857142857146]
"b'4_knkqKbb0ZUYusiEzk2hQ'"	[1.3333333333333333, 3.0416666666666665, 29.666666666666668]
"b'4aqLu8WlKqrFlUiUY-vXMw'"	[1.5135135135135136, 3.418918918918919, 29.054054054054053]
"b'4eAKvnILoB8n4wUWd3uy3Q'"	[1.6285714285714286, 3.2357142857142858, 30.6]
"b'4vLaHphDBWOy1aI7URQ75Q'"	[1.7037037037037037, 3.2037037037037037, 39.25925925925926]
"b'4x8N-KO2TFJFVveefrQiSw'"	[1.6774193548387097, 3.193548387096774, 33.0]
"b'4yDbirWYY2WXPG4xC72rQA'"	[1.6285714285714286, 3.2214285714285715, 31.014285714285716]
"b'58OIHWEqadNaPPhbqtXX2A'"	[1.78, 3.25, 46.67]
"b'5CdMd2cmONeVqkWx_DNfAA'"	[1.6869565217391305, 3.2217391304347824, 47.30434782608695]
"b'5H4coiGpvG3XdnU1Nde2xQ'"	[1.7115384615384615, 3.206730769230769, 39.76923076923077]
"b'5Qr0XNS4UPLoA22rY0ph5A'"	[1.685483870967742, 3.2379032258064515, 48.70967741935484]
"b'5UNKDcEJC1FziV7uBczzfA'"	[1.9464285714285714, 3.232142857142857, 41.910714285714285]
"b'5XVabANkehj7oH-Z7YZkwg'"	[1.7272727272727273, 3.227272727272727, 45.313131313131315]
"b'5ubokMNw8qfbX2WtxgJG1Q'"	[1.725, 3.1875, 43.475]
"b'63l89u6B9fHWdzY0RXUXqg'"	[1.0, 3.25, 8.5]
"b'69opA0U-zaMsIOqyavMq2g'"	[1.6956521739130435, 3.252173913043478, 50.25217391304348]
"b'6Bmq3b91hqTwMFn5cpPWzQ'"	[1.6338028169014085, 3.1971830985915495, 30.577464788732396]
"b'6MomUPA3w0JicziqJLumQQ'"	[1.6935483870967742, 3.225806451612903, 51.03225806451613]
"b'6NWdAJFfW3w-CqUQAcH0uw'"	[1.6935483870967742, 3.2419354838709675, 51.016129032258064]
"b'6P9Vznv5XpaSYfUrefEcQw'"	[1.6935483870967742, 3.25, 50.903225806451616]
"b'6ThiBVRWO3alyc7WJ9TMmw'"	[1.5945945945945945, 3.4324324324324325, 41.2972972972973]
"b'6ZsiLiSWGK2pgw6t3LfzNQ'"	[1.8055555555555556, 3.125, 46.52777777777778]
"b'6gMxIRoEMWDg-HqibN9aqw'"	[1.8148148148148149, 3.3796296296296298, 47.925925925925924]
"b'6i_EXDHikHWhhDipzMt8rw'"	[1.7234042553191489, 3.228723404255319, 43.09574468085106]
"b'6mAyUJE0DI11jH-k7MX80A'"	[1.4, 3.0, 27.8]
"b'6p4Cu__KMSpDUqX4qVpCMQ'"	[1.7777777777777777, 3.3333333333333335, 36.74074074074074]
"b'6rv2q1906KMiJTW2QpXv6A'"	[1.8055555555555556, 3.1527777777777777, 53.861111111111114]
"b'6sATfFam9_q9uod0I2aCsg'"	[1.6944444444444444, 3.236111111111111, 46.879629629629626]
"b'721zzieREzx5WBxY3khmmA'"	[1.8409090909090908, 3.1818181818181817, 53.68181818181818]
"b'7CHr-klnXenyow0H8b2Cyg'"	[1.707070707070707, 3.202020202020202, 38.74747474747475]
"b'7P0po-W1w7lKqJGG8UfPgg'"	[1.7166666666666666, 3.225, 49.266666666666666]
"b'7RY6ARllxXFXYTTXtP-8Eg'"	[1.7027027027027026, 3.554054054054054, 43.027027027027025]
"b'7U5-h997PyWX4B8uMk4Tcw'"	[1.5405405405405406, 3.418918918918919, 29.16216216216216]
"b'7Ym8NVxTO9b1FLGeWGp_Fg'"	[1.7391304347826086, 3.1956521739130435, 55.97826086956522]
"b'7n23TATDkmVVo6UzNI5UQQ'"	[1.25, 3.375, 10.75]
"b'7tzXkDX8HmpzRRoJyLBKcA'"	[1.829268292682927, 3.1707317073170733, 45.80487804878049]
"b'7wFdubzWH4ig08AcoibXeA'"	[1.8055555555555556, 3.125, 54.22222222222222]
"b'7wi0yczEe3OC3P8CpkZz2g'"	[2.0, 3.2, 32.4]
"b'821Xtr_wwXqDc_ljjy5p6w'"	[1.6585365853658536, 3.1890243902439024, 38.76829268292683]
"b'82_uBRv_DfOIQi98KP52MA'"	[1.7, 3.2, 38.80909090909091]
"b'872bhARqHoDEljyEboTDew'"	[1.7741935483870968, 3.2903225806451615, 34.193548387096776]
"b'88TztTRS7K80OvWpolm4sQ'"	[1.6352941176470588, 3.235294117647059, 31.211764705882352]
"b'8JvnGSxZAw-1qvw35xLyPQ'"	[1.3076923076923077, 3.0384615384615383, 27.692307692307693]
"b'8Moo70rNhVb8Ji9PQNS3iw'"	[1.5161290322580645, 3.2419354838709675, 21.870967741935484]
"b'8gzRJEmYJGTCdahRKcafXw'"	[1.584070796460177, 3.2389380530973453, 38.769911504424776]
"b'8igSEuGdCMLFrwwXgU38kg'"	[1.7105263157894737, 3.1578947368421053, 34.05263157894737]
"b'8jl0zzTGajfSDpdVDPYn6Q'"	[1.8, 3.05, 42.05]
"b'8lPxiYChdJdTV24NJvOB3Q'"	[1.712962962962963, 3.1944444444444446, 38.56481481481482]
"b'8v7nrjG5K0cMleIP4Kit-w'"	[1.734375, 3.234375, 44.828125]
"b'8xPmlVJy2o6x0J04CBpEMQ'"	[1.707070707070707, 3.196969696969697, 37.04040404040404]
"b'9-lGjghZUEPmKyviTyYLUA'"	[1.7094017094017093, 3.217948717948718, 49.55555555555556]
"b'941AKOPQOAu3POXoDL7pSg'"	[1.6428571428571428, 3.2285714285714286, 30.7]
"b'98mGyxngGTYlQvohB83eKA'"	[1.7107438016528926, 3.227272727272727, 48.917355371900825]
"b'9AVuEdSl85ZEd49zrdsK5g'"	[1.5405405405405406, 3.391891891891892, 29.43243243243243]
"b'9CJGlFmrHBt9htRv6on32A'"	[1.651376146788991, 3.2339449541284404, 53.6605504587156]
"b'9b-rXZbHAAxv_0sSWlcyEQ'"	[1.7234042553191489, 3.228723404255319, 43.88297872340426]
"b'9fKYo_6qLPofBbts0JAnSw'"	[1.8461538461538463, 3.5256410256410255, 43.69230769230769]
"b'9gmBTYCBC0uM6uCJdwK2Bw'"	[1.8108108108108107, 3.135135135135135, 52.891891891891895]
"b'9nMoCP27LfPGo2Yu-6z1bg'"	[1.5686274509803921, 3.2058823529411766, 49.92156862745098]
"b'9ok8nLK-8emYWbt6kwd-HA'"	[1.6538461538461537, 3.173076923076923, 41.11538461538461]
"b'9q_O836mXia6Lqkirl2Ynw'"	[1.74, 3.14, 39.32]
"b'9v9cMGBpUm_IzTuPfXXEOw'"	[1.7008547008547008, 3.2264957264957266, 49.17948717948718]
"b'A2aOwMcP0DxGPr2El7eifA'"	[1.706896551724138, 3.2370689655172415, 49.18103448275862]
"b'A5lD3y2eREchEdMcvWPXBA'"	[1.58, 3.21, 48.02]
"b'AEDMHHsQ9FWb6hiv_RaQMQ'"	[1.75, 3.1923076923076925, 43.26923076923077]
"b'AKO9zpHbyskr_E4TDMpRHA'"	[1.8717948717948718, 3.576923076923077, 47.23076923076923]
"b'AL_dmG-SSeykB0X5SpDiwA'"	[1.7008547008547008, 3.2222222222222223, 49.675213675213676]
"b'ANbBHDf1PZp5bQCkEa8YsQ'"	[1.8055555555555556, 3.1666666666666665, 53.94444444444444]
"b'APLfzC4bgq7wVwq3aoDE9Q'"	[1.6666666666666667, 3.2135416666666665, 38.979166666666664]
"b'AY97dZLFOzhXyAKsQuEWLw'"	[1.5818181818181818, 3.2636363636363637, 46.981818181818184]
"b'Ac0kKKfYGM-vKORWCg20eg'"	[1.8717948717948718, 3.5256410256410255, 44.30769230769231]
"b'AhQ8vvgBOPJ4iFMC8ZbdNw'"	[1.691588785046729, 3.2616822429906542, 46.06542056074766]
"b'AipRYo2T9Av3Tr0pVV_adA'"	[1.7727272727272727, 3.0454545454545454, 41.54545454545455]
"b'AnooUWnq68nDpMjXf2n4_g'"	[1.6964285714285714, 3.21875, 46.580357142857146]
"b'ArMzv0oa_-UndTK3o3HHWg'"	[1.4, 3.0, 31.0]
"b'AtUtG-oQp1rkk6ZdYcfSzw'"	[1.6352941176470588, 3.2294117647058824, 29.647058823529413]
"b'AuKKWh7jc1G7G_P_l8fd-g'"	[1.6910569105691058, 3.2154471544715446, 48.91869918699187]
"b'B4SQCxWWvOLlyqHBFrNlSw'"	[1.4583333333333333, 3.25, 21.75]
"b'B9c_0pMFuDN6y6934MsmZQ'"	[1.3333333333333333, 3.0416666666666665, 26.75]
"b'BCa9j5GEo5lnEPywu-TiFA'"	[2.0, 3.875, 95.125]
"b'BWnVdK1W8i9kYU75u0DMHA'"	[2.1, 3.85, 45.0]
"b'BmSLyxm8b86dtzwuT7LqBA'"	[1.6428571428571428, 3.2285714285714286, 30.142857142857142]
"b'C2C37kwDZ332qwlx_Cg4nw'"	[1.8333333333333333, 3.138888888888889, 53.861111111111114]
"b'CAhoEZPcAEvBSoCxn_fAjQ'"	[1.6542056074766356, 3.2429906542056073, 54.44859813084112]
"b'CC8AIB3g1d88YVpmaUsVgA'"	[1.85, 3.525, 44.45]
"b'CG4KapQ-CXygjnqlN9ytLA'"	[1.8571428571428572, 3.2857142857142856, 35.714285714285715]
"b'CMkayuNDHPcd1dxO32kJyA'"	[1.7126436781609196, 3.2758620689655173, 48.724137931034484]
"b'CP6huld0HBwnDMoH5YWSig'"	[1.793103448275862, 3.3448275862068964, 35.62068965517241]
"b'C_MKyyEaJVUTldNujrnTZQ'"	[1.6285714285714286, 3.25, 30.928571428571427]
"b'CbAZZVel3mXEUepuqtn_0w'"	[1.826086956521739, 3.289855072463768, 45.869565217391305]
"b'CbXrSVThJEIGYWKOwNzBUA'"	[1.2857142857142858, 3.0714285714285716, 37.0]
"b'Cgv6synb6E6XFp0wAS8oTw'"	[1.8055555555555556, 3.138888888888889, 51.388888888888886]
"b'CkDonyHqcSw9b-mXgNc4TA'"	[1.813953488372093, 3.1744186046511627, 54.76744186046512]
"b'CmD8Nx5DW7eaFAax47Wlnw'"	[1.8148148148148149, 3.3333333333333335, 36.407407407407405]
"b'Cs8BaiKkyNU6mzxq9nTsmg'"	[1.6415094339622642, 3.1792452830188678, 38.735849056603776]
"b'Cx0wkl85Xdw9OCQkbXMjzQ'"	[2.111111111111111, 3.7777777777777777, 75.33333333333333]
"b'Cy1bPenka65T2AUBAn-WkQ'"	[1.6938775510204083, 3.204081632653061, 38.3469387755102]
"b'D84t4wCarKR7h9lbWZDFmQ'"	[1.72, 3.21, 38.82]
"b'DZtCOjxk8o3spThN215Gbg'"	[1.6428571428571428, 3.2214285714285715, 31.12857142857143]
"b'DaYA84gx1p7TvtsW14NuAw'"	[2.0, 3.95, 45.4]
"b'DbTpQB1BSi76naw2aHXouQ'"	[2.0, 3.2142857142857144, 30.571428571428573]
"b'DeyZIjeRaVMVm2ae2YUkyg'"	[1.6395348837209303, 3.2267441860465116, 31.593023255813954]
"b'Dl-hhPCjRJM221XSwiuTbg'"	[1.5384615384615385, 3.1923076923076925, 49.11538461538461]
"b'DoZnn9iFwXglLs8Smmvd8A'"	[1.6829268292682926, 3.231707317073171, 48.83739837398374]
"b'Du199LbeUS-oVmld_dcq1g'"	[1.6910569105691058, 3.2195121951219514, 48.91056910569106]
"b'DuUt446iZMHowlt9AQ5kNg'"	[1.6981132075471699, 3.169811320754717, 40.9811320754717]
"b'Dx-Af02_QGi0dzItv4ANTg'"	[1.6935483870967742, 3.2379032258064515, 48.70967741935484]
"b'Dxh9o8B6EP3QWMKs3STXbw'"	[1.7972972972972974, 3.25, 44.54054054054054]
"b'E4I_MLoRNwLCZ8mHr4fRpQ'"	[1.6428571428571428, 3.2285714285714286, 31.114285714285714]
"b'E6ZQcz49HADpQh2b7GNgrw'"	[1.793103448275862, 3.3620689655172415, 34.0]
"b'EKnbQlntPX0FsgAC94XniA'"	[1.5686274509803921, 3.235294117647059, 49.372549019607845]
"b'ELWg-1ychqYD0XtM-2IRDA'"	[1.826086956521739, 3.5543478260869565, 48.26086956521739]
"b'ERjDXFk2J7RprGrOEDR0LQ'"	[1.6829268292682926, 3.2195121951219514, 48.853658536585364]
"b'EZUhUW3S8qG9kEfnkWlZxg'"	[1.630952380952381, 3.232142857142857, 31.547619047619047]
"b'EZrkg2mrQLGaXdsiuRnBgQ'"	[1.9464285714285714, 3.2232142857142856, 43.017857142857146]
"b'Eaxf3bmxnMljIylk_2ZW2Q'"	[1.6428571428571428, 3.2285714285714286, 30.885714285714286]
"b'Eecewruq14ycZwV--OdOSw'"	[1.25, 3.25, 8.25]
"b'EfCokOBABzEFRlnvKr6-tw'"	[1.8333333333333333, 3.1527777777777777, 54.22222222222222]
"b'EhTYPpGzs2MfDspt1nU7Hg'"	[1.8461538461538463, 3.5384615384615383, 44.69230769230769]
"b'EqJRslgHFfw3DcKMdFtaNg'"	[1.6916666666666667, 3.2291666666666665, 49.358333333333334]
"b'F-N0K6LemPp8RTxiqup8WA'"	[1.7222222222222223, 3.263888888888889, 57.361111111111114]
"b'FfA7BYSEc46Y3lKHOiqn4g'"	[1.8461538461538463, 3.5256410256410255, 44.64102564102564]
"b'G2ZP40c11X5ZZh1xHaJVMA'"	[1.6923076923076923, 3.173076923076923, 40.32051282051282]
"b'G8yK38PuRB6H9c0M0gJedg'"	[1.7037037037037037, 3.199074074074074, 39.425925925925924]
"b'GDiSja9Y9yJSeROIeApyEg'"	[1.7027027027027026, 3.2162162162162162, 46.65765765765766]
"b'GIbMEsayMK8nFb5OAHLJWA'"	[1.6081081081081081, 3.2162162162162162, 29.91891891891892]
"b'GPGgN0_7xFdB6gqwaMabOA'"	[1.6081081081081081, 3.2162162162162162, 29.013513513513512]
"b'GQ9JTpWWJuN4PFRXLbKFUw'"	[1.9642857142857142, 3.232142857142857, 43.589285714285715]
"b'GddF9NCklDiGDk-d9xtTNg'"	[1.9655172413793103, 3.2413793103448274, 42.93103448275862]
"b'GjI8vHV8cAsZlhBpogoUEw'"	[1.5689655172413792, 3.3189655172413794, 48.37931034482759]
"b'GkY6UWWn0Fz2ehcuBp66pg'"	[1.6385542168674698, 3.216867469879518, 30.048192771084338]
"b'GmNXmd_UAtG5FEnlEFfkkQ'"	[1.96875, 3.140625, 49.53125]
"b'H-GwatUcZ-lrnfWFH3S4IA'"	[1.5, 3.1875, 17.875]
"b'H2ljOK6pDHJ-iQzHkijW0w'"	[1.6542056074766356, 3.2523364485981308, 53.89719626168224]
"b'H3k_f3eDxUfLvTInwRpM0Q'"	[1.7777777777777777, 3.1666666666666665, 54.05555555555556]
"b'H6JDm2bkdGmWVEm5K9N2pw'"	[1.25, 3.0416666666666665, 28.583333333333332]
"b'H97gae0HLwN876RhZ2q3Ng'"	[1.5483870967741935, 3.193548387096774, 22.612903225806452]
"b'HA9VtwOCvBEYqRxuJfa6Xg'"	[1.625, 3.236111111111111, 32.81944444444444]
"b'HAzqPzwxiSu2-XhJkz8ntQ'"	[1.6774193548387097, 3.193548387096774, 33.096774193548384]
"b'HG9m9eldYtnX_UeMt4Yy2w'"	[1.7115384615384615, 3.206730769230769, 39.55769230769231]
"b'HGZh_GGToep5AMb9TikrmQ'"	[1.5740740740740742, 3.240740740740741, 47.2037037037037]
"b'HT_eV18wKa8WzCz8UsTVZA'"	[1.5172413793103448, 3.2241379310344827, 22.551724137931036]
"b'HTipzqMegyxUfzlrXHvY-A'"	[1.8333333333333333, 3.125, 53.44444444444444]
"b'HTkY1GABYTivk-DKWyrlEw'"	[1.7543859649122806, 3.175438596491228, 56.45614035087719]
"b'HV25Suwkzd-roRc63sEmtA'"	[1.706896551724138, 3.228448275862069, 49.46551724137931]
"b'HWf16iMb2fsCDl9krQd5EA'"	[1.5925925925925926, 3.1944444444444446, 47.648148148148145]
"b'Ha9NESQKMD_jFydpP-l-bw'"	[1.5135135135135136, 3.418918918918919, 29.027027027027028]
"b'HcqI_ONIaXwzYR7cxFpdUw'"	[1.2, 3.3, 9.4]
"b'Hk1Q874UqawFXq0XzIIBYg'"	[1.875, 3.2, 39.75]
"b'Hl8xRv7rV7O2eSJelGis_Q'"	[1.7064220183486238, 3.2018348623853212, 39.11009174311926]
"b'Hm2YntlJzqP4reNZRlkCEA'"	[1.6869565217391305, 3.226086956521739, 47.278260869565216]
"b'Hrbwae-MS_7JlS27uoigIA'"	[1.58, 3.21, 50.48]
"b'I-mDBT0rs1ReKpyO4t0ciA'"	[1.7008547008547008, 3.2264957264957266, 49.666666666666664]
"b'I1pLg_ZjLMcie3g58I_GZA'"	[1.703125, 3.21875, 53.390625]
"b'I8cCdp3q_5oCEykzZgPkQw'"	[1.8333333333333333, 3.111111111111111, 53.25]
"b'I8zlwb9gynj3RSuRKmP0rA'"	[1.7073170731707317, 3.2439024390243905, 42.0]
"b'ICy-YxFn_DD86_LV0ye5cw'"	[1.7094017094017093, 3.2435897435897436, 50.21367521367522]
"b'ID7WUBLnhkdxp8QrjsssZg'"	[1.6708860759493671, 3.1835443037974684, 37.70886075949367]
"b'IFexdgbWnmsnhfZsJwe9bw'"	[1.5423728813559323, 3.3220338983050848, 48.6271186440678]
"b'II44-On32pZWqzfpke7zhg'"	[1.7254901960784315, 3.156862745098039, 38.666666666666664]
"b'IOn53O75uac_cTjHkQkkJQ'"	[1.7555555555555555, 3.188888888888889, 56.37777777777778]
"b'IRzY7yoBqoHaZNNo8WiWQQ'"	[1.829268292682927, 3.158536585365854, 47.24390243902439]
"b'ITIqv6QzRV_tE-PS6Brw6A'"	[1.9642857142857142, 3.232142857142857, 43.07142857142857]
"b'IU9tdRwepU5P8wrZ8rkWAQ'"	[1.875, 3.0625, 22.125]
"b'IUHv7Jm3GdCSYyz1A_7VVA'"	[1.6574074074074074, 3.2268518518518516, 54.120370370370374]
"b'IVycgW_eRmCpIfVN_eiPIA'"	[1.7741935483870968, 3.306451612903226, 34.0]
"b'IZ33QKVggRtHdMdWoDPi6Q'"	[1.6081081081081081, 3.2162162162162162, 28.594594594594593]
"b'IdVoDto0eqtzzH5B4bpvsA'"	[1.7234042553191489, 3.234042553191489, 43.93617021276596]
"b'IoUtQRoXPuDcAsfp-Q7CLQ'"	[1.7094017094017093, 3.217948717948718, 49.60683760683761]
"b'It6NGNfebuF5j3KrXoi-IQ'"	[1.5803571428571428, 3.2455357142857144, 39.080357142857146]
"b'IvFdi-vp823dTAWwHMT6xQ'"	[1.6292134831460674, 3.258426966292135, 35.03370786516854]
"b'J255D4FdBCZYEhFr3z8_kA'"	[1.7008547008547008, 3.217948717948718, 49.61538461538461]
"b'J6x28YX3K7ErHU0uPMSfyA'"	[1.9772727272727273, 3.147727272727273, 42.29545454545455]
"b'J6xRU44NIJzkPq9CPGTLeA'"	[1.3333333333333333, 3.0, 29.583333333333332]
"b'JDWhkcJHNGX-KY0bOLcodQ'"	[1.6338028169014085, 3.232394366197183, 30.746478873239436]
"b'JEglRPwON2QUi8vlxbFlRQ'"	[1.6428571428571428, 3.244047619047619, 31.702380952380953]
"b'JHTzeOsZse-g3xkUM20nxQ'"	[1.7094017094017093, 3.2435897435897436, 50.43589743589744]
"b'JJys4pp5xmf3bB4E3lmxRA'"	[1.6542056074766356, 3.2523364485981308, 54.05607476635514]
"b'JMRJxV9PxIT78ticltqm9g'"	[1.8333333333333333, 3.125, 54.05555555555556]
"b'JNHtdEWCOreJ_S_Fj41bqQ'"	[1.7340425531914894, 3.228723404255319, 43.851063829787236]
"b'JlH2ftC1583N5a8EIvUcMw'"	[1.8461538461538463, 3.5384615384615383, 45.43589743589744]
"b'JpyHiBZtQel1b0OuvRz_pw'"	[1.8333333333333333, 3.111111111111111, 53.44444444444444]
"b'Ju6GKbZn1HlCyyQr8D-psg'"	[1.4, 3.1, 36.55]
"b'JyRBZrkZCu1gouIZHolBMA'"	[1.6851851851851851, 3.240740740740741, 47.842592592592595]
"b'K1nwSvx14on6eVBbu5E9rA'"	[1.7755102040816326, 3.173469387755102, 54.6530612244898]
"b'K4-J1A_ZIzG2yNkee0KOaA'"	[1.5686274509803921, 3.215686274509804, 49.19607843137255]
"b'K4amkYh0AkUJwBRVLNDLrw'"	[1.7794117647058822, 3.235294117647059, 43.779411764705884]
"b'K7PNQYgHhM8rVGDl3DGsdQ'"	[1.7627118644067796, 3.1440677966101696, 60.0]
"b'KQTMXyC90UPz6vspdspbeg'"	[1.7184466019417475, 3.20873786407767, 40.699029126213595]
"b'KRoJhHyPWORMJn1UO5kAkA'"	[1.7169811320754718, 3.19811320754717, 37.339622641509436]
"b'KapTdGyGs7RK0c68Z6hhhg'"	[1.723809523809524, 3.2095238095238097, 41.22857142857143]
"b'KbjdEA6SRrjrwiFBtsD93g'"	[1.6428571428571428, 3.2285714285714286, 31.057142857142857]
"b'KbtUNrTfQqGlCFVnpk2JAg'"	[1.6896551724137931, 3.1982758620689653, 38.827586206896555]
"b'KjuvzMveMCyUqbQy3dBuBA'"	[1.6142857142857143, 3.25, 31.1]
"b'Ko41Hk0oKpHaWYTMigISUQ'"	[1.685483870967742, 3.225806451612903, 48.38709677419355]
"b'KsaVx2E63ZMXUQfrxcp_XQ'"	[1.706896551724138, 3.2327586206896552, 48.68103448275862]
"b'LCvbdVqfIZkxHwWwN4uisg'"	[1.7777777777777777, 3.1777777777777776, 56.28888888888889]
"b'LDZL1lr2VqJaspKroDqZHQ'"	[1.9649122807017543, 3.254385964912281, 43.771929824561404]
"b'LJEoHxM8wow4nSaObqXzSg'"	[1.826086956521739, 3.0217391304347827, 39.869565217391305]
"b'LKDGDUiDKTuo93gwF5guPA'"	[1.6910569105691058, 3.2154471544715446, 48.707317073170735]
"b'LPWMKKcGeWmJgf8t_TIcYQ'"	[1.7340425531914894, 3.228723404255319, 43.3936170212766]
"b'LWAhvkjQZgHukgmgXto95A'"	[1.9411764705882353, 3.2058823529411766, 49.94117647058823]
"b'LdOSw3VbUZOmqup0jeU_Dw'"	[1.8095238095238095, 3.142857142857143, 47.38095238095238]
"b'LlcElqJnuQeol36TS2EiiQ'"	[1.7008547008547008, 3.2222222222222223, 49.717948717948715]
"b'Lv9wzkvPrVG-VdPGcw53_A'"	[1.5714285714285714, 3.236607142857143, 38.49107142857143]
"b'Ly48L1qSRdLpCSWcs_DWIw'"	[1.9259259259259258, 3.2222222222222223, 47.72222222222222]
"b'M-rqZ56wTGSNoIIsBSlhDA'"	[1.6929824561403508, 3.241228070175439, 47.780701754385966]
"b'M8Pl5qAmmrODfHeX6GOjsw'"	[1.7575757575757576, 3.2045454545454546, 42.07575757575758]
"b'M8_C-be43AQsH_sEgLPFPg'"	[1.8205128205128205, 3.5641025641025643, 45.23076923076923]
"b'MCXLDCA9F9Ui0VA9kuHlbA'"	[1.6910569105691058, 3.2154471544715446, 48.5609756097561]
"b'MDtMV0ld7q0BsQPKNIxGrQ'"	[1.7454545454545454, 3.1818181818181817, 60.38181818181818]
"b'MLYy937DjHHtE5Cwpg3NEQ'"	[1.690909090909091, 3.2045454545454546, 38.736363636363635]
"b'MNIo7-VytIE7INkc83GmXg'"	[1.5483870967741935, 3.225806451612903, 22.193548387096776]
"b'MQLnw9COMm2wOvjKI9Qn5A'"	[1.7666666666666666, 3.3333333333333335, 34.7]
"b'MSA9WlcVCjlektkeDX5keA'"	[1.56, 3.21, 47.92]
"b'MVBCWXTDtU8C1Qh5mMNSKA'"	[1.9642857142857142, 3.2410714285714284, 42.892857142857146]
"b'MWffCS7UkTUj9yDMy4jaLA'"	[1.9189189189189189, 3.2837837837837838, 38.16216216216216]
"b'MZ4EEf4VtkeSJURIGgp2AQ'"	[1.825, 3.525, 45.4]
"b'MdS6EHt2RZFpn9fQXZc9Ig'"	[1.691588785046729, 3.2476635514018692, 47.981308411214954]
"b'Mj453xsWDpBpCxMWkfE7Cw'"	[1.7272727272727273, 3.1636363636363636, 41.127272727272725]
"b'MoX-OXOMuOrxikH5fwuybQ'"	[1.58, 3.23, 50.54]
"b'MrLmI5f5fythtRDR3X7XKg'"	[1.5405405405405406, 3.4054054054054053, 29.43243243243243]
"b'MwI_po3xC40QUnoak-0Wgw'"	[1.6935483870967742, 3.225806451612903, 49.41935483870968]
"b'N8Ct3JmR0AF_41G9OOF1QQ'"	[1.5, 3.25, 19.0]
"b'NI_4CRkYsvPTh_FvC35F-Q'"	[1.7555555555555555, 3.2222222222222223, 56.6]
"b'NQEN9FoxUrUPWtmTjBRvcA'"	[1.6916666666666667, 3.2291666666666665, 49.358333333333334]
"b'NQF7wgb3mHfMPzy5owzxxQ'"	[1.685483870967742, 3.221774193548387, 48.62903225806452]
"b'NbaP_lZTns_GbTSkQz_KIw'"	[1.707070707070707, 3.212121212121212, 38.878787878787875]
"b'NdPbp-3uQKGnOpPo3s2Y8g'"	[1.8518518518518519, 3.3333333333333335, 36.0]
"b'NdpvGGF4cLrdnA6ydSZz3g'"	[1.6666666666666667, 3.2135416666666665, 38.458333333333336]
"b'Ns1BTbRzP-fH1VdAfe7A1g'"	[1.78, 3.19, 58.24]
"b'NuGZD3yBVqzpY1HuzT26mQ'"	[1.6481481481481481, 3.2314814814814814, 51.824074074074076]
"b'O4S3FeO_YM06AsUln5YXxA'"	[1.7826086956521738, 3.0, 37.78260869565217]
"b'OAtG5YWSfqR10OmhHmDBBQ'"	[1.7037037037037037, 3.2037037037037037, 39.43518518518518]
"b'OEB6connD7XFIyvq_rjI4g'"	[1.7058823529411764, 3.2394957983193278, 49.39495798319328]
"b'OEfvfMCJyC5kRWeRQQYQMg'"	[1.6285714285714286, 3.2285714285714286, 27.87142857142857]
"b'OOBSQF72cl3jBBpLQWhyzw'"	[1.7619047619047619, 3.357142857142857, 38.57142857142857]
"b'OR13v_9zCWGstIV_JwvFHQ'"	[1.7008547008547008, 3.2264957264957266, 49.675213675213676]
"b'OYfXGMEwcMKj_gty5e_Udg'"	[1.723809523809524, 3.2, 39.76190476190476]
"b'OiE0TLzbEATzIW8CbGWigA'"	[1.6923076923076923, 3.2222222222222223, 49.598290598290596]
"b'OpHAlSbQLZEztoaRMJnuAA'"	[1.78125, 3.3125, 33.3125]
"b'OsB_ZtFAaLDCPzvlAjHQ-w'"	[1.9333333333333333, 3.2333333333333334, 43.36666666666667]
"b'OygJyqypKFZJIZ6r9dML7w'"	[1.6144578313253013, 3.2289156626506026, 31.06024096385542]
"b'OyutYVBEA505HnCnMEaXMw'"	[1.7064220183486238, 3.2477064220183487, 47.77064220183486]
"b'PJZWfs8RSn4A5nvJ3Wzl1g'"	[1.5833333333333333, 3.325, 47.016666666666666]
"b'PKtGDWdu2xcuzVzq9j6ZyQ'"	[1.3076923076923077, 3.0384615384615383, 27.692307692307693]
"b'PPkMZMS1Ogdrm4NhyxgpFA'"	[1.7450980392156863, 3.1470588235294117, 38.8235294117647]
"b'PS5ghm09F2km76m4sQNJAw'"	[1.7727272727272727, 3.196969696969697, 44.10606060606061]
"b'PTPd2xamYtUCH00NqML-YA'"	[1.6081081081081081, 3.2162162162162162, 29.83783783783784]
"b'PYiCDIzavQ6XjIYaEjfLqw'"	[1.5769230769230769, 3.2115384615384617, 49.51923076923077]
"b'Pg12K0aiPMz2FpmkzxQnaA'"	[1.793103448275862, 3.310344827586207, 35.48275862068966]
"b'Ps-m4xYjx1dydW9EFIpi-w'"	[1.7741935483870968, 3.3225806451612905, 34.193548387096776]
"b'Q-eUzUjOwRlAXkwN8qDXXg'"	[1.6352941176470588, 3.235294117647059, 31.341176470588234]
"b'Q6ql-vhEfkUiry1r0XoDTA'"	[1.6896551724137931, 3.2370689655172415, 50.06896551724138]
"b'QB_KRwMlC-AtWdqWQ_Q_mA'"	[1.6888888888888889, 3.188888888888889, 56.8]
"b'QCaAoQkiu6qYodoFrTbHAQ'"	[1.680327868852459, 3.237704918032787, 49.17213114754098]
"b'QGTqGNLZbBA1QD8L_fO9ZA'"	[1.6923076923076923, 3.235042735042735, 46.23076923076923]
"b'QHZw2L6LV1qmExNJbfhIsQ'"	[1.691588785046729, 3.2710280373831777, 44.97196261682243]
"b'QJg8AuqITB4t_iKrLI6tOw'"	[1.75, 3.0, 23.75]
"b'Q_BMz5zeWFWW-2OuJGZ1yg'"	[2.111111111111111, 3.8333333333333335, 35.111111111111114]
"b'Qayz6avNEPNS6Q5UThYHCQ'"	[1.6923076923076923, 3.2393162393162394, 48.376068376068375]
"b'QfYePNeb1_VVXHOAan5P9A'"	[1.6285714285714286, 3.2285714285714286, 31.014285714285716]
"b'Qh28hjL2t6BMcge0B2mstA'"	[1.5833333333333333, 3.5416666666666665, 32.416666666666664]
"b'R5lMkibJ6cJWSDSz-nniww'"	[1.7037037037037037, 3.1944444444444446, 37.72222222222222]
"b'ROM3mR48w9Ljy0SJeBHiAw'"	[1.25, 3.0416666666666665, 29.666666666666668]
"b'RQ_sx6lNGVjSTtasK3wlQg'"	[1.829268292682927, 3.548780487804878, 50.5609756097561]
"b'RUS5xdYjwstuNkKO8honsg'"	[1.775, 3.1375, 60.975]
"b'RYGWTRVTC4_ZrfsJwpE5VQ'"	[1.7096774193548387, 3.1451612903225805, 33.32258064516129]
"b'RleTq9ZOSE2ymZwxtRkEtg'"	[1.6216216216216217, 3.22972972972973, 29.7027027027027]
"b'RnyuG8Ngt1rr3mFD3oYicw'"	[1.6923076923076923, 3.1880341880341883, 38.48717948717949]
"b'Ro-_PAzq-Rdxl5JhM3WmoA'"	[1.7755102040816326, 3.183673469387755, 55.0]
"b'RyTKm8McePjwsL8ggEHOYA'"	[1.7755102040816326, 3.193877551020408, 58.12244897959184]
"b'RzmVoc_cmKiWANYC05tt7Q'"	[1.7058823529411764, 3.23109243697479, 49.60504201680672]
"b'SCSDDqlCT5Lfzs1T1OH9gA'"	[1.9464285714285714, 3.232142857142857, 43.375]
"b'SEURrw7032BR15PKZ_aleA'"	[1.6774193548387097, 3.1774193548387095, 29.516129032258064]
"b'SJtbwP4_ed2B1AvIXd-EVQ'"	[1.8333333333333333, 3.125, 48.80555555555556]
"b'ST0hjnNVHHwGohN2514HIw'"	[1.7064220183486238, 3.2018348623853212, 39.12844036697248]
"b'STKP9Z3dMFj7cFtIWXtldA'"	[1.7096774193548387, 3.161290322580645, 33.064516129032256]
"b'SbwUKzeMlSZs-mQt0lOGQw'"	[1.725, 3.15, 59.125]
"b'SdUBFhIzwpN5IZfcr9jc-g'"	[1.6910569105691058, 3.2195121951219514, 48.94308943089431]
"b'SgEw4eNGSeP96OzfXf_79w'"	[1.6774193548387097, 3.2096774193548385, 32.483870967741936]
"b'Si_gSXVFFD8MxjtQhlIGdA'"	[1.7064220183486238, 3.2247706422018347, 46.77064220183486]
"b'SmYGe2qXVsP8zXjhwJkNBw'"	[1.6081081081081081, 3.2162162162162162, 29.81081081081081]
"b'SoHUx_IhzWEZH5sAsTQDYw'"	[1.6804123711340206, 3.2061855670103094, 38.96907216494845]
"b'StRX1019jguRr9XuGX2FZQ'"	[1.542857142857143, 3.4571428571428573, 30.0]
"b'StjoUqNzKRRuPAdMFfoVug'"	[1.75, 3.138888888888889, 54.111111111111114]
"b'Szb2I5CMW-vndUF_KS8H2A'"	[1.5, 3.5, 26.75]
"b'T4QPQ4M8fBL8h4LjDmZ_hg'"	[1.7272727272727273, 3.242424242424242, 48.292929292929294]
"b'T5f2zlczcS00W70e_omQ6w'"	[1.7117117117117118, 3.220720720720721, 46.7027027027027]
"b'TBvxW3d96m2p6uinwaHTtg'"	[1.6938775510204083, 3.2091836734693877, 38.58163265306123]
"b'TCr7O2v9L7sH-CZbtpz0KQ'"	[1.58, 3.21, 49.8]
"b'TFXI1fbhrs_kHU-jTKRYCQ'"	[1.6923076923076923, 3.235042735042735, 50.17094017094017]
"b'TITY-kzuk2hLumFrPnVlgA'"	[1.5714285714285714, 3.4, 28.8]
"b'TMEtXIh1PXsIryjTOmZWPQ'"	[1.5, 3.3815789473684212, 28.763157894736842]
"b'TPdaLEGufV5JnONni8u9fw'"	[1.7008547008547008, 3.235042735042735, 50.1965811965812]
"b'TQSHiH6KSCd2TDYEDTYRMA'"	[1.6428571428571428, 3.2214285714285715, 31.12857142857143]
"b'TV0RuDOX4PwI3oOQ5FJ9cA'"	[1.6910569105691058, 3.2235772357723578, 48.68292682926829]
"b'TVqlHgjFdd9vuYZLbu9S9Q'"	[1.25, 3.0833333333333335, 21.583333333333332]
"b'TZOiMROeIalOC_3Atb8a8A'"	[2.0, 4.0, 122.16666666666667]
"b'T_twaySigcc-YTdSAdmzVQ'"	[1.85, 3.25, 51.05]
"b'TbjAR4JMgBuPXiMUKsO9RQ'"	[1.6081081081081081, 3.2094594594594597, 29.824324324324323]
"b'Te1AgNKoqHaO5Gesn-oAlA'"	[1.685483870967742, 3.221774193548387, 48.564516129032256]
"b'TetRSApdg8YUcQ-WvDyU8g'"	[1.723809523809524, 3.1904761904761907, 40.46666666666667]
"b'Tf1zl5szY-u8C3J0AcygDQ'"	[2.0, 3.25, 7.0]
"b'TnPNs12weH1gxBHOThVqfw'"	[2.2, 3.5, 38.6]
"b'TqZk5nsqYBOa62XYQ7bXvQ'"	[1.7142857142857142, 3.3333333333333335, 44.19047619047619]
"b'TvHC_I01Ilvd5_fFi4sqIg'"	[1.6575342465753424, 3.219178082191781, 33.3013698630137]
"b'Ty7IyZN721l6VvBfc_zRVQ'"	[2.0, 3.25, 32.833333333333336]
"b'U02TVsrHqwTrbvyjDuNaRA'"	[1.6902654867256637, 3.252212389380531, 48.097345132743364]
"b'U4iTt02LLOg-zR5p0a0THQ'"	[1.6285714285714286, 3.2285714285714286, 31.071428571428573]
"b'U5DRVX1usSJzGFCM2-ZdKw'"	[1.6285714285714286, 3.2285714285714286, 30.557142857142857]
"b'U5dh8ojrtLAqe9zSKmGkjA'"	[2.0, 3.3333333333333335, 44.0]
"b'U5rfxvnZUupaWT_SgIV79g'"	[1.6829268292682926, 3.2154471544715446, 48.86991869918699]
"b'UDZMTxC_5wa_kdh0gbG-cQ'"	[1.6910569105691058, 3.2154471544715446, 48.9349593495935]
"b'URk3CDgSM42E2PWPKKFhWA'"	[1.6842105263157894, 3.2280701754385963, 47.5]
"b'UX1pAKQtRHX5fejaWbIy6Q'"	[1.6623376623376624, 3.227272727272727, 34.48051948051948]
"b'UePWfaUMDNrcL4oreTtiSQ'"	[1.4210526315789473, 3.1052631578947367, 38.26315789473684]
"b'Ugkr2hV3J6sXdpF48G42yg'"	[1.75, 3.138888888888889, 54.111111111111114]
"b'UkWme3kwg6L9rd4tCNB15w'"	[1.7037037037037037, 3.199074074074074, 37.129629629629626]
"b'UnWWyBzpo6L1tT3_5mUqZQ'"	[1.6935483870967742, 3.2338709677419355, 51.016129032258064]
"b'UpXigk3SzQR9v4xct_xEVQ'"	[1.8974358974358974, 3.2564102564102564, 41.43589743589744]
"b'VC-S7T5aSOP9HTKu_TNHKA'"	[1.8181818181818181, 3.0681818181818183, 41.31818181818182]
"b'VFkOmTy0o1OPuO5OfRjNEg'"	[1.7241379310344827, 3.2528735632183907, 48.758620689655174]
"b'VGZ_MJ7P3vSQMYyQf-mNjw'"	[1.8055555555555556, 3.138888888888889, 53.083333333333336]
"b'VJaHTx4eZtWNpDrAbGzR4A'"	[1.6428571428571428, 3.2142857142857144, 31.085714285714285]
"b'VRYeIWCo4JPpEG6-Hm9RKA'"	[1.962962962962963, 3.259259259259259, 45.74074074074074]
"b'VU5btOpyINHmCfGajZJe0Q'"	[1.6285714285714286, 3.2285714285714286, 30.9]
"b'VVUL1lzBOipXJlOG1wURMg'"	[1.7666666666666666, 3.316666666666667, 32.8]
"b'VW33YWpe_zPGDEHN0cNQfQ'"	[1.72, 3.205, 38.57]
"b'V_fa8HiyVDebFLbym--npQ'"	[1.6935483870967742, 3.225806451612903, 50.45161290322581]
"b'Vi5TwzEsoo_gaG1cvc1zdw'"	[1.627906976744186, 3.2325581395348837, 31.569767441860463]
"b'Vji_YCoJBoDTPkKy_Dmq7g'"	[1.6538461538461537, 3.2403846153846154, 54.81730769230769]
"b'VkNdl9wMvsz4xFu7bqQrGg'"	[1.6935483870967742, 3.217741935483871, 51.0]
"b'VqZG8rMYPKa5Cr5yi3AR_w'"	[1.72, 3.16, 39.3]
"b'VsAx_YduvuobBKl2Ep8mhw'"	[1.829268292682927, 3.1463414634146343, 50.90243902439025]
"b'Vu_BoGOSL70odzqCBr_vIg'"	[1.8518518518518519, 3.2962962962962963, 36.2962962962963]
"b'Vzx5hH_qZ9Uf2O7COjdfFg'"	[1.7424242424242424, 3.2045454545454546, 44.09090909090909]
"b'W0Ouw8EAczv9C1nS4ENwFQ'"	[1.8055555555555556, 3.138888888888889, 54.25]
"b'W0ei3b-a5hhHyh6C1yRcqQ'"	[1.3076923076923077, 3.0384615384615383, 27.692307692307693]
"b'W1pj7OeYz5oF42vACSoxmA'"	[1.8, 3.3333333333333335, 34.9]
"b'WF0I9AwErfaqkPPXM98ywQ'"	[1.6875, 3.15625, 29.53125]
"b'WFLl7zdzeLj6S37Hc_6lKg'"	[1.707070707070707, 3.202020202020202, 38.98989898989899]
"b'WM7Ckyt1oh2LaQPdkYhMwg'"	[1.8055555555555556, 3.138888888888889, 54.05555555555556]
"b'WNiQtCdlo7pEb8PnYqKxmQ'"	[1.6923076923076923, 3.1923076923076925, 38.64957264957265]
"b'WTuBrN0z2h7xvTaP7eN_XA'"	[1.6869565217391305, 3.226086956521739, 47.130434782608695]
"b'W_nU2qtu1AEDDCgkCo0gJg'"	[1.6041666666666667, 3.1354166666666665, 34.666666666666664]
"b'WaPPcti0ZoGTDQzQqsYDfQ'"	[1.6923076923076923, 3.2435897435897436, 50.14529914529915]
"b'WiLKkmQu_dlTaAxEObG7lg'"	[1.3333333333333333, 3.0, 29.5]
"b'Wqa1JjkSuviehZ7OedhPeA'"	[1.5686274509803921, 3.2450980392156863, 47.68627450980392]
"b'XAKZ6ADzAvK_IaFojW4wpA'"	[1.7666666666666666, 3.3333333333333335, 34.4]
"b'XBRMRpb9aqCLRLBPbI2n4g'"	[1.7659574468085106, 3.1914893617021276, 55.148936170212764]
"b'XCxxPZ3Lu5mwmIo7IQRf1g'"	[1.8181818181818181, 3.3727272727272726, 43.0]
"b'XGX5LW0s-OpjmOpVXXYshg'"	[1.6774193548387097, 3.2419354838709675, 50.596774193548384]
"b'XNVUXM8xY-slNbcPAr-w8Q'"	[1.6428571428571428, 3.2214285714285715, 30.814285714285713]
"b'XQjcN_irExWzMmglH6Nc9Q'"	[2.0714285714285716, 3.4464285714285716, 40.714285714285715]
"b'XSGSWu7Q4_IiJ_Zzsi-atw'"	[1.25, 3.0, 6.0]
"b'XZPaPZUk-WSTPvN20svsCg'"	[1.25, 3.0, 33.75]
"b'Xk0H_s_DNo9bsmHFAXjNqA'"	[1.71, 3.195, 38.89]
"b'XlZ2Row0pszDilc5WmXiZQ'"	[1.6574074074074074, 3.2314814814814814, 51.71296296296296]
"b'XlqnI6vcZUJ2tRFwjYKzcg'"	[1.707070707070707, 3.207070707070707, 38.898989898989896]
"b'XuZ9pksVQBIpmVQm6UO2YQ'"	[1.7037037037037037, 3.1944444444444446, 38.78703703703704]
"b'Y1wzvTTI_rSAJOF1224LCQ'"	[1.6352941176470588, 3.223529411764706, 31.341176470588234]
"b'Y2jzZLuaLZXby00Nv_BtGQ'"	[1.6542056074766356, 3.2523364485981308, 54.4392523364486]
"b'Y3nnWbotYR0hyQPMjXcyvQ'"	[1.7211538461538463, 3.2115384615384617, 40.18269230769231]
"b'Y7p6zjpZL6wKRWLZTzxu3A'"	[1.5161290322580645, 3.193548387096774, 30.483870967741936]
"b'YAgoRzc92vC3cHc-RrlSSA'"	[1.6956521739130435, 3.2304347826086954, 49.73913043478261]
"b'YDRnoQr8UyxPEXi-5ZrVJg'"	[1.8055555555555556, 3.138888888888889, 50.638888888888886]
"b'YEHWvvwcunakP4CyteM82A'"	[1.630952380952381, 3.2261904761904763, 31.61904761904762]
"b'YFvnkR2XXeU6Qz9dY4ZaEw'"	[1.6923076923076923, 3.1666666666666665, 33.30769230769231]
"b'YGU2RnqsJO7Izs1GLDhMLQ'"	[1.707070707070707, 3.202020202020202, 38.707070707070706]
"b'YNjW13ls0enqM2Lep2cCsQ'"	[1.8717948717948718, 3.5256410256410255, 45.07692307692308]
"b'YNpwfdqBeP6j8aFrJp2sQw'"	[1.5686274509803921, 3.235294117647059, 46.92156862745098]
"b'YdYaBff_a50rNEI8tXTp9g'"	[1.6, 3.2, 32.2]
"b'YfeTH4jtz_gpWz0QRYJFnQ'"	[1.6923076923076923, 3.235042735042735, 49.44444444444444]
"b'YwDZUnYeWyNFgBelSdE-Fw'"	[1.7118644067796611, 3.207627118644068, 49.45762711864407]
"b'Z4GRRhxLpHqXiiHeV99ARQ'"	[1.7107438016528926, 3.2231404958677685, 49.51239669421488]
"b'ZBSVDaDTI-WQsYzGxrq7ag'"	[1.826086956521739, 3.5652173913043477, 48.95652173913044]
"b'ZDPlCSHN2hdJSFVXFkaL7w'"	[1.6451612903225807, 3.2580645161290325, 40.26881720430107]
"b'ZMCxAECs6KOhpcWpt8HBiw'"	[1.7037037037037037, 3.2037037037037037, 39.26851851851852]
"b'ZOAid_xX3q85wAkBWtFDPg'"	[1.6875, 3.2083333333333335, 38.791666666666664]
"b'ZS4aj6VUb7A-pIJdYfL9-A'"	[1.8666666666666667, 3.3, 40.577777777777776]
"b'ZUd2Bx-fidHVCf_WzJHY1Q'"	[1.3076923076923077, 3.0384615384615383, 27.692307692307693]
"b'ZeEKKLja4xeGuy2nApMpsw'"	[1.7254901960784315, 3.1666666666666665, 43.588235294117645]
"b'ZlxJI_JSDJTUC-1atHRZWQ'"	[1.6666666666666667, 3.2962962962962963, 57.333333333333336]
"b'ZqTXN4qh0Ta1Lp8Z3v-dKg'"	[1.694915254237288, 3.23728813559322, 49.86440677966102]
"b'_72dMXdWbVAgwB-Bxwz-mw'"	[1.6875, 3.2083333333333335, 39.260416666666664]
"b'_GxIYv74MyV0pEZ28ZHSlQ'"	[2.142857142857143, 3.7857142857142856, 15.142857142857142]
"b'_ONkRPvpIYdCuj9u6cIPeA'"	[1.6285714285714286, 3.2357142857142858, 30.314285714285713]
"b'_Oz6jTG9hZf0yGnBBmcUGw'"	[1.6923076923076923, 3.2393162393162394, 50.17948717948718]
"b'_PKXarw3GjlbwbXhjdpUMA'"	[1.5217391304347827, 3.0869565217391304, 45.130434782608695]
"b'_VPprqqmGb276dJfwPDLaw'"	[1.44, 3.28, 21.6]
"b'_W_qYeOmM52rg-g5XbCaLg'"	[1.7826086956521738, 3.239130434782609, 50.47826086956522]
"b'_YoPC6DmYegxbPiKIoAKoA'"	[2.0, 3.4166666666666665, 43.333333333333336]
"b'_Z3uT_S66jD9Pr9jFVEZmw'"	[2.0, 3.9285714285714284, 107.28571428571429]
"b'_itQAuwxJQx4zwRp1Qc31Q'"	[1.6910569105691058, 3.2154471544715446, 48.96747967479675]
"b'_jT1b-OdicvJ9LyKj_M1Ww'"	[1.826086956521739, 3.5760869565217392, 47.5]
"b'_oFeTg8lIbmH1cVTt0x-rw'"	[1.3333333333333333, 3.0416666666666665, 29.0]
"b'_vVV9WMEQa7G2dutQgmhJw'"	[1.6338028169014085, 3.232394366197183, 30.746478873239436]
"b'_xavJB9Uia1CsPDlGFw5Qg'"	[1.7211538461538463, 3.2259615384615383, 40.11538461538461]
"b'_zHnHfNhURaDJiZdBb0-iQ'"	[1.9464285714285714, 3.1964285714285716, 40.035714285714285]
"b'a0epECkZLIs5TkKtDNuyAg'"	[1.7666666666666666, 3.316666666666667, 34.766666666666666]
"b'a60ZJVSe893i_Gl-ym_SIA'"	[1.71, 3.205, 38.75]
"b'a7-LY8FhQovF-_6w-mHClQ'"	[1.7083333333333333, 3.2333333333333334, 49.28333333333333]
"b'aE_InMCFg_6htbySiMd75Q'"	[1.5135135135135136, 3.391891891891892, 29.62162162162162]
"b'aKoDe5WZ-dgo6gD76kgNxQ'"	[1.7575757575757576, 3.2045454545454546, 43.63636363636363]
"b'aR0dWZeGyDjVpgJfBqYdpQ'"	[1.6770833333333333, 3.2135416666666665, 38.989583333333336]
"b'aShNnWaEy8QfXpgRAMFfjQ'"	[1.5151515151515151, 3.242424242424242, 29.363636363636363]
"b'aWndhjjBzYgk5OOYflbK4A'"	[1.7857142857142858, 3.482142857142857, 43.482142857142854]
"b'aa0uz1y1-ziTOveuE34HTw'"	[1.75, 3.15, 58.85]
"b'adaYhaXJR2TeU7UGZbJ6tQ'"	[1.7211538461538463, 3.201923076923077, 40.14423076923077]
"b'ae95XSsD37OQfOWF92GjNQ'"	[1.690909090909091, 3.2363636363636363, 44.845454545454544]
"b'akt3IzE5eVTyNJY9RKarJw'"	[1.712962962962963, 3.199074074074074, 39.44444444444444]
"b'anhLhbtprJ2QkjRxmLRqsw'"	[1.6428571428571428, 3.2142857142857144, 31.071428571428573]
"b'asLLCsmEx3PNZo1Xa83ppg'"	[1.7777777777777777, 3.314814814814815, 36.592592592592595]
"b'ax4ztJvW28xgGvI0OPqGcQ'"	[1.723809523809524, 3.1904761904761907, 39.10476190476191]
"b'b-eShxKvQVUyBpUGKcc7VA'"	[1.9111111111111112, 3.3444444444444446, 40.68888888888889]
"b'b1fiN3A2fmsuQzNvIRtiPQ'"	[1.6929824561403508, 3.1842105263157894, 37.833333333333336]
"b'b2mVQLlc_beZP-Iop8JgFg'"	[1.8717948717948718, 3.551282051282051, 45.333333333333336]
"b'b4_KfL99W0Hv_5HhRJbPdg'"	[1.8518518518518519, 3.2962962962962963, 36.592592592592595]
"b'b8buqCiXOQUrPcye8W0YEg'"	[1.7, 3.164285714285714, 39.5]
"b'bNQVXqWpsToBDcJg_4aWYA'"	[1.5769230769230769, 3.201923076923077, 47.84615384615385]
"b'bNqBMZ00lnhhfxzV8OhLfQ'"	[1.6181818181818182, 3.1454545454545455, 37.89090909090909]
"b'bPLyOh-ul8azUSgZmyR2vg'"	[1.2857142857142858, 3.0714285714285716, 34.285714285714285]
"b'bR_fM_J6CHT_iOV75GS7vw'"	[1.6428571428571428, 3.2357142857142858, 31.057142857142857]
"b'bbs_Kv-f_1QnkJ0jErguDA'"	[1.6911764705882353, 3.161764705882353, 40.5]
"b'belFmmu7TtTX1vcX9VGQCg'"	[1.6428571428571428, 3.242857142857143, 31.142857142857142]
"b'bnhwQZPmTghs8fynQtQiVQ'"	[1.9824561403508771, 3.245614035087719, 43.70175438596491]
"b'bpXjVgy_XkTnySLMlvSg5w'"	[1.7234042553191489, 3.223404255319149, 44.287234042553195]
"b'cAni154peOBRMsgVFLVnCg'"	[1.627906976744186, 3.2325581395348837, 31.348837209302324]
"b'cBpQ24_CQxZq2F3GRp35zQ'"	[1.6875, 3.1875, 32.5]
"b'cFoVNSXvCtqRXkQyEXfx-w'"	[1.7171717171717171, 3.196969696969697, 39.03030303030303]
"b'cKG42eNhcACwgXcqAyhjRg'"	[1.7142857142857142, 3.226890756302521, 49.32773109243698]
"b'cWZl0jdkJI8O7XBRIWPOPw'"	[1.6666666666666667, 3.2083333333333335, 39.395833333333336]
"b'cc-u2OVJOMYQQKJEaAkcpQ'"	[1.8333333333333333, 3.1527777777777777, 54.25]
"b'co5IBdTsoNWCRch-UzmXCg'"	[1.925, 3.2, 41.325]
"b'cqUky5KFtMlqKaAUYiOnLA'"	[1.7758620689655173, 3.353448275862069, 44.01724137931034]
"b'd7ZqJlSbyZHETKzj9XhJAg'"	[1.7575757575757576, 3.2045454545454546, 43.803030303030305]
"b'dAhhbaNVeEjiE1z5PGSxaQ'"	[2.2, 3.1, 24.3]
"b'dC60NKVSKNMaymlp_5wuyw'"	[1.542857142857143, 3.2857142857142856, 29.114285714285714]
"b'dHWUfXcWVfO4NeV7r7dq0Q'"	[1.608695652173913, 3.239130434782609, 30.565217391304348]
"b'dPVCSAu8xVIDXD-C3s6c5Q'"	[1.7115384615384615, 3.201923076923077, 40.10576923076923]
"b'd_ROFxj7n27aJb6CxJesAg'"	[1.6923076923076923, 3.2393162393162394, 49.56410256410256]
"b'dgIrIkCBiHtAHZ86_-awFQ'"	[1.7037037037037037, 3.2037037037037037, 38.93518518518518]
"b'dnL3yOplcB8x7-aVOpWD_Q'"	[1.4, 3.1, 27.2]
"b'dnNjNkcYSjFudOLcOFkxlg'"	[1.6822429906542056, 3.2523364485981308, 46.074766355140184]
"b'dumO6I2X9g6dv_70NDWkmw'"	[1.707070707070707, 3.207070707070707, 38.45454545454545]
"b'dwIu9LOUccHNe2nSpG1M3g'"	[1.7959183673469388, 3.193877551020408, 59.08163265306123]
"b'dwgeEOAcPuR-GhpMBaJmjA'"	[1.8055555555555556, 3.138888888888889, 53.611111111111114]
"b'e3D-zDL66uIaTFOdjJv8SQ'"	[1.9649122807017543, 3.245614035087719, 43.78947368421053]
"b'e4BSPTPc5DLjvdJY18EaVA'"	[1.6635514018691588, 3.205607476635514, 37.94392523364486]
"b'eOvNqnu9CZDCHe26sqj7bw'"	[1.3333333333333333, 3.0416666666666665, 28.583333333333332]
"b'ea3kF5zspg4eNmxSbZixsA'"	[1.6428571428571428, 3.2214285714285715, 31.042857142857144]
"b'eetlD3KXlb8cTwgrQVfquw'"	[1.7543859649122806, 3.1842105263157894, 60.03508771929825]
"b'eh9e2wfsXNRa4BgVSXUu7g'"	[1.6470588235294117, 3.223529411764706, 31.32941176470588]
"b'erRdoBvb4ywWky3KMjtVdg'"	[1.6972477064220184, 3.1926605504587156, 38.62385321100918]
"b'euPZCtrFKTRWYsd8qJVkRA'"	[1.7058823529411764, 3.161764705882353, 40.455882352941174]
"b'f1ekudjT4wtVZBcI_GIcFA'"	[1.7171717171717171, 3.202020202020202, 38.97979797979798]
"b'f1iTkj320DVn4TyWcvsUjA'"	[1.6470588235294117, 3.25, 34.14705882352941]
"b'f3gE6ZZFd7jRBjTVgt-mAg'"	[1.6666666666666667, 3.4722222222222223, 36.27777777777778]
"b'f5xm2RiwLv0gbmXU4BkrGA'"	[1.7115384615384615, 3.201923076923077, 40.21153846153846]
"b'f8R1qFYugdhQRR-ym8SUxg'"	[1.6538461538461537, 3.173076923076923, 41.07692307692308]
"b'f9OqUyBsY4wCfsnrcIj_Xw'"	[1.707070707070707, 3.212121212121212, 38.898989898989896]
"b'fMt-wU8Topyja7u9qPJaqQ'"	[1.6982758620689655, 3.2413793103448274, 50.08620689655172]
"b'fRNxnRKvoruMZzsQ8Ey1nw'"	[1.75, 3.09375, 39.145833333333336]
"b'fTkbO_-v88Ldn_cJwxHYQQ'"	[1.829268292682927, 3.524390243902439, 50.80487804878049]
"b'fh-hCT2esNJEocdBdggWoQ'"	[1.7647058823529411, 3.2573529411764706, 45.0]
"b'fnLiPkJL0ur4-pS99bgqGA'"	[1.8333333333333333, 3.125, 52.166666666666664]
"b'fp24IseF5LGD1Iev7d0PVA'"	[1.7604166666666667, 3.2604166666666665, 46.947916666666664]
"b'fpuyZ31OpX11UlJGFWKoNw'"	[2.0, 3.2, 16.0]
"b'fzHBvd0HZm1yB3UIMqZ3bA'"	[1.6923076923076923, 3.235042735042735, 46.623931623931625]
"b'g-nzfTvso3-4c4gkhkmGbQ'"	[1.9285714285714286, 3.267857142857143, 44.785714285714285]
"b'gCr_bfJG-c8Al3UADWBClg'"	[1.7575757575757576, 3.2045454545454546, 44.196969696969695]
"b'gIVjdDWRnS1yDVpPF3oUeg'"	[1.7179487179487178, 3.1538461538461537, 35.15384615384615]
"b'gN9HmM5Ga0C_pYASHrYWMQ'"	[1.7, 3.164285714285714, 39.5]
"b'gdAzvrNVrVClYMONc__SvQ'"	[1.3333333333333333, 3.0416666666666665, 29.5]
"b'gh0mBl_SBZ6kX9mYMq-R5g'"	[1.691588785046729, 3.2710280373831777, 45.0]
"b'gnkyosoOepBUqog7iDdggQ'"	[1.6972477064220184, 3.197247706422018, 38.08256880733945]
"b'gpn9-HR48SA4iS1PqF4bIw'"	[1.8372093023255813, 3.1744186046511627, 52.674418604651166]
"b'hC347DqIh44f_lk8AGGmgA'"	[1.85, 3.5375, 44.475]
"b'hDO8bWV_Ua8NxtfpStuuZg'"	[1.6730769230769231, 3.269230769230769, 44.93269230769231]
"b'hHYG2qoMId-y-HRkwNHoWQ'"	[1.6785714285714286, 3.2232142857142856, 46.669642857142854]
"b'hPTx2Y5e4Czbr21XcbDN8g'"	[1.7142857142857142, 3.226890756302521, 48.05042016806723]
"b'hVcLF8DLi3BUMDH5lwDVFQ'"	[1.631578947368421, 3.3947368421052633, 40.94736842105263]
"b'he_aQrSoqOUTBVEe8yPkQw'"	[1.6875, 3.2589285714285716, 50.982142857142854]
"b'hfeu3UZ-OrCgf5mp6RBjvA'"	[1.6774193548387097, 3.2338709677419355, 50.983870967741936]
"b'hhodrH4h3lNTATfKvm_Ocg'"	[1.6571428571428573, 3.5142857142857142, 43.82857142857143]
"b'hlwTMF6p-iCZKY89YcBTXg'"	[1.6703296703296704, 3.2032967032967035, 38.61538461538461]
"b'htQgj-ANQpZGpIpkkrEmyQ'"	[1.826086956521739, 3.5434782608695654, 41.630434782608695]
"b'i-NdezhBkAP2zoZGwwariw'"	[1.7741935483870968, 3.306451612903226, 31.967741935483872]
"b'i5KUubey8dD1M8hj6Srj_g'"	[1.6216216216216217, 3.2027027027027026, 29.972972972972972]
"b'i5VbbQTbymMPMtktQklYsA'"	[2.2, 3.0, 34.0]
"b'iRr1dmdbRAqrFg9aX8dkUw'"	[1.8035714285714286, 3.4642857142857144, 43.714285714285715]
"b'iZtv9s9lBA6DviQ2Mbm-SA'"	[1.904109589041096, 3.2054794520547945, 53.136986301369866]
"b'i_t_UJTSScw4srpb8aHUiw'"	[1.826086956521739, 3.0, 39.04347826086956]
"b'ibPjt-h9NC7OEzpj7IL83Q'"	[1.5925925925925926, 3.2037037037037037, 52.2962962962963]
"b'ihk6lWFPuVi___DSucNelQ'"	[1.6428571428571428, 3.2357142857142858, 31.085714285714285]
"b'irCBE0vRZ9oQZ26qMR-5HA'"	[1.6814159292035398, 3.1991150442477876, 37.95575221238938]
"b'ivHtwEweB5TtnupGXriTOQ'"	[1.875, 3.4583333333333335, 50.354166666666664]
"b'j1QfFrTE22PAak7rzD8OoQ'"	[1.7211538461538463, 3.2115384615384617, 39.98076923076923]
"b'j1fyIuQwrJWHJwR38UMysQ'"	[1.6545454545454545, 3.227272727272727, 53.3]
"b'j5csuLCDZOVoWhhjT9Yo8w'"	[1.6481481481481481, 3.212962962962963, 41.111111111111114]
"b'jNiZgCwZj4CNw1noxiC8PQ'"	[1.8333333333333333, 3.0833333333333335, 19.5]
"b'jTEiG6zrL3WXfJhj-T9k1w'"	[1.8055555555555556, 3.125, 54.166666666666664]
"b'jWrnT-VNIsTKjHCTyj2hdw'"	[1.8055555555555556, 3.1527777777777777, 53.861111111111114]
"b'jX6Gzr6WdoPxiRLKDfcVrQ'"	[1.6774193548387097, 3.193548387096774, 31.580645161290324]
"b'jdyM1DAiA7EzuYz1WDhjeA'"	[1.9491525423728813, 3.2457627118644066, 43.389830508474574]
"b'jfdUtdkXogP2kjK5KTdc8g'"	[1.685483870967742, 3.225806451612903, 48.233870967741936]
"b'js0ZzxVEDAkTdczCMT1emw'"	[1.7166666666666666, 3.2291666666666665, 49.233333333333334]
"b'jtC1InrFV8gK2NRSCto05Q'"	[1.2857142857142858, 2.9285714285714284, 36.142857142857146]
"b'k-zr3rReFvYWz8vNyDpJMA'"	[1.53125, 3.25, 28.9375]
"b'kE7BXayByJplaUZ_0r7QSA'"	[1.6666666666666667, 2.6666666666666665, 40.0]
"b'kE9nB1Ym3ZMTU-BE5sZGUQ'"	[1.9491525423728813, 3.2457627118644066, 43.220338983050844]
"b'kExyUZCLPoqwtrKOorQSZw'"	[1.25, 3.125, 28.833333333333332]
"b'kJL5YIQJJCp03RtLQvbf0A'"	[1.7826086956521738, 3.0, 41.26086956521739]
"b'kNZJMnTNXj42EfUGX3eRcw'"	[1.7741935483870968, 3.2903225806451615, 30.612903225806452]
"b'kRIPB7GPTHRj3cktAKAgsA'"	[1.8461538461538463, 3.576923076923077, 45.46153846153846]
"b'kSp9lWgQJrE9nsX7OS-x8w'"	[1.6634615384615385, 3.2451923076923075, 54.75]
"b'kX5oJ5flS_QWcx3YaWQktQ'"	[1.6825396825396826, 3.2301587301587302, 50.317460317460316]
"b'kXdHyRxXF1yxkEG6GTQ4CA'"	[1.9824561403508771, 3.236842105263158, 43.08771929824562]
"b'kYNlCSoJOVgAeu3QqS9ayw'"	[1.6285714285714286, 3.2285714285714286, 30.82857142857143]
"b'kchDx0ej68wjE31J4_jFbQ'"	[1.6818181818181819, 3.227272727272727, 40.95454545454545]
"b'kqBvmhAupwNTZcGhxqL2CA'"	[1.7169811320754718, 3.19811320754717, 37.75471698113208]
"b'kzMj-vVZTGewPCZnnzIlJA'"	[1.6770833333333333, 3.21875, 39.34375]
"b'l9RbdvFj3d5SPtyKfobyVA'"	[1.8431372549019607, 3.450980392156863, 49.705882352941174]
"b'l9vx-OTdDPU-oHZ17aVxdg'"	[1.7666666666666666, 3.3, 30.666666666666668]
"b'lDbqs6yNGC5gRtbvvP9amw'"	[1.6631578947368422, 3.236842105263158, 39.4]
"b'lDukJgkL2acR_yPDkvnwjw'"	[1.6578947368421053, 3.2302631578947367, 34.578947368421055]
"b'lTIt-3zKyluCPFwdu78JSA'"	[1.3333333333333333, 3.0416666666666665, 29.0]
"b'lX553YVMOt46NAaQyhNf7w'"	[1.9824561403508771, 3.192982456140351, 43.56140350877193]
"b'lYP2k_0RjFAHXoVGnMna1g'"	[1.7826086956521738, 3.0, 38.0]
"b'lh9ZqHBodHoHkRZzshaXlg'"	[1.5686274509803921, 3.2450980392156863, 48.84313725490196]
"b'lrm8hNDtwd5Wd0tVjOgCyw'"	[1.6296296296296295, 3.175925925925926, 40.148148148148145]
"b'lsopUiYOltljpfYcPq9Sbg'"	[2.0, 3.0, 21.0]
"b'lsqO3nJh11JPIcjwvu4YoQ'"	[1.7009345794392523, 3.2383177570093458, 48.242990654205606]
"b'lu6IAy3HQaQytbKIAPh2EA'"	[1.8205128205128205, 3.5256410256410255, 44.41025641025641]
"b'lv3h7WwuxPyJNLTeWeL5LQ'"	[1.7, 3.2071428571428573, 52.58571428571429]
"b'm03KaikWJrdeQ1URZPG4dA'"	[1.8888888888888888, 3.3, 40.51111111111111]
"b'm2OL7kEeI8O7yfZuzLLPxg'"	[1.6296296296296295, 3.175925925925926, 40.2037037037037]
"b'm2aDEL1d5lLf-v1UNvXc9Q'"	[2.0689655172413794, 3.4482758620689653, 42.37931034482759]
"b'm5TwCxoYp-JcDsbepb7few'"	[1.7234042553191489, 3.223404255319149, 44.11702127659574]
"b'mCi6_rVAYZUqJQeMXNRlJw'"	[1.7666666666666666, 3.3333333333333335, 34.36666666666667]
"b'mDtkfwIp-GQKAwVfqIGVbA'"	[1.7433628318584071, 3.2035398230088497, 50.584070796460175]
"b'mJmsppNPPupwDzJ9QRvoNQ'"	[1.6814159292035398, 3.2035398230088497, 37.95575221238938]
"b'mPKgBVRNkdeZ2-SaXi6uKA'"	[1.7008547008547008, 3.2222222222222223, 49.58974358974359]
"b'mVtV6vSMMMxLk_zIWYWG0A'"	[1.6956521739130435, 3.1913043478260867, 39.12173913043478]
"b'miUmZ27vC-gHoyEmUQMYuQ'"	[1.85, 3.525, 45.875]
"b'mljVLg3inB8h2L6wKC-szQ'"	[1.6481481481481481, 3.2453703703703702, 53.99074074074074]
"b'mmVBy53hWnbQQVT_QRXSmA'"	[1.794871794871795, 3.5641025641025643, 45.53846153846154]
"b'mnJ0WX9qTS9CxZWFioaFMQ'"	[1.8095238095238095, 3.0714285714285716, 42.476190476190474]
"b'moZAQFO776KIBe38WjiTJw'"	[1.6890756302521008, 3.226890756302521, 48.470588235294116]
"b'mspZuHQ8rVXpyVMqQIKw_A'"	[1.7462686567164178, 3.216417910447761, 40.43283582089552]
"b'mwTFXgCTO58Rk6KTorV2sA'"	[1.853658536585366, 3.268292682926829, 31.658536585365855]
"b'n0JifoI1yWxaBiv7VLRc4Q'"	[1.6542056074766356, 3.2429906542056073, 54.373831775700936]
"b'nDfKGbSGIsPv-q0-s-GrVQ'"	[1.7227722772277227, 3.217821782178218, 38.71287128712871]
"b'nJ71XaqT27UzIIzSQDHqOw'"	[1.3076923076923077, 3.0384615384615383, 27.692307692307693]
"b'nOykFBuMLOuw3ZB2WTk50g'"	[1.6857142857142857, 3.2, 41.32857142857143]
"b'naYlngFbak0alEsjlFP4pQ'"	[1.6875, 3.2276785714285716, 46.785714285714285]
"b'nghPxiuQQW2tUdE4R0ytww'"	[1.6814159292035398, 3.190265486725664, 38.06194690265487]
"b'niywGbCHhVV4V7-lLbCrXg'"	[1.56, 3.23, 49.94]
"b'nt4V7wbnqEL7omkH5LXeFQ'"	[1.6568627450980393, 3.1813725490196076, 38.588235294117645]
"b'nyLHFPxEoMfzrs3g7hAsVg'"	[1.8461538461538463, 3.551282051282051, 45.256410256410255]
"b'o1bF2ZBMw8Vep67NlECmxA'"	[1.625, 3.1607142857142856, 39.910714285714285]
"b'oDBz4UnpaAVkBFGEAUaQPA'"	[1.6923076923076923, 3.230769230769231, 49.957264957264954]
"b'oEXk0ygEurbAiodWP6BmfA'"	[1.7171717171717171, 3.202020202020202, 39.0]
"b'oJYqV8s_Y5y_mNC-38KELA'"	[1.6756756756756757, 3.225225225225225, 45.86486486486486]
"b'oLS0qczitIoiYSpfKOZ3jQ'"	[1.8333333333333333, 3.125, 54.166666666666664]
"b'oLTPdss2n5ug4B-RvNbTSQ'"	[1.5151515151515151, 3.242424242424242, 29.606060606060606]
"b'o_TPuqXuH-O_FbEkFNACUA'"	[1.7741935483870968, 3.2903225806451615, 33.225806451612904]
"b'orjS8GtlcTRTod-y6cHwgA'"	[1.5737704918032787, 3.30327868852459, 47.049180327868854]
"b'osvcl7Fh_J5VwUikh5Vskg'"	[1.6428571428571428, 3.2357142857142858, 29.571428571428573]
"b'p1qikz--GQonzyIyIsgssg'"	[1.710144927536232, 3.152173913043478, 40.01449275362319]
"b'p3RUmQhsTjErcorfD6zunA'"	[1.8, 3.375, 46.21666666666667]
"b'pAQwza9U8OLY65Q73pAnxQ'"	[1.6694915254237288, 3.2033898305084745, 36.932203389830505]
"b'pC-yxosWB_wg-acCjjsKhw'"	[1.8064516129032258, 3.3225806451612905, 34.03225806451613]
"b'pDMxIQoqkZJeUe2r8XIVKQ'"	[1.1428571428571428, 3.0, 31.142857142857142]
"b'pKEN0m5B6BNMJRX5ax10BQ'"	[1.9090909090909092, 3.2386363636363638, 41.25]
"b'pOvTYClFgMm-wAXPW1CnhQ'"	[1.8148148148148149, 3.2777777777777777, 32.851851851851855]
"b'pP36B7aQh39jwBzHBs40ww'"	[1.6694915254237288, 3.1864406779661016, 37.09322033898305]
"b'pQUjQZgOzUX-KUXYHZKpng'"	[2.142857142857143, 3.7142857142857144, 13.714285714285714]
"b'pROG1SLxBsWlrmyeOoA0-A'"	[1.6910569105691058, 3.2195121951219514, 48.926829268292686]
"b'pw09B1aBMNi7eYQnSR0UiA'"	[1.71875, 3.234375, 43.489583333333336]
"b'pym03Nj6-X1Of3xa9mfPWg'"	[1.88, 3.43, 49.98]
"b'q1IxHtEyuYLk7hNnMPOm6g'"	[1.6451612903225807, 3.403225806451613, 46.12903225806452]
"b'q4QuS-MaVSXbIFkUZlxZ9g'"	[1.625, 3.125, 49.875]
"b'qEe0mdIax3pz3DH4RPj3sQ'"	[1.6774193548387097, 3.217741935483871, 50.62903225806452]
"b'qF84n4A5j1oj65I6kQsEJw'"	[1.9545454545454546, 3.227272727272727, 50.93181818181818]
"b'qGC_GE-1fnjVvfzpu_Lbkw'"	[1.7297297297297298, 3.2117117117117115, 45.252252252252255]
"b'qNnd-4bG1hm2NFMaOHj1kg'"	[1.619718309859155, 3.2183098591549295, 30.746478873239436]
"b'qOuoI7hvzBAzF1Y43J7yKQ'"	[1.8461538461538463, 3.5384615384615383, 45.15384615384615]
"b'q_KQbgnaYDlPx8EHTydcBQ'"	[1.691588785046729, 3.2476635514018692, 47.67289719626168]
"b'qfa4p28aOu9-VQ30mwQzUQ'"	[1.6285714285714286, 3.2285714285714286, 31.0]
"b'qiZ7t01x0xqqB0RIvO3yuQ'"	[1.7966101694915255, 3.364406779661017, 46.23728813559322]
"b'qwlsGR-pJb6xMWJBqiNIQw'"	[1.7575757575757576, 3.2045454545454546, 43.74242424242424]
"b'qyLjLT8WqUQWRyUKeSxu8g'"	[1.962962962962963, 3.2685185185185186, 45.72222222222222]
"b'r1SfvWKoRQcoMoGy9ou-JA'"	[1.7142857142857142, 3.23109243697479, 49.50420168067227]
"b'r6Qth5yqlCVJMQtThylXfw'"	[2.0, 3.1666666666666665, 52.404761904761905]
"b'rEa4g6c2EJr2UvZe0hVegQ'"	[1.5, 3.2291666666666665, 17.25]
"b'rMT1Dc2IMjihHz-gDBIHBQ'"	[1.9827586206896552, 3.2241379310344827, 43.206896551724135]
"b'rTJDssEcvPnq5jjGzKLTlQ'"	[1.697674418604651, 3.244186046511628, 36.116279069767444]
"b'rXJyCT9XqWD431B1lp4Thg'"	[1.7075471698113207, 3.202830188679245, 40.075471698113205]
"b'rXVLgV4Og3l98OTy6N2dJw'"	[1.6770833333333333, 3.2083333333333335, 38.760416666666664]
"b'rkTFLIt_Z1bYMIuXfSyAqg'"	[1.6538461538461537, 3.3205128205128207, 58.57692307692308]
"b'rmOZm59ahqMJlfGhNg0thw'"	[1.8275862068965518, 3.3275862068965516, 34.6551724137931]
"b'rsKfxeIuEFqFVA5gj87_og'"	[1.6428571428571428, 3.25, 31.1]
"b'rtYKSdUHpQO2Nyqy1-uAsQ'"	[1.9622641509433962, 3.2358490566037736, 47.20754716981132]
"b's38vKr-DGXMXuTkUic2qoA'"	[1.7204301075268817, 3.2311827956989245, 43.74193548387097]
"b's4vsTPW-JfSuwGBL8VAzUw'"	[1.7307692307692308, 3.173076923076923, 43.11538461538461]
"b's68jDt3gdVMTG5AfSiSLTQ'"	[1.6153846153846154, 3.2637362637362637, 35.175824175824175]
"b'sDQDMrb5xez4aASZ8U5qTg'"	[1.6428571428571428, 3.2285714285714286, 30.642857142857142]
"b'sTPdrChccIZ-37G9CNUvSQ'"	[1.706896551724138, 3.2413793103448274, 49.60344827586207]
"b'sVEE_Mp3EbWW1UIhfActVA'"	[1.5405405405405406, 3.4054054054054053, 29.43243243243243]
"b'sZ1v8adjdMVq7En88x6wtQ'"	[1.712962962962963, 3.1944444444444446, 39.4537037037037]
"b'sePTDv1dGHPID7kwuNzXaA'"	[1.6338028169014085, 3.1971830985915495, 29.112676056338028]
"b'selkC1dzd9aZusu8lE4yNQ'"	[1.8148148148148149, 3.314814814814815, 36.7037037037037]
"b'sk_ukei0s48FBIirQLpXfw'"	[1.6923076923076923, 3.230769230769231, 49.957264957264954]
"b'spDZkD6cp0JUUm6ghIWHzA'"	[1.6981132075471699, 3.1792452830188678, 40.0377358490566]
"b'syRPwPqdV6h3eenuV1d6rg'"	[1.7008547008547008, 3.230769230769231, 48.598290598290596]
"b't7wcfSi4yOLXGW6FBq0W8Q'"	[1.7741935483870968, 3.3225806451612905, 32.96774193548387]
"b'tCYknqUdD-4TnEn8RtxBjw'"	[1.5769230769230769, 3.2403846153846154, 49.0]
"b'tH_ObhULoHCb1n08pbHgHQ'"	[1.6296296296296295, 3.1666666666666665, 40.7037037037037]
"b'tJ3Y8chfwruslf5TTNuTNw'"	[1.6923076923076923, 3.230769230769231, 50.256410256410255]
"b'tNJBD6CleWS821Y024GTqw'"	[1.775, 3.1625, 60.575]
"b'tOsvHZpxmyIK4Ngk8FaLJg'"	[1.6428571428571428, 3.2285714285714286, 30.928571428571427]
"b'tQ9BtMUHFr8rdpmjmayUcA'"	[1.6470588235294117, 3.223529411764706, 30.83529411764706]
"b'tQH_DyUIWYOHMD7CYg6-jQ'"	[1.5, 3.3684210526315788, 28.236842105263158]
"b'tTC2xUWC5UOqh_zuIEAYcg'"	[1.6794871794871795, 3.1923076923076925, 40.07692307692308]
"b'tUxOHYVW6e1l2frBQ7pAtA'"	[1.6972477064220184, 3.197247706422018, 38.87155963302752]
"b'tZzWHN84ifO5T7aiLFzLAw'"	[1.7166666666666666, 3.2333333333333334, 49.233333333333334]
"b'tc00Tp6qahI1vH1ZjQ2XLw'"	[1.7, 3.425, 35.7]
"b'tm2sScuCKHnzpDvXdDQ7BA'"	[1.7083333333333333, 3.2395833333333335, 43.645833333333336]
"b'tnGlFBxlYnYS8JyXrBWyLA'"	[1.6338028169014085, 3.232394366197183, 30.746478873239436]
"b'toHDiu9Jk856aBx4jgsU4g'"	[1.6842105263157894, 3.1842105263157894, 33.973684210526315]
"b'txAKid34IUd9spo6MLF_Sw'"	[1.7195121951219512, 3.231707317073171, 42.853658536585364]
"b'u23C6gXl83XN7rzCTwtFWA'"	[1.5, 3.1538461538461537, 20.923076923076923]
"b'uAPGFNU16g4A2FjDLok4Iw'"	[1.588235294117647, 3.2426470588235294, 30.294117647058822]
"b'uD5sNIRgl1MKUKtydL9kkA'"	[1.6851851851851851, 3.1944444444444446, 40.388888888888886]
"b'uFKQkN2MI1VfcW7tG7uL5g'"	[1.7027027027027026, 3.225225225225225, 46.44144144144144]
"b'uFiGYsAWSLpmVIMgDgN9mA'"	[1.6428571428571428, 3.2357142857142858, 31.12857142857143]
"b'uP2-0N59oW5lggIyvdfWkQ'"	[1.6111111111111112, 3.2152777777777777, 29.569444444444443]
"b'uVxoH84VOroNq9tR3d_48A'"	[1.7, 3.175, 34.475]
"b'udieC6Fa-XMlZhGTTF_RPQ'"	[1.8, 3.4, 33.4]
"b'un0IeQuLvXoftV9IQ_V5Nw'"	[1.6574074074074074, 3.2453703703703702, 54.03703703703704]
"b'uvWcsnk8cnSzQg9_SQaFsA'"	[1.2857142857142858, 2.9285714285714284, 25.428571428571427]
"b'uwlQWhtrqm8k7CZwrNtRsg'"	[1.6935483870967742, 3.225806451612903, 50.5]
"b'v0QLhufExBeb-DoSteAaww'"	[2.076923076923077, 3.923076923076923, 64.07692307692308]
"b'v95ot_TNwTk1iJ5n56dR0g'"	[1.6352941176470588, 3.223529411764706, 31.258823529411764]
"b'v9D2W4ahqX98jTsXsqPYXw'"	[2.0, 3.4583333333333335, 45.333333333333336]
"b'vBIugbXbkxNb5tCtck1tSg'"	[1.6338028169014085, 3.232394366197183, 30.746478873239436]
"b'vFYvsI5KK_XGWCifg8LvCQ'"	[1.6910569105691058, 3.2235772357723578, 48.983739837398375]
"b'vGpRVpq_UzXNw2UiHP_1Og'"	[1.605263157894737, 3.4078947368421053, 40.578947368421055]
"b'vGxrs041ENPaRWH435C2MA'"	[1.7755102040816326, 3.193877551020408, 57.714285714285715]
"b'vTlIUtYXdPxCk6UB746w8w'"	[1.5849056603773586, 3.2830188679245285, 47.37735849056604]
"b'vTuLwoEpZF6Rxnj2O1Pq5w'"	[1.7008547008547008, 3.2435897435897436, 50.24786324786325]
"b'vUqIE5La92aMJrY8kGgwsw'"	[1.5142857142857142, 3.2857142857142856, 29.6]
"b've4v2ewMRPBmFVF5Nhno-w'"	[1.8135593220338984, 3.3813559322033897, 46.6271186440678]
"b'vfjPOe9bzErPTq3OLMXLfg'"	[1.5925925925925926, 3.212962962962963, 46.148148148148145]
"b'vfxgy-NJlpd6mrMTZTMSBg'"	[1.5714285714285714, 3.482142857142857, 33.17857142857143]
"b'vokkwUsJoKk8PamOSs-JKA'"	[1.951219512195122, 3.292682926829268, 45.41463414634146]
"b'vw4n8QbM0600MNsyauulHw'"	[1.6031746031746033, 3.3174603174603177, 48.38095238095238]
"b'wP8yCVWN2sC5_fYMMVvpDg'"	[1.6935483870967742, 3.2016129032258065, 51.064516129032256]
"b'wR71mnXAJMVmgMBrHevndQ'"	[1.7024793388429753, 3.2355371900826446, 49.247933884297524]
"b'wRwEAAXKW6wsD6s2wBjFKQ'"	[1.6338028169014085, 3.232394366197183, 30.746478873239436]
"b'wfCNNMkeJcpWr9jj1hcdAA'"	[1.7184466019417475, 3.2135922330097086, 40.932038834951456]
"b'woeN9aLmohpUYu4NSn7IDg'"	[1.6285714285714286, 3.242857142857143, 31.085714285714285]
"b'wvCDmaEIFTCruexTLn3jXA'"	[1.6574074074074074, 3.2314814814814814, 53.99074074074074]
"b'wxROV-EDUPJ71nnAlxRA0Q'"	[1.5714285714285714, 3.414285714285714, 30.085714285714285]
"b'x689C95HU7UPfPXNL4txKQ'"	[1.697674418604651, 3.2674418604651163, 48.94186046511628]
"b'xI4IId1ZXfSflFvfbAtTVQ'"	[1.8518518518518519, 3.2777777777777777, 35.851851851851855]
"b'xLhO9n3lE23RCSoo_7d21w'"	[2.142857142857143, 3.7142857142857144, 15.428571428571429]
"b'xaqW4NkmUCGRRjmLxiFJ6Q'"	[2.0, 3.7857142857142856, 57.285714285714285]
"b'xeSE3ct_V9U3_ibcrpb3_g'"	[1.6794871794871795, 3.198717948717949, 39.15384615384615]
"b'xeo2II3qgZ0MjwnmEjCK7A'"	[1.7575757575757576, 3.196969696969697, 44.09090909090909]
"b'xiCJPHeXVaxAW4ZEt-Y0mg'"	[1.6982758620689655, 3.2456896551724137, 50.11206896551724]
"b'xjn4s7PzMw-OrxLSXdc7KA'"	[1.7130434782608697, 3.2217391304347824, 45.25217391304348]
"b'xrFL7DL5SisPMWDarg52pA'"	[1.7027027027027026, 3.225225225225225, 46.153153153153156]
"b'xsx1UD5hw4XnS4x_QKcWrw'"	[1.6916666666666667, 3.2375, 48.975]
"b'xtdvq7ILYR99zj5VRIzDcA'"	[1.7340425531914894, 3.2393617021276597, 44.234042553191486]
"b'y1uN3Tj97O9u2xCVhJuaLw'"	[1.6910569105691058, 3.2195121951219514, 48.91869918699187]
"b'y5OFXka4tt7zHQB6KkFYjQ'"	[1.7064220183486238, 3.2110091743119265, 39.07339449541284]
"b'y6HUE8dzHU-PWZ1mkVfSnA'"	[1.829268292682927, 3.182926829268293, 50.65853658536585]
"b'y76Gvmb75VdhOoxWIvUSzg'"	[1.925, 3.25, 44.95]
"b'yHIm8z6U4MAVRurRb8BuyQ'"	[1.6666666666666667, 3.2291666666666665, 39.708333333333336]
"b'yIE9RYGHEk8A9RxrSVgbdQ'"	[1.9649122807017543, 3.2280701754385963, 41.578947368421055]
"b'yJ5rA9U6nmSEUV8_j_jYHw'"	[1.7008547008547008, 3.2222222222222223, 49.46153846153846]
"b'yU5IGuiwQq9QeIHF8M75WQ'"	[1.1428571428571428, 3.0714285714285716, 33.285714285714285]
"b'y__uQsz_5q-3yXKeMRFU9Q'"	[1.7272727272727273, 3.257575757575758, 41.09090909090909]
"b'ybKhwymik8zofQTJnhGifw'"	[1.685483870967742, 3.221774193548387, 48.62903225806452]
"b'ycOoopjieoy3nxq0iRP8hQ'"	[1.7358490566037736, 3.1792452830188678, 42.660377358490564]
"b'yefjEAyoNfHj43tz_5hhHQ'"	[1.6428571428571428, 3.2285714285714286, 31.085714285714285]
"b'yehWNKDC0fXA6-nNogVTaQ'"	[1.8148148148148149, 3.314814814814815, 36.592592592592595]
"b'yiVv6EtyjrIJ34BgB_O4vA'"	[1.7115384615384615, 3.2115384615384617, 40.18269230769231]
"b'ywczsfJ5mTSIAL2PnIAKog'"	[1.6639344262295082, 3.1885245901639343, 37.52459016393443]
"b'z5V7wTtLB2QYCUWlB4rNLQ'"	[1.7037037037037037, 3.2083333333333335, 39.370370370370374]
"b'zBd5JvFWuMGlnCYLaGsXZg'"	[1.3333333333333333, 2.9583333333333335, 19.75]
"b'zCiQ61Z2Gra8TKM65qJueA'"	[1.6, 2.9, 26.2]
"b'zEp0CsZSd4tDuA1AezfPvw'"	[1.619718309859155, 3.204225352112676, 30.859154929577464]
"b'zLPs4wSjtfZxVy3WByt00g'"	[1.9649122807017543, 3.2280701754385963, 43.03508771929825]
"b'zdqvzYtIZYMCRAQRNfcKIw'"	[1.8095238095238095, 3.380952380952381, 39.904761904761905]
"b'zg7otDgxE3P0CPTzS_C9cw'"	[1.6597938144329898, 3.185567010309278, 38.154639175257735]
"b'zhE9euD7t-RlXmWk50rCxQ'"	[1.6285714285714286, 3.25, 31.0]
"b'zicAwxhq82xVIPgbRIsmNg'"	[1.78125, 3.3125, 33.3125]
"b'zkU-WMio8g6dpRJ2Y2xqvQ'"	[1.5849056603773586, 3.2264150943396226, 47.62264150943396]
"b'zs710LuQ8y10YsQHIjxjyw'"	[1.8333333333333333, 3.125, 52.166666666666664]
"b'zutMSVmRLPjEbeF8aFtSnQ'"	[1.5, 3.4078947368421053, 28.42105263157895]
"b'zxy7kNPVHsqmKKn7fmGnQA'"	[1.8604651162790697, 3.186046511627907, 54.604651162790695]
